date,away_team,home_team,away_runs,home_runs,season
2018-03-29,COL,ARI,2,8,2018
2018-03-29,NYA,TOR,6,1,2018
2018-03-29,HOU,TEX,4,1,2018
2018-03-29,BOS,TBA,4,6,2018
2018-03-29,CLE,SEA,1,2,2018
2018-03-29,CHA,KCA,14,7,2018
2018-03-29,ANA,OAK,5,6,2018
2018-03-29,MIL,SDN,2,1,2018
2018-03-29,SLN,NYN,4,9,2018
2018-03-29,CHN,MIA,8,4,2018
2018-03-29,SFN,LAN,1,0,2018
2018-03-29,PHI,ATL,5,8,2018
2018-03-29,MIN,BAL,2,3,2018
2018-03-30,ANA,OAK,2,1,2018
2018-03-30,NYA,TOR,4,2,2018
2018-03-30,HOU,TEX,1,5,2018
2018-03-30,BOS,TBA,1,0,2018
2018-03-30,PIT,DET,13,10,2018
2018-03-30,PHI,ATL,5,4,2018
2018-03-30,CHN,MIA,1,2,2018
2018-03-30,SFN,LAN,1,0,2018
2018-03-30,WAS,CIN,2,0,2018
2018-03-30,COL,ARI,8,9,2018
2018-03-30,MIL,SDN,8,6,2018
2018-03-31,CHA,KCA,4,3,2018
2018-03-31,NYA,TOR,3,5,2018
2018-03-31,HOU,TEX,9,3,2018
2018-03-31,BOS,TBA,3,2,2018
2018-03-31,CLE,SEA,6,5,2018
2018-03-31,MIN,BAL,6,2,2018
2018-03-31,ANA,OAK,8,3,2018
2018-03-31,SLN,NYN,2,6,2018
2018-03-31,CHN,MIA,10,6,2018
2018-03-31,MIL,SDN,7,3,2018
2018-03-31,SFN,LAN,0,5,2018
2018-03-31,WAS,CIN,13,7,2018
2018-03-31,PHI,ATL,2,15,2018
2018-03-31,COL,ARI,2,1,2018
2018-04-01,HOU,TEX,8,2,2018
2018-04-01,BOS,TBA,2,1,2018
2018-04-01,CLE,SEA,4,5,2018
2018-04-01,ANA,OAK,7,4,2018
2018-04-01,PIT,DET,8,6,2018
2018-04-01,NYA,TOR,4,7,2018
2018-04-01,MIN,BAL,7,0,2018
2018-04-01,SLN,NYN,5,1,2018
2018-04-01,CHN,MIA,0,6,2018
2018-04-01,SFN,LAN,0,9,2018
2018-04-01,WAS,CIN,6,5,2018
2018-04-01,PIT,DET,1,0,2018
2018-04-02,CHA,TOR,2,4,2018
2018-04-02,TEX,OAK,1,3,2018
2018-04-02,BAL,HOU,1,6,2018
2018-04-02,KCA,DET,1,6,2018
2018-04-02,CLE,ANA,6,0,2018
2018-04-02,COL,SDN,7,4,2018
2018-04-02,MIN,PIT,4,5,2018
2018-04-02,BOS,MIA,7,3,2018
2018-04-02,CHN,CIN,0,1,2018
2018-04-02,WAS,ATL,8,1,2018
2018-04-02,LAN,ARI,7,8,2018
2018-04-02,SLN,MIL,8,4,2018
2018-04-03,CLE,ANA,2,13,2018
2018-04-03,CHA,TOR,5,14,2018
2018-04-03,TEX,OAK,4,1,2018
2018-04-03,TBA,NYA,4,11,2018
2018-04-03,BAL,HOU,6,10,2018
2018-04-03,SEA,SFN,6,4,2018
2018-04-03,KCA,DET,1,0,2018
2018-04-03,PHI,NYN,0,2,2018
2018-04-03,COL,SDN,4,8,2018
2018-04-03,SLN,MIL,4,5,2018
2018-04-03,BOS,MIA,4,2,2018
2018-04-03,WAS,ATL,6,13,2018
2018-04-03,LAN,ARI,1,6,2018
2018-04-04,CHA,TOR,4,3,2018
2018-04-04,TEX,OAK,2,6,2018
2018-04-04,BAL,HOU,2,3,2018
2018-04-04,CLE,ANA,2,3,2018
2018-04-04,SEA,SFN,1,10,2018
2018-04-04,TBA,NYA,2,7,2018
2018-04-04,MIN,PIT,7,3,2018
2018-04-04,PHI,NYN,2,4,2018
2018-04-04,SLN,MIL,6,0,2018
2018-04-04,WAS,ATL,1,7,2018
2018-04-04,LAN,ARI,0,3,2018
2018-04-04,COL,SDN,5,2,2018
2018-04-05,TEX,OAK,6,3,2018
2018-04-05,BAL,NYA,5,2,2018
2018-04-05,SEA,MIN,2,4,2018
2018-04-05,DET,CHA,9,7,2018
2018-04-05,TBA,BOS,2,3,2018
2018-04-05,COL,SDN,3,1,2018
2018-04-05,ARI,SLN,3,1,2018
2018-04-05,CIN,PIT,2,5,2018
2018-04-05,MIA,PHI,0,5,2018
2018-04-05,CHN,MIL,8,0,2018
2018-04-05,NYN,WAS,8,2,2018
2018-04-06,SDN,HOU,4,1,2018
2018-04-06,TOR,TEX,8,5,2018
2018-04-06,KCA,CLE,2,3,2018
2018-04-06,BAL,NYA,7,3,2018
2018-04-06,CIN,PIT,3,14,2018
2018-04-06,CHN,MIL,4,5,2018
2018-04-06,ATL,COL,8,3,2018
2018-04-06,OAK,ANA,9,13,2018
2018-04-07,TOR,TEX,1,5,2018
2018-04-07,BAL,NYA,3,8,2018
2018-04-07,SEA,MIN,11,4,2018
2018-04-07,SDN,HOU,0,1,2018
2018-04-07,KCA,CLE,1,0,2018
2018-04-07,DET,CHA,6,1,2018
2018-04-07,OAK,ANA,7,3,2018
2018-04-07,TBA,BOS,3,10,2018
2018-04-07,ARI,SLN,3,5,2018
2018-04-07,LAN,SFN,5,7,2018
2018-04-07,CIN,PIT,7,4,2018
2018-04-07,MIA,PHI,1,20,2018
2018-04-07,CHN,MIL,5,2,2018
2018-04-07,ATL,COL,2,3,2018
2018-04-07,NYN,WAS,3,2,2018
2018-04-08,TBA,BOS,7,8,2018
2018-04-08,TOR,TEX,7,4,2018
2018-04-08,BAL,NYA,8,7,2018
2018-04-08,SDN,HOU,1,4,2018
2018-04-08,KCA,CLE,1,3,2018
2018-04-08,DET,CHA,1,0,2018
2018-04-08,OAK,ANA,1,6,2018
2018-04-08,ATL,COL,4,0,2018
2018-04-08,ARI,SLN,4,1,2018
2018-04-08,LAN,SFN,2,1,2018
2018-04-08,CIN,PIT,0,5,2018
2018-04-08,MIA,PHI,6,3,2018
2018-04-08,CHN,MIL,3,0,2018
2018-04-08,NYN,WAS,6,5,2018
2018-04-09,TBA,CHA,5,4,2018
2018-04-09,ANA,TEX,8,3,2018
2018-04-09,HOU,MIN,2,0,2018
2018-04-09,SEA,KCA,0,10,2018
2018-04-09,DET,CLE,0,2,2018
2018-04-09,TOR,BAL,7,1,2018
2018-04-09,CIN,PHI,5,6,2018
2018-04-09,MIL,SLN,5,4,2018
2018-04-09,ARI,SFN,2,1,2018
2018-04-09,ATL,WAS,0,2,2018
2018-04-09,NYN,MIA,4,2,2018
2018-04-09,SDN,COL,7,6,2018
2018-04-10,ANA,TEX,11,1,2018
2018-04-10,HOU,MIN,1,4,2018
2018-04-10,SEA,KCA,8,3,2018
2018-04-10,DET,CLE,1,2,2018
2018-04-10,TBA,CHA,6,5,2018
2018-04-10,NYA,BOS,1,14,2018
2018-04-10,ATL,WAS,1,4,2018
2018-04-10,TOR,BAL,2,1,2018
2018-04-10,ARI,SFN,4,5,2018
2018-04-10,CIN,PHI,1,6,2018
2018-04-10,NYN,MIA,8,6,2018
2018-04-10,OAK,LAN,0,4,2018
2018-04-10,SDN,COL,5,2,2018
2018-04-10,PIT,CHN,8,5,2018
2018-04-10,MIL,SLN,3,5,2018
2018-04-11,TOR,BAL,3,5,2018
2018-04-11,ANA,TEX,7,2,2018
2018-04-11,HOU,MIN,8,9,2018
2018-04-11,SEA,KCA,4,2,2018
2018-04-11,DET,CLE,1,5,2018
2018-04-11,NYA,BOS,10,7,2018
2018-04-11,ATL,WAS,5,3,2018
2018-04-11,TBA,CHA,1,2,2018
2018-04-11,ARI,SFN,7,3,2018
2018-04-11,CIN,PHI,3,4,2018
2018-04-11,MIL,SLN,3,2,2018
2018-04-11,NYN,MIA,4,1,2018
2018-04-11,OAK,LAN,16,6,2018
2018-04-11,SDN,COL,4,6,2018
2018-04-11,PIT,CHN,5,13,2018
2018-04-12,CHA,MIN,0,4,2018
2018-04-12,ANA,KCA,7,1,2018
2018-04-12,DET,CLE,3,9,2018
2018-04-12,NYA,BOS,3,6,2018
2018-04-12,COL,WAS,5,1,2018
2018-04-12,SFN,SDN,7,0,2018
2018-04-12,SLN,CIN,13,4,2018
2018-04-12,PIT,CHN,6,1,2018
2018-04-13,OAK,SEA,4,7,2018
2018-04-13,PHI,TBA,2,1,2018
2018-04-13,ANA,KCA,5,4,2018
2018-04-13,TEX,HOU,2,3,2018
2018-04-13,NYA,DET,8,6,2018
2018-04-13,TOR,CLE,8,4,2018
2018-04-13,BAL,BOS,3,7,2018
2018-04-13,SLN,CIN,5,3,2018
2018-04-13,SFN,SDN,1,5,2018
2018-04-13,MIL,NYN,5,6,2018
2018-04-13,PIT,MIA,2,7,2018
2018-04-13,ARI,LAN,8,7,2018
2018-04-13,ATL,CHN,4,0,2018
2018-04-13,COL,WAS,2,1,2018
2018-04-14,BAL,BOS,3,10,2018
2018-04-14,OAK,SEA,8,10,2018
2018-04-14,PHI,TBA,9,4,2018
2018-04-14,TEX,HOU,6,5,2018
2018-04-14,COL,WAS,2,6,2018
2018-04-14,ANA,KCA,5,3,2018
2018-04-14,MIL,NYN,5,1,2018
2018-04-14,PIT,MIA,1,0,2018
2018-04-14,ARI,LAN,9,1,2018
2018-04-14,SLN,CIN,6,1,2018
2018-04-14,ATL,CHN,10,14,2018
2018-04-14,SFN,SDN,4,5,2018
2018-04-15,OAK,SEA,2,1,2018
2018-04-15,TEX,HOU,3,1,2018
2018-04-15,BAL,BOS,1,3,2018
2018-04-15,COL,WAS,6,5,2018
2018-04-15,PHI,TBA,10,4,2018
2018-04-15,MIL,NYN,2,3,2018
2018-04-15,PIT,MIA,7,3,2018
2018-04-15,ARI,LAN,2,7,2018
2018-04-15,SLN,CIN,3,2,2018
2018-04-15,SFN,SDN,1,10,2018
2018-04-16,TEX,TBA,4,8,2018
2018-04-16,HOU,SEA,1,2,2018
2018-04-16,CHA,OAK,1,8,2018
2018-04-16,LAN,SDN,10,3,2018
2018-04-16,MIA,NYA,1,12,2018
2018-04-16,WAS,NYN,8,6,2018
2018-04-16,CIN,MIL,10,4,2018
2018-04-16,PHI,ATL,1,2,2018
2018-04-16,COL,PIT,6,2,2018
2018-04-17,KCA,TOR,4,5,2018
2018-04-17,KCA,TOR,3,11,2018
2018-04-17,TEX,TBA,7,2,2018
2018-04-17,HOU,SEA,4,1,2018
2018-04-17,CHA,OAK,2,10,2018
2018-04-17,MIA,NYA,9,1,2018
2018-04-17,BAL,DET,2,4,2018
2018-04-17,CLE,MIN,6,1,2018
2018-04-17,LAN,SDN,7,3,2018
2018-04-17,COL,PIT,2,0,2018
2018-04-17,WAS,NYN,5,2,2018
2018-04-17,CIN,MIL,0,2,2018
2018-04-17,SLN,CHN,5,3,2018
2018-04-17,PHI,ATL,5,1,2018
2018-04-17,SFN,ARI,0,1,2018
2018-04-17,BOS,ANA,10,1,2018
2018-04-18,KCA,TOR,5,15,2018
2018-04-18,TEX,TBA,2,4,2018
2018-04-18,CHA,OAK,11,12,2018
2018-04-18,CLE,MIN,1,2,2018
2018-04-18,BAL,DET,5,6,2018
2018-04-18,BOS,ANA,9,0,2018
2018-04-18,HOU,SEA,7,1,2018
2018-04-18,COL,PIT,2,10,2018
2018-04-18,WAS,NYN,5,11,2018
2018-04-18,CIN,MIL,0,2,2018
2018-04-18,PHI,ATL,3,7,2018
2018-04-18,SFN,ARI,4,3,2018
2018-04-18,LAN,SDN,13,4,2018
2018-04-19,HOU,SEA,9,2,2018
2018-04-19,TOR,NYA,3,4,2018
2018-04-19,BAL,DET,8,13,2018
2018-04-19,BOS,ANA,8,2,2018
2018-04-19,PIT,PHI,0,7,2018
2018-04-19,SLN,CHN,5,8,2018
2018-04-19,NYN,ATL,4,12,2018
2018-04-19,SFN,ARI,1,3,2018
2018-04-19,MIA,MIL,3,12,2018
2018-04-20,HOU,CHA,10,0,2018
2018-04-20,SEA,TEX,6,2,2018
2018-04-20,MIN,TBA,7,8,2018
2018-04-20,BOS,OAK,7,3,2018
2018-04-20,TOR,NYA,8,5,2018
2018-04-20,KCA,DET,3,2,2018
2018-04-20,CLE,BAL,1,3,2018
2018-04-20,KCA,DET,2,3,2018
2018-04-20,CIN,SLN,2,4,2018
2018-04-20,PIT,PHI,1,2,2018
2018-04-20,SFN,ANA,8,1,2018
2018-04-20,MIA,MIL,0,8,2018
2018-04-20,WAS,LAN,5,2,2018
2018-04-20,CHN,COL,16,5,2018
2018-04-20,NYN,ATL,5,3,2018
2018-04-20,SDN,ARI,4,1,2018
2018-04-21,SEA,TEX,9,7,2018
2018-04-21,MIN,TBA,1,10,2018
2018-04-21,BOS,OAK,0,3,2018
2018-04-21,TOR,NYA,1,9,2018
2018-04-21,KCA,DET,4,12,2018
2018-04-21,HOU,CHA,10,1,2018
2018-04-21,CLE,BAL,4,0,2018
2018-04-21,CIN,SLN,3,4,2018
2018-04-21,PIT,PHI,2,6,2018
2018-04-21,MIA,MIL,5,6,2018
2018-04-21,WAS,LAN,0,4,2018
2018-04-21,CHN,COL,2,5,2018
2018-04-21,NYN,ATL,3,4,2018
2018-04-21,SDN,ARI,2,6,2018
2018-04-21,SFN,ANA,3,4,2018
2018-04-22,HOU,CHA,7,1,2018
2018-04-22,SEA,TEX,4,7,2018
2018-04-22,MIN,TBA,6,8,2018
2018-04-22,BOS,OAK,1,4,2018
2018-04-22,TOR,NYA,1,5,2018
2018-04-22,CLE,BAL,7,3,2018
2018-04-22,KCA,DET,8,5,2018
2018-04-22,CIN,SLN,2,9,2018
2018-04-22,PIT,PHI,2,3,2018
2018-04-22,SFN,ANA,4,2,2018
2018-04-22,MIA,MIL,2,4,2018
2018-04-22,WAS,LAN,3,4,2018
2018-04-22,CHN,COL,9,7,2018
2018-04-22,SDN,ARI,2,4,2018
2018-04-23,OAK,TEX,9,4,2018
2018-04-23,MIN,NYA,1,14,2018
2018-04-23,ANA,HOU,2,0,2018
2018-04-23,SEA,CHA,4,10,2018
2018-04-23,WAS,SFN,2,4,2018
2018-04-23,MIA,LAN,1,2,2018
2018-04-23,SDN,COL,13,5,2018
2018-04-23,ATL,CIN,4,10,2018
2018-04-23,CLE,BAL,2,1,2018
2018-04-24,ANA,HOU,8,7,2018
2018-04-24,OAK,TEX,3,2,2018
2018-04-24,BOS,TOR,3,4,2018
2018-04-24,MIN,NYA,3,8,2018
2018-04-24,MIL,KCA,5,2,2018
2018-04-24,CHN,CLE,10,3,2018
2018-04-24,SDN,COL,0,8,2018
2018-04-24,NYN,SLN,6,5,2018
2018-04-24,WAS,SFN,3,4,2018
2018-04-24,ARI,PHI,8,4,2018
2018-04-24,MIA,LAN,3,2,2018
2018-04-24,ATL,CIN,7,9,2018
2018-04-24,SEA,CHA,1,0,2018
2018-04-25,CHN,CLE,1,4,2018
2018-04-25,BOS,TOR,4,3,2018
2018-04-25,OAK,TEX,2,4,2018
2018-04-25,MIN,NYA,4,7,2018
2018-04-25,MIL,KCA,6,2,2018
2018-04-25,ANA,HOU,2,5,2018
2018-04-25,TBA,BAL,8,4,2018
2018-04-25,SEA,CHA,4,3,2018
2018-04-25,WAS,SFN,15,2,2018
2018-04-25,NYN,SLN,1,9,2018
2018-04-25,DET,PIT,3,8,2018
2018-04-25,DET,PIT,13,10,2018
2018-04-25,ARI,PHI,3,5,2018
2018-04-25,MIA,LAN,8,6,2018
2018-04-25,SDN,COL,2,5,2018
2018-04-25,ATL,CIN,5,4,2018
2018-04-26,BOS,TOR,5,4,2018
2018-04-26,MIN,NYA,3,4,2018
2018-04-26,CHA,KCA,6,3,2018
2018-04-26,SEA,CLE,5,4,2018
2018-04-26,TBA,BAL,9,5,2018
2018-04-26,NYN,SLN,3,4,2018
2018-04-26,DET,PIT,0,1,2018
2018-04-26,ARI,PHI,8,2,2018
2018-04-26,ATL,CIN,7,4,2018
2018-04-26,MIL,CHN,0,1,2018
2018-04-27,TEX,TOR,6,4,2018
2018-04-27,CIN,MIN,15,9,2018
2018-04-27,CHA,KCA,7,4,2018
2018-04-27,OAK,HOU,8,1,2018
2018-04-27,SEA,CLE,5,6,2018
2018-04-27,TBA,BOS,4,3,2018
2018-04-27,DET,BAL,0,6,2018
2018-04-27,ATL,PHI,3,7,2018
2018-04-27,ARI,WAS,5,4,2018
2018-04-27,LAN,SFN,4,6,2018
2018-04-27,NYN,SDN,5,1,2018
2018-04-27,SLN,PIT,5,6,2018
2018-04-27,COL,MIA,1,0,2018
2018-04-27,MIL,CHN,2,3,2018
2018-04-27,NYA,ANA,4,3,2018
2018-04-28,TBA,BOS,12,6,2018
2018-04-28,CIN,MIN,1,3,2018
2018-04-28,TEX,TOR,7,4,2018
2018-04-28,CHA,KCA,2,5,2018
2018-04-28,CHA,KCA,8,0,2018
2018-04-28,OAK,HOU,0,11,2018
2018-04-28,SEA,CLE,12,4,2018
2018-04-28,DET,BAL,9,5,2018
2018-04-28,COL,MIA,1,4,2018
2018-04-28,ARI,WAS,4,3,2018
2018-04-28,LAN,SFN,3,8,2018
2018-04-28,LAN,SFN,15,6,2018
2018-04-28,NYN,SDN,2,12,2018
2018-04-28,SLN,PIT,2,6,2018
2018-04-28,ATL,PHI,4,1,2018
2018-04-28,MIL,CHN,0,3,2018
2018-04-28,NYA,ANA,11,1,2018
2018-04-29,TEX,TOR,2,7,2018
2018-04-29,CIN,MIN,8,2,2018
2018-04-29,CHA,KCA,4,5,2018
2018-04-29,OAK,HOU,4,8,2018
2018-04-29,SEA,CLE,10,4,2018
2018-04-29,TBA,BOS,3,4,2018
2018-04-29,DET,BAL,3,5,2018
2018-04-29,LAN,SFN,2,4,2018
2018-04-29,ARI,WAS,1,3,2018
2018-04-29,NYN,SDN,14,2,2018
2018-04-29,SLN,PIT,0,5,2018
2018-04-29,ATL,PHI,10,1,2018
2018-04-29,COL,MIA,0,3,2018
2018-04-29,MIL,CHN,0,2,2018
2018-04-29,NYA,ANA,2,1,2018
2018-04-30,KCA,BOS,6,10,2018
2018-04-30,NYA,HOU,1,2,2018
2018-04-30,TOR,MIN,7,5,2018
2018-04-30,TEX,CLE,5,7,2018
2018-04-30,PIT,WAS,2,3,2018
2018-04-30,TBA,DET,3,2,2018
2018-04-30,PHI,MIA,4,8,2018
2018-04-30,MIL,CIN,6,5,2018
2018-04-30,COL,CHN,2,3,2018
2018-04-30,LAN,ARI,5,8,2018
2018-04-30,SDN,SFN,5,6,2018
2018-05-01,OAK,SEA,3,6,2018
2018-05-01,TOR,MIN,7,4,2018
2018-05-01,NYA,HOU,4,0,2018
2018-05-01,TBA,DET,1,2,2018
2018-05-01,TEX,CLE,8,6,2018
2018-05-01,KCA,BOS,7,6,2018
2018-05-01,PIT,WAS,4,12,2018
2018-05-01,BAL,ANA,2,3,2018
2018-05-01,SDN,SFN,3,2,2018
2018-05-01,ATL,NYN,3,2,2018
2018-05-01,PHI,MIA,1,2,2018
2018-05-01,MIL,CIN,7,6,2018
2018-05-01,COL,CHN,3,1,2018
2018-05-01,LAN,ARI,3,4,2018
2018-05-01,CHA,SLN,2,3,2018
2018-05-02,BAL,ANA,7,10,2018
2018-05-02,OAK,SEA,3,2,2018
2018-05-02,NYA,HOU,4,0,2018
2018-05-02,TBA,DET,2,3,2018
2018-05-02,TEX,CLE,4,12,2018
2018-05-02,KCA,BOS,4,5,2018
2018-05-02,PIT,WAS,3,9,2018
2018-05-02,TOR,MIN,0,4,2018
2018-05-02,SDN,SFN,4,9,2018
2018-05-02,ATL,NYN,7,0,2018
2018-05-02,PHI,MIA,6,0,2018
2018-05-02,MIL,CIN,3,1,2018
2018-05-02,COL,CHN,11,2,2018
2018-05-02,CHA,SLN,2,3,2018
2018-05-02,LAN,ARI,2,1,2018
2018-05-03,BOS,TEX,5,11,2018
2018-05-03,OAK,SEA,1,4,2018
2018-05-03,DET,KCA,6,10,2018
2018-05-03,NYA,HOU,6,5,2018
2018-05-03,TOR,CLE,4,13,2018
2018-05-03,TOR,CLE,13,11,2018
2018-05-03,MIN,CHA,5,6,2018
2018-05-03,BAL,ANA,3,12,2018
2018-05-03,PIT,WAS,1,3,2018
2018-05-03,ATL,NYN,11,0,2018
2018-05-03,LAN,ARI,5,2,2018
2018-05-04,TOR,TBA,2,6,2018
2018-05-04,BOS,TEX,5,1,2018
2018-05-04,ANA,SEA,5,0,2018
2018-05-04,BAL,OAK,4,6,2018
2018-05-04,CLE,NYA,6,7,2018
2018-05-04,DET,KCA,2,4,2018
2018-05-04,MIN,CHA,6,4,2018
2018-05-04,SFN,ATL,9,4,2018
2018-05-04,CHN,SLN,2,3,2018
2018-05-04,LAN,SDN,4,0,2018
2018-05-04,COL,NYN,8,7,2018
2018-05-04,PIT,MIL,6,4,2018
2018-05-04,MIA,CIN,1,4,2018
2018-05-04,HOU,ARI,8,0,2018
2018-05-04,PHI,WAS,3,7,2018
2018-05-05,MIN,CHA,8,4,2018
2018-05-05,TOR,TBA,3,5,2018
2018-05-05,ANA,SEA,8,9,2018
2018-05-05,BAL,OAK,0,2,2018
2018-05-05,BOS,TEX,6,5,2018
2018-05-05,DET,KCA,3,2,2018
2018-05-05,PHI,WAS,3,1,2018
2018-05-05,CLE,NYA,2,5,2018
2018-05-05,LAN,SDN,4,7,2018
2018-05-05,HOU,ARI,3,4,2018
2018-05-05,SFN,ATL,11,2,2018
2018-05-05,CHN,SLN,6,8,2018
2018-05-05,PIT,MIL,3,5,2018
2018-05-05,COL,NYN,2,0,2018
2018-05-05,MIA,CIN,6,0,2018
2018-05-06,BOS,TEX,6,1,2018
2018-05-06,TOR,TBA,2,1,2018
2018-05-06,BAL,OAK,1,2,2018
2018-05-06,DET,KCA,2,4,2018
2018-05-06,MIN,CHA,5,3,2018
2018-05-06,PHI,WAS,4,5,2018
2018-05-06,ANA,SEA,8,2,2018
2018-05-06,LAN,SDN,0,3,2018
2018-05-06,CHN,SLN,3,4,2018
2018-05-06,HOU,ARI,1,3,2018
2018-05-06,SFN,ATL,4,3,2018
2018-05-06,CLE,NYA,4,7,2018
2018-05-06,PIT,MIL,9,0,2018
2018-05-06,MIA,CIN,8,5,2018
2018-05-06,COL,NYN,3,2,2018
2018-05-07,HOU,OAK,16,2,2018
2018-05-07,DET,TEX,6,7,2018
2018-05-07,MIN,SLN,6,0,2018
2018-05-07,SFN,PHI,0,11,2018
2018-05-07,NYN,CIN,7,6,2018
2018-05-07,MIA,CHN,2,14,2018
2018-05-07,WAS,SDN,8,5,2018
2018-05-08,SEA,TOR,5,0,2018
2018-05-08,DET,TEX,7,4,2018
2018-05-08,ATL,TBA,1,0,2018
2018-05-08,HOU,OAK,4,2,2018
2018-05-08,BOS,NYA,2,3,2018
2018-05-08,PIT,CHA,10,6,2018
2018-05-08,KCA,BAL,15,7,2018
2018-05-08,MIN,SLN,7,1,2018
2018-05-08,SFN,PHI,2,4,2018
2018-05-08,CLE,MIL,2,3,2018
2018-05-08,ARI,LAN,8,5,2018
2018-05-08,ANA,COL,2,4,2018
2018-05-08,NYN,CIN,2,7,2018
2018-05-08,MIA,CHN,3,4,2018
2018-05-08,WAS,SDN,4,0,2018
2018-05-09,SEA,TOR,2,5,2018
2018-05-09,DET,TEX,4,5,2018
2018-05-09,HOU,OAK,4,1,2018
2018-05-09,BOS,NYA,6,9,2018
2018-05-09,PIT,CHA,6,5,2018
2018-05-09,KCA,BAL,3,5,2018
2018-05-09,ATL,TBA,5,2,2018
2018-05-09,SFN,PHI,3,11,2018
2018-05-09,CLE,MIL,6,2,2018
2018-05-09,ARI,LAN,3,6,2018
2018-05-09,ANA,COL,8,0,2018
2018-05-09,NYN,CIN,1,2,2018
2018-05-09,MIA,CHN,4,13,2018
2018-05-09,WAS,SDN,1,2,2018
2018-05-10,SEA,TOR,9,3,2018
2018-05-10,BOS,NYA,5,4,2018
2018-05-10,KCA,BAL,6,11,2018
2018-05-10,MIN,ANA,4,7,2018
2018-05-10,SLN,SDN,2,1,2018
2018-05-10,SFN,PHI,3,6,2018
2018-05-10,CIN,LAN,4,1,2018
2018-05-10,MIL,COL,5,2,2018
2018-05-10,WAS,ARI,2,1,2018
2018-05-10,ATL,MIA,9,2,2018
2018-05-11,TBA,BAL,4,9,2018
2018-05-11,BOS,TOR,3,5,2018
2018-05-11,OAK,NYA,10,5,2018
2018-05-11,TEX,HOU,1,0,2018
2018-05-11,KCA,CLE,10,9,2018
2018-05-11,MIN,ANA,5,4,2018
2018-05-11,SLN,SDN,9,5,2018
2018-05-11,SFN,PIT,2,11,2018
2018-05-11,NYN,PHI,3,1,2018
2018-05-11,ATL,MIA,3,6,2018
2018-05-11,CIN,LAN,6,2,2018
2018-05-11,MIL,COL,11,10,2018
2018-05-11,CHA,CHN,2,11,2018
2018-05-11,WAS,ARI,3,1,2018
2018-05-12,BOS,TOR,5,2,2018
2018-05-12,OAK,NYA,6,7,2018
2018-05-12,TEX,HOU,1,6,2018
2018-05-12,SEA,DET,9,5,2018
2018-05-12,SEA,DET,3,4,2018
2018-05-12,KCA,CLE,2,6,2018
2018-05-12,TBA,BAL,10,3,2018
2018-05-12,TBA,BAL,3,6,2018
2018-05-12,MIN,ANA,5,3,2018
2018-05-12,SLN,SDN,1,2,2018
2018-05-12,SFN,PIT,5,6,2018
2018-05-12,ATL,MIA,10,5,2018
2018-05-12,CIN,LAN,5,3,2018
2018-05-12,MIL,COL,0,4,2018
2018-05-12,CHA,CHN,4,8,2018
2018-05-12,WAS,ARI,2,1,2018
2018-05-13,BOS,TOR,5,3,2018
2018-05-13,OAK,NYA,2,6,2018
2018-05-13,TEX,HOU,1,6,2018
2018-05-13,SEA,DET,4,5,2018
2018-05-13,TBA,BAL,1,17,2018
2018-05-13,SLN,SDN,3,5,2018
2018-05-13,KCA,CLE,2,11,2018
2018-05-13,NYN,PHI,2,4,2018
2018-05-13,SFN,PIT,5,0,2018
2018-05-13,WAS,ARI,6,4,2018
2018-05-13,CHA,CHN,5,3,2018
2018-05-13,MIL,COL,7,3,2018
2018-05-13,MIN,ANA,1,2,2018
2018-05-13,ATL,MIA,4,3,2018
2018-05-13,CIN,LAN,5,3,2018
2018-05-14,SEA,MIN,1,0,2018
2018-05-14,TBA,KCA,2,1,2018
2018-05-14,OAK,BOS,6,5,2018
2018-05-14,HOU,ANA,1,2,2018
2018-05-14,CLE,DET,3,6,2018
2018-05-14,COL,SDN,6,4,2018
2018-05-14,ATL,CHN,6,5,2018
2018-05-14,MIL,ARI,7,2,2018
2018-05-14,CIN,SFN,7,10,2018
2018-05-15,HOU,ANA,5,3,2018
2018-05-15,TEX,SEA,8,9,2018
2018-05-15,SLN,MIN,1,4,2018
2018-05-15,TBA,KCA,6,5,2018
2018-05-15,CLE,DET,8,9,2018
2018-05-15,OAK,BOS,5,3,2018
2018-05-15,NYA,WAS,3,5,2018
2018-05-15,LAN,MIA,2,4,2018
2018-05-15,COL,SDN,0,4,2018
2018-05-15,CHA,PIT,0,7,2018
2018-05-15,TOR,NYN,2,12,2018
2018-05-15,CHN,ATL,3,2,2018
2018-05-15,MIL,ARI,1,2,2018
2018-05-15,CIN,SFN,3,5,2018
2018-05-16,TBA,KCA,5,3,2018
2018-05-16,CLE,DET,6,0,2018
2018-05-16,SLN,MIN,7,5,2018
2018-05-16,OAK,BOS,4,6,2018
2018-05-16,TEX,SEA,5,1,2018
2018-05-16,PHI,BAL,4,1,2018
2018-05-16,CIN,SFN,6,3,2018
2018-05-16,HOU,ANA,2,0,2018
2018-05-16,CHA,PIT,2,3,2018
2018-05-16,TOR,NYN,12,1,2018
2018-05-16,LAN,MIA,5,6,2018
2018-05-16,CHN,ATL,1,4,2018
2018-05-16,MIL,ARI,8,2,2018
2018-05-17,OAK,TOR,10,5,2018
2018-05-17,DET,SEA,3,2,2018
2018-05-17,TEX,CHA,2,4,2018
2018-05-17,BAL,BOS,2,6,2018
2018-05-17,TBA,ANA,7,1,2018
2018-05-17,PHI,SLN,6,2,2018
2018-05-17,COL,SFN,5,3,2018
2018-05-17,SDN,PIT,4,5,2018
2018-05-17,LAN,MIA,7,0,2018
2018-05-18,OAK,TOR,3,1,2018
2018-05-18,DET,SEA,4,5,2018
2018-05-18,MIL,MIN,8,3,2018
2018-05-18,NYA,KCA,2,5,2018
2018-05-18,CLE,HOU,1,4,2018
2018-05-18,TEX,CHA,12,5,2018
2018-05-18,BAL,BOS,7,4,2018
2018-05-18,SDN,PIT,3,2,2018
2018-05-18,PHI,SLN,4,12,2018
2018-05-18,COL,SFN,6,1,2018
2018-05-18,ARI,NYN,1,3,2018
2018-05-18,CHN,CIN,8,1,2018
2018-05-18,TBA,ANA,8,3,2018
2018-05-18,MIA,ATL,2,0,2018
2018-05-19,TEX,CHA,3,5,2018
2018-05-19,NYA,KCA,8,3,2018
2018-05-19,CLE,HOU,5,4,2018
2018-05-19,ARI,NYN,4,5,2018
2018-05-19,DET,SEA,2,7,2018
2018-05-19,OAK,TOR,5,4,2018
2018-05-19,BAL,BOS,3,6,2018
2018-05-19,MIL,MIN,5,4,2018
2018-05-19,TBA,ANA,5,3,2018
2018-05-19,CHN,CIN,4,5,2018
2018-05-19,LAN,WAS,4,1,2018
2018-05-19,PHI,SLN,7,6,2018
2018-05-19,COL,SFN,4,9,2018
2018-05-19,SDN,PIT,6,2,2018
2018-05-19,CHN,CIN,10,0,2018
2018-05-19,MIA,ATL,1,8,2018
2018-05-19,LAN,WAS,5,4,2018
2018-05-20,DET,SEA,2,3,2018
2018-05-20,MIL,MIN,1,3,2018
2018-05-20,NYA,KCA,10,1,2018
2018-05-20,CLE,HOU,1,3,2018
2018-05-20,TEX,CHA,0,3,2018
2018-05-20,BAL,BOS,0,5,2018
2018-05-20,TBA,ANA,2,5,2018
2018-05-20,COL,SFN,5,9,2018
2018-05-20,PHI,SLN,1,5,2018
2018-05-20,SDN,PIT,8,5,2018
2018-05-20,ARI,NYN,1,4,2018
2018-05-20,CHN,CIN,6,1,2018
2018-05-20,MIA,ATL,9,10,2018
2018-05-20,OAK,TOR,9,2,2018
2018-05-20,LAN,WAS,7,2,2018
2018-05-21,DET,MIN,2,4,2018
2018-05-21,SDN,WAS,2,10,2018
2018-05-21,NYA,TEX,10,5,2018
2018-05-21,KCA,SLN,0,6,2018
2018-05-21,BAL,CHA,3,2,2018
2018-05-21,MIA,NYN,0,2,2018
2018-05-21,ARI,MIL,2,4,2018
2018-05-21,COL,LAN,2,1,2018
2018-05-21,ATL,PHI,0,3,2018
2018-05-22,ANA,TOR,3,5,2018
2018-05-22,NYA,TEX,4,6,2018
2018-05-22,BOS,TBA,4,2,2018
2018-05-22,SEA,OAK,3,2,2018
2018-05-22,SFN,HOU,2,11,2018
2018-05-22,DET,MIN,0,6,2018
2018-05-22,BAL,CHA,2,3,2018
2018-05-22,ARI,MIL,0,1,2018
2018-05-22,KCA,SLN,5,1,2018
2018-05-22,ATL,PHI,3,1,2018
2018-05-22,MIA,NYN,5,1,2018
2018-05-22,COL,LAN,3,5,2018
2018-05-22,PIT,CIN,2,7,2018
2018-05-22,CLE,CHN,10,1,2018
2018-05-22,SDN,WAS,1,2,2018
2018-05-23,ANA,TOR,5,4,2018
2018-05-23,NYA,TEX,10,12,2018
2018-05-23,BOS,TBA,4,1,2018
2018-05-23,DET,MIN,4,1,2018
2018-05-23,SFN,HOU,1,4,2018
2018-05-23,BAL,CHA,1,11,2018
2018-05-23,SDN,WAS,3,1,2018
2018-05-23,SEA,OAK,1,0,2018
2018-05-23,ATL,PHI,0,4,2018
2018-05-23,MIA,NYN,2,1,2018
2018-05-23,ARI,MIL,2,9,2018
2018-05-23,COL,LAN,0,3,2018
2018-05-23,PIT,CIN,5,4,2018
2018-05-23,CLE,CHN,1,0,2018
2018-05-23,KCA,SLN,5,2,2018
2018-05-24,ANA,TOR,8,1,2018
2018-05-24,KCA,TEX,8,2,2018
2018-05-24,BOS,TBA,3,6,2018
2018-05-24,SEA,OAK,3,4,2018
2018-05-24,HOU,CLE,8,2,2018
2018-05-24,NYN,MIL,5,0,2018
2018-05-24,PIT,CIN,4,5,2018
2018-05-24,BAL,CHA,9,3,2018
2018-05-25,CHA,DET,4,5,2018
2018-05-25,KCA,TEX,4,8,2018
2018-05-25,BAL,TBA,2,0,2018
2018-05-25,MIN,SEA,1,2,2018
2018-05-25,ARI,OAK,7,1,2018
2018-05-25,ANA,NYA,1,2,2018
2018-05-25,HOU,CLE,11,2,2018
2018-05-25,WAS,MIA,9,5,2018
2018-05-25,SLN,PIT,1,8,2018
2018-05-25,TOR,PHI,6,5,2018
2018-05-25,NYN,MIL,3,4,2018
2018-05-25,SDN,LAN,1,4,2018
2018-05-25,CIN,COL,4,5,2018
2018-05-25,SFN,CHN,2,6,2018
2018-05-25,ATL,BOS,2,6,2018
2018-05-26,KCA,TEX,3,4,2018
2018-05-26,BAL,TBA,1,5,2018
2018-05-26,MIN,SEA,3,4,2018
2018-05-26,ARI,OAK,0,3,2018
2018-05-26,ANA,NYA,11,4,2018
2018-05-26,CHA,DET,8,4,2018
2018-05-26,HOU,CLE,6,8,2018
2018-05-26,ATL,BOS,6,8,2018
2018-05-26,TOR,PHI,1,2,2018
2018-05-26,NYN,MIL,6,17,2018
2018-05-26,WAS,MIA,4,1,2018
2018-05-26,SDN,LAN,7,5,2018
2018-05-26,CIN,COL,6,5,2018
2018-05-26,SFN,CHN,5,4,2018
2018-05-26,SLN,PIT,4,1,2018
2018-05-27,CHA,DET,2,3,2018
2018-05-27,BAL,TBA,3,8,2018
2018-05-27,MIN,SEA,1,3,2018
2018-05-27,KCA,TEX,5,3,2018
2018-05-27,ARI,OAK,1,2,2018
2018-05-27,ANA,NYA,1,3,2018
2018-05-27,HOU,CLE,9,10,2018
2018-05-27,SDN,LAN,1,6,2018
2018-05-27,SLN,PIT,6,4,2018
2018-05-27,TOR,PHI,5,3,2018
2018-05-27,NYN,MIL,7,8,2018
2018-05-27,WAS,MIA,5,2,2018
2018-05-27,CIN,COL,2,8,2018
2018-05-27,SFN,CHN,3,8,2018
2018-05-27,ATL,BOS,7,1,2018
2018-05-28,TEX,SEA,1,2,2018
2018-05-28,TBA,OAK,1,0,2018
2018-05-28,HOU,NYA,5,1,2018
2018-05-28,MIN,KCA,8,5,2018
2018-05-28,ANA,DET,3,9,2018
2018-05-28,CHA,CLE,6,9,2018
2018-05-28,TOR,BOS,3,8,2018
2018-05-28,WAS,BAL,6,0,2018
2018-05-28,MIA,SDN,7,2,2018
2018-05-28,SLN,MIL,3,8,2018
2018-05-28,PHI,LAN,4,5,2018
2018-05-28,SFN,COL,5,6,2018
2018-05-28,NYN,ATL,8,5,2018
2018-05-28,NYN,ATL,3,4,2018
2018-05-28,CIN,ARI,5,12,2018
2018-05-28,CHN,PIT,7,0,2018
2018-05-29,TEX,SEA,9,5,2018
2018-05-29,TBA,OAK,4,3,2018
2018-05-29,HOU,NYA,5,6,2018
2018-05-29,MIN,KCA,1,2,2018
2018-05-29,ANA,DET,9,2,2018
2018-05-29,CHA,CLE,3,7,2018
2018-05-29,TOR,BOS,3,8,2018
2018-05-29,CHN,PIT,8,6,2018
2018-05-29,MIA,SDN,5,9,2018
2018-05-29,SLN,MIL,6,1,2018
2018-05-29,PHI,LAN,6,1,2018
2018-05-29,SFN,COL,4,11,2018
2018-05-29,NYN,ATL,6,7,2018
2018-05-29,CIN,ARI,2,5,2018
2018-05-29,WAS,BAL,3,2,2018
2018-05-30,TEX,SEA,7,6,2018
2018-05-30,TBA,OAK,6,0,2018
2018-05-30,HOU,NYA,3,5,2018
2018-05-30,MIN,KCA,8,11,2018
2018-05-30,ANA,DET,1,6,2018
2018-05-30,CHA,CLE,1,9,2018
2018-05-30,TOR,BOS,4,6,2018
2018-05-30,CHN,PIT,1,2,2018
2018-05-30,MIA,SDN,2,3,2018
2018-05-30,SLN,MIL,2,3,2018
2018-05-30,PHI,LAN,2,8,2018
2018-05-30,SFN,COL,7,4,2018
2018-05-30,NYN,ATL,4,1,2018
2018-05-30,CIN,ARI,7,4,2018
2018-05-30,WAS,BAL,2,0,2018
2018-05-31,BOS,HOU,2,4,2018
2018-05-31,TBA,OAK,3,7,2018
2018-05-31,CLE,MIN,9,8,2018
2018-05-31,ANA,DET,2,6,2018
2018-05-31,TEX,SEA,1,6,2018
2018-05-31,MIA,SDN,3,8,2018
2018-05-31,CHN,NYN,5,1,2018
2018-05-31,PHI,LAN,2,1,2018
2018-05-31,WAS,ATL,2,4,2018
2018-05-31,PIT,SLN,8,10,2018
2018-06-01,TBA,SEA,3,4,2018
2018-06-01,CLE,MIN,4,7,2018
2018-06-01,OAK,KCA,16,0,2018
2018-06-01,MIL,CHA,3,8,2018
2018-06-01,BOS,HOU,3,7,2018
2018-06-01,TOR,DET,2,5,2018
2018-06-01,NYA,BAL,4,1,2018
2018-06-01,LAN,COL,11,8,2018
2018-06-01,PIT,SLN,4,0,2018
2018-06-01,PHI,SFN,0,4,2018
2018-06-01,CIN,SDN,7,2,2018
2018-06-01,CHN,NYN,7,4,2018
2018-06-01,WAS,ATL,0,4,2018
2018-06-01,MIA,ARI,1,9,2018
2018-06-01,TEX,ANA,0,6,2018
2018-06-02,TBA,SEA,1,3,2018
2018-06-02,CLE,MIN,1,7,2018
2018-06-02,OAK,KCA,4,5,2018
2018-06-02,BOS,HOU,5,4,2018
2018-06-02,TOR,DET,4,7,2018
2018-06-02,MIL,CHA,5,0,2018
2018-06-02,NYA,BAL,8,5,2018
2018-06-02,PIT,SLN,2,3,2018
2018-06-02,PHI,SFN,0,2,2018
2018-06-02,CIN,SDN,2,8,2018
2018-06-02,CHN,NYN,7,1,2018
2018-06-02,LAN,COL,12,4,2018
2018-06-02,WAS,ATL,5,3,2018
2018-06-02,MIA,ARI,2,6,2018
2018-06-02,TEX,ANA,3,2,2018
2018-06-03,MIL,CHA,1,6,2018
2018-06-03,TBA,SEA,1,2,2018
2018-06-03,CLE,MIN,5,7,2018
2018-06-03,OAK,KCA,5,1,2018
2018-06-03,BOS,HOU,9,3,2018
2018-06-03,TEX,ANA,1,3,2018
2018-06-03,TOR,DET,8,4,2018
2018-06-03,PHI,SFN,1,6,2018
2018-06-03,CIN,SDN,3,6,2018
2018-06-03,PIT,SLN,0,5,2018
2018-06-03,CHN,NYN,2,0,2018
2018-06-03,LAN,COL,10,7,2018
2018-06-03,WAS,ATL,2,4,2018
2018-06-03,MIA,ARI,1,6,2018
2018-06-04,NYA,DET,2,4,2018
2018-06-04,NYA,DET,7,4,2018
2018-06-04,KCA,ANA,6,9,2018
2018-06-04,ARI,SFN,3,10,2018
2018-06-04,ATL,SDN,4,11,2018
2018-06-05,OAK,TEX,4,7,2018
2018-06-05,CHA,MIN,6,3,2018
2018-06-05,CHA,MIN,2,4,2018
2018-06-05,SEA,HOU,7,1,2018
2018-06-05,MIL,CLE,2,3,2018
2018-06-05,NYA,TOR,7,2,2018
2018-06-05,DET,BOS,0,6,2018
2018-06-05,KCA,ANA,0,1,2018
2018-06-05,ARI,SFN,3,2,2018
2018-06-05,MIA,SLN,7,4,2018
2018-06-05,ATL,SDN,14,1,2018
2018-06-05,LAN,PIT,5,0,2018
2018-06-05,BAL,NYN,2,1,2018
2018-06-05,COL,CIN,9,6,2018
2018-06-05,PHI,CHN,6,1,2018
2018-06-05,TBA,WAS,2,4,2018
2018-06-06,DET,BOS,1,7,2018
2018-06-06,NYA,TOR,3,0,2018
2018-06-06,OAK,TEX,2,8,2018
2018-06-06,CHA,MIN,5,2,2018
2018-06-06,SEA,HOU,5,7,2018
2018-06-06,MIL,CLE,1,3,2018
2018-06-06,KCA,ANA,3,4,2018
2018-06-06,TBA,WAS,2,11,2018
2018-06-06,MIA,SLN,11,3,2018
2018-06-06,ARI,SFN,4,5,2018
2018-06-06,ATL,SDN,1,3,2018
2018-06-06,LAN,PIT,9,11,2018
2018-06-06,BAL,NYN,1,0,2018
2018-06-06,COL,CIN,6,3,2018
2018-06-06,PHI,CHN,5,7,2018
2018-06-07,BAL,TOR,4,5,2018
2018-06-07,HOU,TEX,5,2,2018
2018-06-07,SEA,TBA,5,4,2018
2018-06-07,KCA,OAK,1,4,2018
2018-06-07,CHA,MIN,2,7,2018
2018-06-07,DET,BOS,7,2,2018
2018-06-07,MIA,SLN,1,4,2018
2018-06-07,LAN,PIT,8,7,2018
2018-06-07,COL,CIN,5,7,2018
2018-06-07,PHI,CHN,3,4,2018
2018-06-08,BAL,TOR,1,5,2018
2018-06-08,HOU,TEX,7,3,2018
2018-06-08,SEA,TBA,4,3,2018
2018-06-08,KCA,OAK,2,7,2018
2018-06-08,ANA,MIN,4,2,2018
2018-06-08,CLE,DET,4,1,2018
2018-06-08,CHA,BOS,1,0,2018
2018-06-08,ARI,COL,9,4,2018
2018-06-08,MIL,PHI,12,4,2018
2018-06-08,NYA,NYN,4,1,2018
2018-06-08,SDN,MIA,0,4,2018
2018-06-08,ATL,LAN,3,7,2018
2018-06-08,SLN,CIN,7,6,2018
2018-06-08,PIT,CHN,1,3,2018
2018-06-08,SFN,WAS,9,5,2018
2018-06-09,CLE,DET,2,4,2018
2018-06-09,BAL,TOR,3,4,2018
2018-06-09,HOU,TEX,4,3,2018
2018-06-09,SEA,TBA,3,7,2018
2018-06-09,KCA,OAK,2,0,2018
2018-06-09,ANA,MIN,2,1,2018
2018-06-09,CHA,BOS,2,4,2018
2018-06-09,PIT,CHN,0,2,2018
2018-06-09,MIL,PHI,12,3,2018
2018-06-09,NYA,NYN,4,3,2018
2018-06-09,SDN,MIA,5,4,2018
2018-06-09,ATL,LAN,5,3,2018
2018-06-09,ARI,COL,12,7,2018
2018-06-09,SLN,CIN,6,4,2018
2018-06-09,SFN,WAS,5,7,2018
2018-06-10,BAL,TOR,3,13,2018
2018-06-10,HOU,TEX,8,7,2018
2018-06-10,SEA,TBA,5,4,2018
2018-06-10,KCA,OAK,2,3,2018
2018-06-10,ANA,MIN,5,7,2018
2018-06-10,CLE,DET,9,2,2018
2018-06-10,CHA,BOS,5,2,2018
2018-06-10,NYA,NYN,0,2,2018
2018-06-10,MIL,PHI,3,4,2018
2018-06-10,SDN,MIA,3,1,2018
2018-06-10,ATL,LAN,2,7,2018
2018-06-10,ARI,COL,8,3,2018
2018-06-10,SLN,CIN,3,6,2018
2018-06-10,PIT,CHN,7,1,2018
2018-06-10,SFN,WAS,2,0,2018
2018-06-11,CLE,CHA,4,0,2018
2018-06-11,ANA,SEA,3,5,2018
2018-06-11,BOS,BAL,2,0,2018
2018-06-11,TOR,TBA,4,8,2018
2018-06-11,CHN,MIL,7,2,2018
2018-06-11,SFN,MIA,5,7,2018
2018-06-11,PIT,ARI,5,9,2018
2018-06-11,SDN,SLN,2,5,2018
2018-06-12,TOR,TBA,1,4,2018
2018-06-12,ANA,SEA,3,6,2018
2018-06-12,HOU,OAK,6,3,2018
2018-06-12,WAS,NYA,0,3,2018
2018-06-12,CIN,KCA,5,1,2018
2018-06-12,MIN,DET,6,4,2018
2018-06-12,BOS,BAL,6,4,2018
2018-06-12,CLE,CHA,1,5,2018
2018-06-12,COL,PHI,4,5,2018
2018-06-12,CHN,MIL,0,4,2018
2018-06-12,SFN,MIA,1,3,2018
2018-06-12,TEX,LAN,5,12,2018
2018-06-12,NYN,ATL,2,8,2018
2018-06-12,PIT,ARI,8,13,2018
2018-06-12,SDN,SLN,4,2,2018
2018-06-13,CLE,CHA,2,3,2018
2018-06-13,TOR,TBA,0,1,2018
2018-06-13,HOU,OAK,13,5,2018
2018-06-13,WAS,NYA,5,4,2018
2018-06-13,CIN,KCA,7,0,2018
2018-06-13,MIN,DET,2,5,2018
2018-06-13,BOS,BAL,5,1,2018
2018-06-13,ANA,SEA,6,8,2018
2018-06-13,COL,PHI,7,2,2018
2018-06-13,CHN,MIL,0,1,2018
2018-06-13,SFN,MIA,4,5,2018
2018-06-13,TEX,LAN,2,3,2018
2018-06-13,NYN,ATL,0,2,2018
2018-06-13,SDN,SLN,4,2,2018
2018-06-13,PIT,ARI,5,4,2018
2018-06-14,BOS,SEA,2,1,2018
2018-06-14,HOU,OAK,7,3,2018
2018-06-14,TBA,NYA,3,4,2018
2018-06-14,MIN,DET,1,3,2018
2018-06-14,CLE,CHA,5,2,2018
2018-06-14,COL,PHI,3,9,2018
2018-06-14,SFN,MIA,6,3,2018
2018-06-14,SDN,ATL,2,4,2018
2018-06-14,NYN,ARI,3,6,2018
2018-06-15,COL,TEX,9,5,2018
2018-06-15,BOS,SEA,6,7,2018
2018-06-15,WAS,TOR,5,6,2018
2018-06-15,ANA,OAK,8,4,2018
2018-06-15,TBA,NYA,0,5,2018
2018-06-15,HOU,KCA,7,3,2018
2018-06-15,MIN,CLE,6,3,2018
2018-06-15,SFN,LAN,2,3,2018
2018-06-15,MIA,BAL,2,0,2018
2018-06-15,CHN,SLN,13,5,2018
2018-06-15,CIN,PIT,2,3,2018
2018-06-15,PHI,MIL,2,13,2018
2018-06-15,SDN,ATL,9,3,2018
2018-06-15,NYN,ARI,3,7,2018
2018-06-15,DET,CHA,4,3,2018
2018-06-16,MIN,CLE,9,3,2018
2018-06-16,COL,TEX,2,5,2018
2018-06-16,BOS,SEA,0,1,2018
2018-06-16,ANA,OAK,4,6,2018
2018-06-16,WAS,TOR,0,2,2018
2018-06-16,HOU,KCA,10,2,2018
2018-06-16,DET,CHA,7,5,2018
2018-06-16,TBA,NYA,1,4,2018
2018-06-16,CHN,SLN,6,3,2018
2018-06-16,CIN,PIT,2,6,2018
2018-06-16,PHI,MIL,4,1,2018
2018-06-16,SFN,LAN,1,3,2018
2018-06-16,SDN,ATL,0,1,2018
2018-06-16,NYN,ARI,5,1,2018
2018-06-16,MIA,BAL,5,4,2018
2018-06-17,WAS,TOR,6,8,2018
2018-06-17,COL,TEX,12,13,2018
2018-06-17,ANA,OAK,5,6,2018
2018-06-17,TBA,NYA,3,1,2018
2018-06-17,HOU,KCA,7,4,2018
2018-06-17,MIN,CLE,1,4,2018
2018-06-17,DET,CHA,3,1,2018
2018-06-17,BOS,SEA,9,3,2018
2018-06-17,CHN,SLN,0,5,2018
2018-06-17,CIN,PIT,8,6,2018
2018-06-17,PHI,MIL,10,9,2018
2018-06-17,SFN,LAN,4,1,2018
2018-06-17,SDN,ATL,1,4,2018
2018-06-17,NYN,ARI,5,3,2018
2018-06-17,MIA,BAL,4,10,2018
2018-06-18,TEX,KCA,6,3,2018
2018-06-18,TBA,HOU,4,5,2018
2018-06-18,CHA,CLE,2,6,2018
2018-06-18,ARI,ANA,7,4,2018
2018-06-18,NYA,WAS,4,2,2018
2018-06-18,MIL,PIT,0,1,2018
2018-06-18,SLN,PHI,5,6,2018
2018-06-18,NYN,COL,12,2,2018
2018-06-18,MIA,SFN,5,4,2018
2018-06-19,ARI,ANA,4,5,2018
2018-06-19,SEA,NYA,2,7,2018
2018-06-19,BOS,MIN,2,6,2018
2018-06-19,TEX,KCA,4,1,2018
2018-06-19,TBA,HOU,2,1,2018
2018-06-19,ATL,TOR,11,4,2018
2018-06-19,CHA,CLE,3,6,2018
2018-06-19,BAL,WAS,7,9,2018
2018-06-19,SLN,PHI,7,6,2018
2018-06-19,OAK,SDN,4,2,2018
2018-06-19,MIL,PIT,3,2,2018
2018-06-19,NYN,COL,8,10,2018
2018-06-19,DET,CIN,5,9,2018
2018-06-19,LAN,CHN,1,2,2018
2018-06-19,LAN,CHN,4,3,2018
2018-06-19,MIA,SFN,3,6,2018
2018-06-20,ATL,TOR,4,5,2018
2018-06-20,SEA,NYA,5,7,2018
2018-06-20,BOS,MIN,1,4,2018
2018-06-20,TEX,KCA,3,2,2018
2018-06-20,CHA,CLE,0,12,2018
2018-06-20,BAL,WAS,3,0,2018
2018-06-20,TBA,HOU,1,5,2018
2018-06-20,OAK,SDN,12,4,2018
2018-06-20,SLN,PHI,3,4,2018
2018-06-20,NYN,COL,8,10,2018
2018-06-20,DET,CIN,3,5,2018
2018-06-20,LAN,CHN,0,4,2018
2018-06-20,MIA,SFN,5,6,2018
2018-06-21,SEA,NYA,3,4,2018
2018-06-21,BOS,MIN,9,2,2018
2018-06-21,TOR,ANA,5,8,2018
2018-06-21,BAL,WAS,2,4,2018
2018-06-21,SLN,MIL,3,11,2018
2018-06-21,ARI,PIT,9,3,2018
2018-06-21,NYN,COL,4,6,2018
2018-06-21,CHN,CIN,2,6,2018
2018-06-21,SDN,SFN,0,3,2018
2018-06-22,OAK,CHA,4,6,2018
2018-06-22,OAK,CHA,11,2,2018
2018-06-22,DET,CLE,0,10,2018
2018-06-22,SEA,BOS,10,14,2018
2018-06-22,TEX,MIN,8,1,2018
2018-06-22,NYA,TBA,1,2,2018
2018-06-22,KCA,HOU,1,0,2018
2018-06-22,TOR,ANA,1,2,2018
2018-06-22,SDN,SFN,6,2,2018
2018-06-22,PHI,WAS,12,2,2018
2018-06-22,ARI,PIT,2,1,2018
2018-06-22,LAN,NYN,5,2,2018
2018-06-22,SLN,MIL,1,2,2018
2018-06-22,MIA,COL,3,11,2018
2018-06-22,CHN,CIN,3,6,2018
2018-06-22,BAL,ATL,10,7,2018
2018-06-23,NYA,TBA,0,4,2018
2018-06-23,TEX,MIN,9,6,2018
2018-06-23,KCA,HOU,3,4,2018
2018-06-23,DET,CLE,1,4,2018
2018-06-23,OAK,CHA,7,6,2018
2018-06-23,SEA,BOS,7,2,2018
2018-06-23,TOR,ANA,4,1,2018
2018-06-23,PHI,WAS,5,3,2018
2018-06-23,SDN,SFN,3,5,2018
2018-06-23,ARI,PIT,7,2,2018
2018-06-23,LAN,NYN,8,3,2018
2018-06-23,SLN,MIL,3,2,2018
2018-06-23,MIA,COL,6,2,2018
2018-06-23,CHN,CIN,2,11,2018
2018-06-23,BAL,ATL,7,5,2018
2018-06-24,NYA,TBA,6,7,2018
2018-06-24,KCA,HOU,3,11,2018
2018-06-24,DET,CLE,2,12,2018
2018-06-24,OAK,CHA,3,10,2018
2018-06-24,SEA,BOS,0,5,2018
2018-06-24,TOR,ANA,7,6,2018
2018-06-24,PHI,WAS,6,8,2018
2018-06-24,TEX,MIN,0,2,2018
2018-06-24,ARI,PIT,3,0,2018
2018-06-24,LAN,NYN,8,7,2018
2018-06-24,SLN,MIL,8,2,2018
2018-06-24,MIA,COL,8,5,2018
2018-06-24,CHN,CIN,6,8,2018
2018-06-24,SDN,SFN,2,3,2018
2018-06-24,BAL,ATL,3,7,2018
2018-06-25,SDN,TEX,4,7,2018
2018-06-25,WAS,TBA,0,11,2018
2018-06-25,ANA,KCA,0,2,2018
2018-06-25,TOR,HOU,6,3,2018
2018-06-25,OAK,DET,5,4,2018
2018-06-25,SEA,BAL,5,3,2018
2018-06-25,CLE,SLN,0,4,2018
2018-06-25,NYA,PHI,4,2,2018
2018-06-25,PIT,NYN,6,4,2018
2018-06-25,ARI,MIA,5,9,2018
2018-06-25,CHN,LAN,1,2,2018
2018-06-25,CIN,ATL,4,5,2018
2018-06-26,WAS,TBA,0,1,2018
2018-06-26,SDN,TEX,3,2,2018
2018-06-26,TOR,HOU,0,7,2018
2018-06-26,OAK,DET,9,7,2018
2018-06-26,MIN,CHA,4,8,2018
2018-06-26,ANA,BOS,1,9,2018
2018-06-26,SEA,BAL,3,2,2018
2018-06-26,CHN,LAN,9,4,2018
2018-06-26,COL,SFN,2,3,2018
2018-06-26,NYA,PHI,6,0,2018
2018-06-26,PIT,NYN,3,4,2018
2018-06-26,KCA,MIL,1,5,2018
2018-06-26,ARI,MIA,5,3,2018
2018-06-26,CIN,ATL,5,3,2018
2018-06-26,CLE,SLN,2,11,2018
2018-06-27,SEA,BAL,8,7,2018
2018-06-27,SDN,TEX,2,5,2018
2018-06-27,TOR,HOU,6,7,2018
2018-06-27,OAK,DET,3,0,2018
2018-06-27,MIN,CHA,1,6,2018
2018-06-27,ANA,BOS,6,9,2018
2018-06-27,CLE,SLN,5,1,2018
2018-06-27,PIT,NYN,5,3,2018
2018-06-27,NYA,PHI,0,3,2018
2018-06-27,COL,SFN,0,1,2018
2018-06-27,KCA,MIL,5,4,2018
2018-06-27,ARI,MIA,2,1,2018
2018-06-27,CHN,LAN,5,7,2018
2018-06-27,CIN,ATL,6,5,2018
2018-06-28,HOU,TBA,1,0,2018
2018-06-28,OAK,DET,4,2,2018
2018-06-28,MIN,CHA,2,1,2018
2018-06-28,ANA,BOS,2,4,2018
2018-06-28,SEA,BAL,4,2,2018
2018-06-28,WAS,PHI,3,4,2018
2018-06-28,ARI,MIA,4,0,2018
2018-06-28,CHN,LAN,11,5,2018
2018-06-28,MIL,CIN,6,4,2018
2018-06-28,COL,SFN,9,8,2018
2018-06-29,BOS,NYA,1,8,2018
2018-06-29,DET,TOR,2,3,2018
2018-06-29,CHA,TEX,3,11,2018
2018-06-29,HOU,TBA,2,3,2018
2018-06-29,KCA,SEA,1,4,2018
2018-06-29,CLE,OAK,1,3,2018
2018-06-29,ANA,BAL,7,1,2018
2018-06-29,MIL,CIN,8,2,2018
2018-06-29,PIT,SDN,6,3,2018
2018-06-29,WAS,PHI,17,7,2018
2018-06-29,NYN,MIA,2,8,2018
2018-06-29,COL,LAN,3,1,2018
2018-06-29,MIN,CHN,6,10,2018
2018-06-29,SFN,ARI,2,1,2018
2018-06-29,ATL,SLN,5,1,2018
2018-06-30,BOS,NYA,11,0,2018
2018-06-30,CHA,TEX,4,13,2018
2018-06-30,DET,TOR,3,4,2018
2018-06-30,HOU,TBA,2,5,2018
2018-06-30,KCA,SEA,4,6,2018
2018-06-30,CLE,OAK,2,7,2018
2018-06-30,ANA,BAL,6,2,2018
2018-06-30,MIN,CHN,9,14,2018
2018-06-30,PIT,SDN,3,4,2018
2018-06-30,WAS,PHI,2,3,2018
2018-06-30,NYN,MIA,2,5,2018
2018-06-30,COL,LAN,3,1,2018
2018-06-30,MIL,CIN,3,12,2018
2018-06-30,SFN,ARI,7,0,2018
2018-06-30,ATL,SLN,11,4,2018
2018-07-01,DET,TOR,9,1,2018
2018-07-01,CHA,TEX,10,5,2018
2018-07-01,HOU,TBA,2,3,2018
2018-07-01,KCA,SEA,0,1,2018
2018-07-01,CLE,OAK,15,3,2018
2018-07-01,BOS,NYA,1,11,2018
2018-07-01,ANA,BAL,2,8,2018
2018-07-01,PIT,SDN,7,5,2018
2018-07-01,WAS,PHI,3,4,2018
2018-07-01,NYN,MIA,5,2,2018
2018-07-01,COL,LAN,4,6,2018
2018-07-01,MIL,CIN,2,8,2018
2018-07-01,MIN,CHN,10,11,2018
2018-07-01,SFN,ARI,9,6,2018
2018-07-01,ATL,SLN,6,5,2018
2018-07-02,BOS,WAS,4,3,2018
2018-07-02,DET,TOR,3,2,2018
2018-07-02,ATL,NYA,5,3,2018
2018-07-02,CLE,KCA,9,3,2018
2018-07-02,MIN,MIL,5,6,2018
2018-07-02,PIT,LAN,1,17,2018
2018-07-02,TBA,MIA,2,3,2018
2018-07-02,SFN,COL,2,5,2018
2018-07-02,CHA,CIN,3,5,2018
2018-07-02,SLN,ARI,6,3,2018
2018-07-03,NYN,TOR,6,8,2018
2018-07-03,HOU,TEX,5,3,2018
2018-07-03,ANA,SEA,1,4,2018
2018-07-03,SDN,OAK,2,6,2018
2018-07-03,ATL,NYA,5,8,2018
2018-07-03,CLE,KCA,6,4,2018
2018-07-03,BAL,PHI,2,3,2018
2018-07-03,BOS,WAS,11,4,2018
2018-07-03,TBA,MIA,9,6,2018
2018-07-03,PIT,LAN,3,8,2018
2018-07-03,SFN,COL,1,8,2018
2018-07-03,CHA,CIN,12,8,2018
2018-07-03,DET,CHN,3,5,2018
2018-07-03,SLN,ARI,2,4,2018
2018-07-03,MIN,MIL,0,2,2018
2018-07-04,CLE,KCA,3,2,2018
2018-07-04,SDN,OAK,2,4,2018
2018-07-04,ANA,SEA,7,4,2018
2018-07-04,NYN,TOR,6,3,2018
2018-07-04,BOS,WAS,3,0,2018
2018-07-04,HOU,TEX,5,4,2018
2018-07-04,BAL,PHI,1,4,2018
2018-07-04,ATL,NYA,2,6,2018
2018-07-04,TBA,MIA,0,3,2018
2018-07-04,PIT,LAN,4,6,2018
2018-07-04,MIN,MIL,2,3,2018
2018-07-04,SFN,COL,0,1,2018
2018-07-04,CHA,CIN,4,7,2018
2018-07-04,DET,CHN,2,5,2018
2018-07-04,SLN,ARI,8,4,2018
2018-07-05,ANA,SEA,1,4,2018
2018-07-05,BAL,MIN,2,5,2018
2018-07-05,CHA,HOU,3,4,2018
2018-07-05,TEX,DET,7,5,2018
2018-07-05,MIA,WAS,12,14,2018
2018-07-05,SLN,SFN,11,2,2018
2018-07-05,ATL,MIL,2,7,2018
2018-07-05,SDN,ARI,6,3,2018
2018-07-06,NYA,TOR,2,6,2018
2018-07-06,COL,SEA,7,1,2018
2018-07-06,BAL,MIN,2,6,2018
2018-07-06,BOS,KCA,10,5,2018
2018-07-06,CHA,HOU,4,11,2018
2018-07-06,TEX,DET,1,3,2018
2018-07-06,OAK,CLE,4,10,2018
2018-07-06,SDN,ARI,1,3,2018
2018-07-06,MIA,WAS,2,3,2018
2018-07-06,SLN,SFN,2,3,2018
2018-07-06,PHI,PIT,17,5,2018
2018-07-06,TBA,NYN,1,5,2018
2018-07-06,ATL,MIL,4,5,2018
2018-07-06,CIN,CHN,3,2,2018
2018-07-06,LAN,ANA,2,3,2018
2018-07-07,CHA,HOU,6,12,2018
2018-07-07,BOS,KCA,15,4,2018
2018-07-07,TEX,DET,2,7,2018
2018-07-07,COL,SEA,5,1,2018
2018-07-07,NYA,TOR,8,5,2018
2018-07-07,BAL,MIN,4,5,2018
2018-07-07,LAN,ANA,3,1,2018
2018-07-07,OAK,CLE,6,3,2018
2018-07-07,MIA,WAS,4,18,2018
2018-07-07,SLN,SFN,3,2,2018
2018-07-07,PHI,PIT,3,2,2018
2018-07-07,TBA,NYN,3,0,2018
2018-07-07,ATL,MIL,5,1,2018
2018-07-07,CIN,CHN,7,8,2018
2018-07-07,SDN,ARI,5,20,2018
2018-07-08,COL,SEA,4,6,2018
2018-07-08,BAL,MIN,1,10,2018
2018-07-08,BOS,KCA,7,4,2018
2018-07-08,CHA,HOU,1,2,2018
2018-07-08,TEX,DET,3,0,2018
2018-07-08,OAK,CLE,6,0,2018
2018-07-08,LAN,ANA,3,4,2018
2018-07-08,MIA,WAS,10,2,2018
2018-07-08,SLN,SFN,8,13,2018
2018-07-08,NYA,TOR,2,1,2018
2018-07-08,TBA,NYN,9,0,2018
2018-07-08,ATL,MIL,3,10,2018
2018-07-08,CIN,CHN,5,6,2018
2018-07-08,SDN,ARI,4,3,2018
2018-07-08,PHI,PIT,1,4,2018
2018-07-09,CIN,CLE,7,5,2018
2018-07-09,OAK,HOU,2,0,2018
2018-07-09,DET,TBA,9,10,2018
2018-07-09,TEX,BOS,0,5,2018
2018-07-09,KCA,MIN,1,3,2018
2018-07-09,NYA,BAL,10,2,2018
2018-07-09,NYA,BAL,4,5,2018
2018-07-09,CHN,SFN,1,2,2018
2018-07-09,LAN,SDN,8,2,2018
2018-07-09,WAS,PIT,3,6,2018
2018-07-09,PHI,NYN,3,1,2018
2018-07-09,PHI,NYN,3,4,2018
2018-07-09,MIL,MIA,3,4,2018
2018-07-10,DET,TBA,2,5,2018
2018-07-10,KCA,MIN,9,4,2018
2018-07-10,OAK,HOU,5,6,2018
2018-07-10,CIN,CLE,7,4,2018
2018-07-10,SLN,CHA,14,2,2018
2018-07-10,TEX,BOS,4,8,2018
2018-07-10,NYA,BAL,5,6,2018
2018-07-10,SEA,ANA,3,9,2018
2018-07-10,CHN,SFN,2,0,2018
2018-07-10,LAN,SDN,1,4,2018
2018-07-10,WAS,PIT,5,1,2018
2018-07-10,PHI,NYN,7,3,2018
2018-07-10,MIL,MIA,8,4,2018
2018-07-10,ARI,COL,5,3,2018
2018-07-10,TOR,ATL,6,2,2018
2018-07-11,KCA,MIN,5,8,2018
2018-07-11,OAK,HOU,8,3,2018
2018-07-11,CIN,CLE,4,19,2018
2018-07-11,SLN,CHA,0,4,2018
2018-07-11,TEX,BOS,2,4,2018
2018-07-11,NYA,BAL,9,0,2018
2018-07-11,SEA,ANA,3,0,2018
2018-07-11,DET,TBA,2,4,2018
2018-07-11,LAN,SDN,4,2,2018
2018-07-11,WAS,PIT,0,2,2018
2018-07-11,PHI,NYN,0,3,2018
2018-07-11,MIL,MIA,4,5,2018
2018-07-11,ARI,COL,2,19,2018
2018-07-11,TOR,ATL,5,9,2018
2018-07-11,CHN,SFN,4,5,2018
2018-07-12,OAK,HOU,6,4,2018
2018-07-12,NYA,CLE,7,4,2018
2018-07-12,TBA,MIN,1,5,2018
2018-07-12,PHI,BAL,5,4,2018
2018-07-12,TOR,BOS,4,6,2018
2018-07-12,LAN,SDN,3,2,2018
2018-07-12,SEA,ANA,2,11,2018
2018-07-12,MIL,PIT,3,6,2018
2018-07-12,WAS,NYN,5,4,2018
2018-07-12,ARI,COL,1,5,2018
2018-07-13,TBA,MIN,8,11,2018
2018-07-13,DET,HOU,0,3,2018
2018-07-13,NYA,CLE,5,6,2018
2018-07-13,KCA,CHA,6,9,2018
2018-07-13,TOR,BOS,13,7,2018
2018-07-13,TEX,BAL,5,4,2018
2018-07-13,OAK,SFN,1,7,2018
2018-07-13,CIN,SLN,9,1,2018
2018-07-13,MIL,PIT,3,7,2018
2018-07-13,WAS,NYN,2,4,2018
2018-07-13,PHI,MIA,2,0,2018
2018-07-13,ANA,LAN,2,3,2018
2018-07-13,SEA,COL,7,10,2018
2018-07-13,ARI,ATL,2,1,2018
2018-07-13,CHN,SDN,5,4,2018
2018-07-14,TEX,BAL,0,1,2018
2018-07-14,TBA,MIN,19,6,2018
2018-07-14,DET,HOU,1,9,2018
2018-07-14,NYA,CLE,5,4,2018
2018-07-14,KCA,CHA,5,0,2018
2018-07-14,TOR,BOS,2,6,2018
2018-07-14,OAK,SFN,4,3,2018
2018-07-14,CIN,SLN,8,2,2018
2018-07-14,MIL,PIT,2,6,2018
2018-07-14,MIL,PIT,1,2,2018
2018-07-14,WAS,NYN,4,7,2018
2018-07-14,PHI,MIA,0,2,2018
2018-07-14,ANA,LAN,5,4,2018
2018-07-14,SEA,COL,1,4,2018
2018-07-14,ARI,ATL,3,0,2018
2018-07-14,CHN,SDN,11,6,2018
2018-07-15,TBA,MIN,7,11,2018
2018-07-15,DET,HOU,6,3,2018
2018-07-15,NYA,CLE,2,5,2018
2018-07-15,KCA,CHA,1,10,2018
2018-07-15,TOR,BOS,2,5,2018
2018-07-15,TEX,BAL,5,6,2018
2018-07-15,CIN,SLN,4,6,2018
2018-07-15,OAK,SFN,6,2,2018
2018-07-15,MIL,PIT,6,7,2018
2018-07-15,WAS,NYN,6,1,2018
2018-07-15,PHI,MIA,5,10,2018
2018-07-15,ANA,LAN,3,5,2018
2018-07-15,SEA,COL,3,4,2018
2018-07-15,ARI,ATL,1,5,2018
2018-07-15,CHN,SDN,7,4,2018
2018-07-19,SLN,CHN,6,9,2018
2018-07-20,MIN,KCA,5,6,2018
2018-07-20,BAL,TOR,7,8,2018
2018-07-20,CLE,TEX,9,8,2018
2018-07-20,CHA,SEA,1,3,2018
2018-07-20,SFN,OAK,5,1,2018
2018-07-20,NYN,NYA,7,5,2018
2018-07-20,BOS,DET,1,0,2018
2018-07-20,MIA,TBA,6,5,2018
2018-07-20,ATL,WAS,8,5,2018
2018-07-20,SDN,PHI,5,11,2018
2018-07-20,LAN,MIL,6,4,2018
2018-07-20,PIT,CIN,12,1,2018
2018-07-20,HOU,ANA,3,1,2018
2018-07-20,SLN,CHN,18,5,2018
2018-07-20,COL,ARI,11,10,2018
2018-07-21,BAL,TOR,1,4,2018
2018-07-21,CLE,TEX,16,3,2018
2018-07-21,MIA,TBA,3,2,2018
2018-07-21,CHA,SEA,5,0,2018
2018-07-21,SFN,OAK,3,4,2018
2018-07-21,NYN,NYA,6,7,2018
2018-07-21,MIN,KCA,2,4,2018
2018-07-21,BOS,DET,0,5,2018
2018-07-21,HOU,ANA,7,0,2018
2018-07-21,LAN,MIL,2,4,2018
2018-07-21,PIT,CIN,6,2,2018
2018-07-21,SLN,CHN,6,3,2018
2018-07-21,SLN,CHN,2,7,2018
2018-07-21,COL,ARI,6,5,2018
2018-07-22,BAL,TOR,4,5,2018
2018-07-22,MIA,TBA,4,6,2018
2018-07-22,CHA,SEA,2,8,2018
2018-07-22,SFN,OAK,5,6,2018
2018-07-22,MIN,KCA,3,5,2018
2018-07-22,BOS,DET,9,1,2018
2018-07-22,HOU,ANA,5,14,2018
2018-07-22,CLE,TEX,0,5,2018
2018-07-22,SDN,PHI,0,5,2018
2018-07-22,SDN,PHI,10,2,2018
2018-07-22,LAN,MIL,11,2,2018
2018-07-22,PIT,CIN,9,2,2018
2018-07-22,SLN,CHN,2,7,2018
2018-07-22,COL,ARI,1,6,2018
2018-07-22,ATL,WAS,2,6,2018
2018-07-23,MIN,TOR,8,3,2018
2018-07-23,OAK,TEX,15,3,2018
2018-07-23,NYA,TBA,6,7,2018
2018-07-23,DET,KCA,5,4,2018
2018-07-23,PIT,CLE,7,0,2018
2018-07-23,BOS,BAL,5,3,2018
2018-07-23,CHA,ANA,5,3,2018
2018-07-23,LAN,PHI,7,6,2018
2018-07-23,SDN,NYN,3,2,2018
2018-07-23,WAS,MIL,1,6,2018
2018-07-23,ATL,MIA,12,1,2018
2018-07-23,SLN,CIN,1,2,2018
2018-07-23,ARI,CHN,7,1,2018
2018-07-24,MIN,TOR,5,0,2018
2018-07-24,OAK,TEX,13,10,2018
2018-07-24,NYA,TBA,4,0,2018
2018-07-24,SFN,SEA,4,3,2018
2018-07-24,DET,KCA,4,5,2018
2018-07-24,PIT,CLE,9,4,2018
2018-07-24,BOS,BAL,6,7,2018
2018-07-24,ARI,CHN,5,1,2018
2018-07-24,LAN,PHI,4,7,2018
2018-07-24,SDN,NYN,3,6,2018
2018-07-24,WAS,MIL,4,5,2018
2018-07-24,ATL,MIA,3,9,2018
2018-07-24,HOU,COL,8,2,2018
2018-07-24,SLN,CIN,4,2,2018
2018-07-24,CHA,ANA,4,2,2018
2018-07-25,PIT,CLE,0,4,2018
2018-07-25,MIN,TOR,12,6,2018
2018-07-25,NYA,TBA,2,3,2018
2018-07-25,SFN,SEA,2,3,2018
2018-07-25,DET,KCA,8,4,2018
2018-07-25,CHA,ANA,3,11,2018
2018-07-25,OAK,TEX,6,5,2018
2018-07-25,SDN,NYN,4,6,2018
2018-07-25,WAS,MIL,7,3,2018
2018-07-25,HOU,COL,2,3,2018
2018-07-25,SLN,CIN,3,7,2018
2018-07-25,ARI,CHN,1,2,2018
2018-07-25,LAN,PHI,3,7,2018
2018-07-26,OAK,TEX,7,6,2018
2018-07-26,KCA,NYA,2,7,2018
2018-07-26,MIN,BOS,2,1,2018
2018-07-26,TBA,BAL,4,3,2018
2018-07-26,CHA,ANA,8,12,2018
2018-07-26,MIL,SFN,7,5,2018
2018-07-26,NYN,PIT,12,6,2018
2018-07-26,WAS,MIA,10,3,2018
2018-07-26,PHI,CIN,9,4,2018
2018-07-26,ARI,CHN,6,7,2018
2018-07-26,LAN,ATL,8,2,2018
2018-07-27,TEX,HOU,11,2,2018
2018-07-27,CLE,DET,8,3,2018
2018-07-27,TOR,CHA,10,5,2018
2018-07-27,MIN,BOS,3,4,2018
2018-07-27,TBA,BAL,5,15,2018
2018-07-27,SEA,ANA,3,4,2018
2018-07-27,CHN,SLN,2,5,2018
2018-07-27,OAK,COL,1,3,2018
2018-07-27,ARI,SDN,6,2,2018
2018-07-27,NYN,PIT,4,5,2018
2018-07-27,WAS,MIA,9,1,2018
2018-07-27,PHI,CIN,4,6,2018
2018-07-27,LAN,ATL,4,1,2018
2018-07-27,MIL,SFN,3,1,2018
2018-07-28,TBA,BAL,2,11,2018
2018-07-28,KCA,NYA,4,5,2018
2018-07-28,KCA,NYA,10,5,2018
2018-07-28,TEX,HOU,7,3,2018
2018-07-28,CLE,DET,1,2,2018
2018-07-28,TOR,CHA,5,9,2018
2018-07-28,MIN,BOS,4,10,2018
2018-07-28,SEA,ANA,5,11,2018
2018-07-28,PHI,CIN,2,6,2018
2018-07-28,MIL,SFN,7,1,2018
2018-07-28,ARI,SDN,9,4,2018
2018-07-28,NYN,PIT,0,5,2018
2018-07-28,WAS,MIA,1,2,2018
2018-07-28,OAK,COL,1,4,2018
2018-07-28,LAN,ATL,5,1,2018
2018-07-28,CHN,SLN,2,6,2018
2018-07-29,KCA,NYA,3,6,2018
2018-07-29,TEX,HOU,4,3,2018
2018-07-29,CLE,DET,8,1,2018
2018-07-29,TOR,CHA,7,4,2018
2018-07-29,MIN,BOS,0,3,2018
2018-07-29,TBA,BAL,5,11,2018
2018-07-29,SEA,ANA,8,5,2018
2018-07-29,ARI,SDN,5,4,2018
2018-07-29,MIL,SFN,5,8,2018
2018-07-29,NYN,PIT,1,0,2018
2018-07-29,WAS,MIA,0,5,2018
2018-07-29,OAK,COL,2,3,2018
2018-07-29,PHI,CIN,0,4,2018
2018-07-29,LAN,ATL,1,4,2018
2018-07-29,CHN,SLN,5,2,2018
2018-07-30,PHI,BOS,1,2,2018
2018-07-30,TOR,OAK,1,10,2018
2018-07-30,CLE,MIN,4,5,2018
2018-07-30,COL,SLN,4,5,2018
2018-07-30,HOU,SEA,0,2,2018
2018-07-30,MIL,LAN,5,2,2018
2018-07-30,TEX,ARI,9,5,2018
2018-07-30,SFN,SDN,5,3,2018
2018-07-30,MIA,ATL,3,5,2018
2018-07-31,ANA,TBA,6,10,2018
2018-07-31,TOR,OAK,2,6,2018
2018-07-31,BAL,NYA,3,6,2018
2018-07-31,CLE,MIN,6,2,2018
2018-07-31,CIN,DET,1,2,2018
2018-07-31,KCA,CHA,4,2,2018
2018-07-31,PHI,BOS,3,1,2018
2018-07-31,HOU,SEA,5,2,2018
2018-07-31,COL,SLN,6,3,2018
2018-07-31,SFN,SDN,3,2,2018
2018-07-31,CHN,PIT,4,5,2018
2018-07-31,MIL,LAN,1,0,2018
2018-07-31,MIA,ATL,6,11,2018
2018-07-31,TEX,ARI,0,6,2018
2018-07-31,NYN,WAS,4,25,2018
2018-08-01,ANA,TBA,2,7,2018
2018-08-01,HOU,SEA,8,3,2018
2018-08-01,TOR,OAK,3,8,2018
2018-08-01,BAL,NYA,7,5,2018
2018-08-01,CLE,MIN,2,0,2018
2018-08-01,KCA,CHA,10,5,2018
2018-08-01,NYN,WAS,3,5,2018
2018-08-01,COL,SLN,3,6,2018
2018-08-01,CHN,PIT,9,2,2018
2018-08-01,MIL,LAN,4,6,2018
2018-08-01,CIN,DET,4,7,2018
2018-08-02,NYA,BOS,7,15,2018
2018-08-02,ANA,TBA,2,4,2018
2018-08-02,TOR,SEA,7,3,2018
2018-08-02,KCA,CHA,4,6,2018
2018-08-02,BAL,TEX,8,17,2018
2018-08-02,CIN,WAS,4,10,2018
2018-08-02,MIA,PHI,2,5,2018
2018-08-02,ATL,NYN,4,2,2018
2018-08-02,MIL,LAN,5,21,2018
2018-08-02,SDN,CHN,6,1,2018
2018-08-02,SFN,ARI,8,1,2018
2018-08-02,COL,SLN,2,3,2018
2018-08-03,BAL,TEX,3,11,2018
2018-08-03,TOR,SEA,7,2,2018
2018-08-03,DET,OAK,0,1,2018
2018-08-03,KCA,MIN,4,6,2018
2018-08-03,ANA,CLE,7,4,2018
2018-08-03,NYA,BOS,1,4,2018
2018-08-03,CHA,TBA,3,2,2018
2018-08-03,MIA,PHI,1,5,2018
2018-08-03,ATL,NYN,2,1,2018
2018-08-03,COL,MIL,3,5,2018
2018-08-03,HOU,LAN,2,1,2018
2018-08-03,SDN,CHN,4,5,2018
2018-08-03,SFN,ARI,3,6,2018
2018-08-03,SLN,PIT,6,7,2018
2018-08-04,BAL,TEX,1,3,2018
2018-08-04,CHA,TBA,2,1,2018
2018-08-04,TOR,SEA,5,1,2018
2018-08-04,DET,OAK,1,2,2018
2018-08-04,KCA,MIN,2,8,2018
2018-08-04,ANA,CLE,0,3,2018
2018-08-04,NYA,BOS,1,4,2018
2018-08-04,CIN,WAS,2,6,2018
2018-08-04,MIA,PHI,3,8,2018
2018-08-04,SLN,PIT,8,4,2018
2018-08-04,ATL,NYN,0,3,2018
2018-08-04,COL,MIL,4,8,2018
2018-08-04,HOU,LAN,14,0,2018
2018-08-04,SDN,CHN,4,5,2018
2018-08-04,SFN,ARI,3,9,2018
2018-08-04,CIN,WAS,7,1,2018
2018-08-05,KCA,MIN,5,6,2018
2018-08-05,DET,OAK,0,6,2018
2018-08-05,TOR,SEA,3,6,2018
2018-08-05,BAL,TEX,9,6,2018
2018-08-05,NYA,BOS,4,5,2018
2018-08-05,CHA,TBA,8,7,2018
2018-08-05,CIN,WAS,1,2,2018
2018-08-05,ANA,CLE,3,4,2018
2018-08-05,MIA,PHI,3,5,2018
2018-08-05,SLN,PIT,2,1,2018
2018-08-05,ATL,NYN,5,4,2018
2018-08-05,COL,MIL,5,4,2018
2018-08-05,HOU,LAN,2,3,2018
2018-08-05,SDN,CHN,10,6,2018
2018-08-05,SFN,ARI,3,2,2018
2018-08-06,SEA,TEX,4,3,2018
2018-08-06,CHN,KCA,3,1,2018
2018-08-06,MIN,CLE,0,10,2018
2018-08-06,NYA,CHA,7,0,2018
2018-08-06,DET,ANA,2,6,2018
2018-08-06,HOU,SFN,3,1,2018
2018-08-06,CIN,NYN,4,6,2018
2018-08-06,SLN,MIA,1,2,2018
2018-08-06,PIT,COL,0,2,2018
2018-08-06,PHI,ARI,2,3,2018
2018-08-07,BOS,TOR,10,7,2018
2018-08-07,BAL,TBA,3,4,2018
2018-08-07,LAN,OAK,4,2,2018
2018-08-07,CHN,KCA,5,0,2018
2018-08-07,MIN,CLE,3,2,2018
2018-08-07,NYA,CHA,4,3,2018
2018-08-07,DET,ANA,5,11,2018
2018-08-07,SEA,TEX,4,11,2018
2018-08-07,ATL,WAS,3,8,2018
2018-08-07,HOU,SFN,2,1,2018
2018-08-07,CIN,NYN,6,1,2018
2018-08-07,SDN,MIL,11,5,2018
2018-08-07,SLN,MIA,3,2,2018
2018-08-07,PIT,COL,10,2,2018
2018-08-07,PHI,ARI,5,2,2018
2018-08-07,ATL,WAS,3,1,2018
2018-08-08,BOS,TOR,10,5,2018
2018-08-08,SEA,TEX,7,11,2018
2018-08-08,BAL,TBA,5,4,2018
2018-08-08,CHN,KCA,0,9,2018
2018-08-08,MIN,CLE,2,5,2018
2018-08-08,NYA,CHA,7,3,2018
2018-08-08,LAN,OAK,2,3,2018
2018-08-08,ATL,WAS,8,3,2018
2018-08-08,CIN,NYN,0,8,2018
2018-08-08,SDN,MIL,4,8,2018
2018-08-08,SLN,MIA,7,1,2018
2018-08-08,PIT,COL,4,3,2018
2018-08-08,PHI,ARI,0,6,2018
2018-08-08,DET,ANA,0,6,2018
2018-08-09,BOS,TOR,5,8,2018
2018-08-09,BAL,TBA,4,5,2018
2018-08-09,TEX,NYA,3,7,2018
2018-08-09,SEA,HOU,8,6,2018
2018-08-09,MIN,CLE,4,5,2018
2018-08-09,PIT,SFN,10,5,2018
2018-08-09,SDN,MIL,8,4,2018
2018-08-09,LAN,COL,8,5,2018
2018-08-09,ATL,WAS,3,6,2018
2018-08-10,BOS,BAL,19,12,2018
2018-08-10,TBA,TOR,7,0,2018
2018-08-10,TEX,NYA,12,7,2018
2018-08-10,SLN,KCA,7,0,2018
2018-08-10,SEA,HOU,5,2,2018
2018-08-10,CLE,CHA,0,1,2018
2018-08-10,OAK,ANA,3,4,2018
2018-08-10,MIN,DET,3,5,2018
2018-08-10,PHI,SDN,0,2,2018
2018-08-10,NYN,MIA,6,2,2018
2018-08-10,PIT,SFN,10,13,2018
2018-08-10,LAN,COL,4,5,2018
2018-08-10,ARI,CIN,0,3,2018
2018-08-10,WAS,CHN,2,3,2018
2018-08-10,MIL,ATL,1,10,2018
2018-08-11,TBA,TOR,3,1,2018
2018-08-11,TEX,NYA,3,5,2018
2018-08-11,SLN,KCA,8,3,2018
2018-08-11,SEA,HOU,3,2,2018
2018-08-11,MIN,DET,4,3,2018
2018-08-11,CLE,CHA,3,1,2018
2018-08-11,BOS,BAL,6,4,2018
2018-08-11,BOS,BAL,5,0,2018
2018-08-11,OAK,ANA,7,0,2018
2018-08-11,PIT,SFN,4,0,2018
2018-08-11,PHI,SDN,5,1,2018
2018-08-11,NYN,MIA,3,4,2018
2018-08-11,LAN,COL,2,3,2018
2018-08-11,ARI,CIN,3,6,2018
2018-08-11,WAS,CHN,9,4,2018
2018-08-11,MIL,ATL,4,2,2018
2018-08-12,TEX,NYA,2,7,2018
2018-08-12,SLN,KCA,8,2,2018
2018-08-12,TBA,TOR,1,2,2018
2018-08-12,MIN,DET,2,4,2018
2018-08-12,CLE,CHA,9,7,2018
2018-08-12,BOS,BAL,4,1,2018
2018-08-12,OAK,ANA,8,7,2018
2018-08-12,SEA,HOU,4,3,2018
2018-08-12,PHI,SDN,3,9,2018
2018-08-12,NYN,MIA,4,3,2018
2018-08-12,LAN,COL,3,4,2018
2018-08-12,ARI,CIN,9,2,2018
2018-08-12,WAS,CHN,3,4,2018
2018-08-12,MIL,ATL,7,8,2018
2018-08-12,PIT,SFN,3,4,2018
2018-08-13,ARI,TEX,3,5,2018
2018-08-13,SEA,OAK,6,7,2018
2018-08-13,NYN,NYA,8,5,2018
2018-08-13,TOR,KCA,1,3,2018
2018-08-13,CHA,DET,5,9,2018
2018-08-13,WAS,SLN,6,7,2018
2018-08-13,ANA,SDN,6,3,2018
2018-08-13,SFN,LAN,5,2,2018
2018-08-13,CLE,CIN,10,3,2018
2018-08-13,MIA,ATL,1,6,2018
2018-08-13,MIA,ATL,1,9,2018
2018-08-14,SEA,OAK,2,3,2018
2018-08-14,ARI,TEX,6,4,2018
2018-08-14,TBA,NYA,1,4,2018
2018-08-14,PIT,MIN,2,5,2018
2018-08-14,TOR,KCA,6,5,2018
2018-08-14,COL,HOU,5,1,2018
2018-08-14,CHA,DET,6,3,2018
2018-08-14,MIL,CHN,7,0,2018
2018-08-14,WAS,SLN,4,6,2018
2018-08-14,ANA,SDN,7,3,2018
2018-08-14,BOS,PHI,2,1,2018
2018-08-14,SFN,LAN,2,1,2018
2018-08-14,CLE,CIN,8,1,2018
2018-08-14,MIA,ATL,6,10,2018
2018-08-14,NYN,BAL,3,6,2018
2018-08-15,CHA,DET,6,5,2018
2018-08-15,TBA,NYA,6,1,2018
2018-08-15,PIT,MIN,4,6,2018
2018-08-15,TOR,KCA,6,5,2018
2018-08-15,COL,HOU,1,12,2018
2018-08-15,NYN,BAL,16,5,2018
2018-08-15,SEA,OAK,2,0,2018
2018-08-15,ANA,SDN,3,2,2018
2018-08-15,BOS,PHI,4,7,2018
2018-08-15,SFN,LAN,3,4,2018
2018-08-15,CLE,CIN,4,3,2018
2018-08-15,MIL,CHN,4,8,2018
2018-08-15,MIA,ATL,2,5,2018
2018-08-15,WAS,SLN,2,4,2018
2018-08-16,ANA,TEX,6,8,2018
2018-08-16,TBA,NYA,3,1,2018
2018-08-16,DET,MIN,8,15,2018
2018-08-16,TOR,KCA,2,6,2018
2018-08-16,WAS,SLN,5,4,2018
2018-08-16,ARI,SDN,5,1,2018
2018-08-16,CHN,PIT,1,0,2018
2018-08-16,NYN,PHI,6,9,2018
2018-08-16,NYN,PHI,24,4,2018
2018-08-16,COL,ATL,5,3,2018
2018-08-17,ANA,TEX,4,6,2018
2018-08-17,LAN,SEA,11,1,2018
2018-08-17,HOU,OAK,3,4,2018
2018-08-17,TOR,NYA,5,7,2018
2018-08-17,DET,MIN,4,5,2018
2018-08-17,BAL,CLE,1,2,2018
2018-08-17,KCA,CHA,3,9,2018
2018-08-17,NYN,PHI,2,4,2018
2018-08-17,MIA,WAS,2,8,2018
2018-08-17,MIL,SLN,2,5,2018
2018-08-17,ARI,SDN,9,4,2018
2018-08-17,CHN,PIT,1,0,2018
2018-08-17,SFN,CIN,1,2,2018
2018-08-17,COL,ATL,11,5,2018
2018-08-17,TBA,BOS,3,7,2018
2018-08-18,BAL,CLE,4,2,2018
2018-08-18,ANA,TEX,11,7,2018
2018-08-18,LAN,SEA,4,5,2018
2018-08-18,HOU,OAK,1,7,2018
2018-08-18,TOR,NYA,6,11,2018
2018-08-18,DET,MIN,7,5,2018
2018-08-18,KCA,CHA,3,1,2018
2018-08-18,TBA,BOS,2,5,2018
2018-08-18,MIA,WAS,7,5,2018
2018-08-18,MIL,SLN,2,7,2018
2018-08-18,ARI,SDN,6,7,2018
2018-08-18,CHN,PIT,1,3,2018
2018-08-18,NYN,PHI,3,1,2018
2018-08-18,SFN,CIN,1,7,2018
2018-08-18,COL,ATL,5,3,2018
2018-08-19,ANA,TEX,2,4,2018
2018-08-19,LAN,SEA,12,1,2018
2018-08-19,TOR,NYA,2,10,2018
2018-08-19,DET,MIN,4,5,2018
2018-08-19,BAL,CLE,0,8,2018
2018-08-19,KCA,CHA,6,7,2018
2018-08-19,TBA,BOS,2,0,2018
2018-08-19,HOU,OAK,9,4,2018
2018-08-19,MIL,SLN,2,1,2018
2018-08-19,ARI,SDN,4,3,2018
2018-08-19,CHN,PIT,1,2,2018
2018-08-19,NYN,PHI,8,2,2018
2018-08-19,SFN,CIN,4,11,2018
2018-08-19,COL,ATL,4,2,2018
2018-08-19,MIA,WAS,12,1,2018
2018-08-20,BAL,TOR,3,5,2018
2018-08-20,KCA,TBA,0,1,2018
2018-08-20,HOU,SEA,4,7,2018
2018-08-20,TEX,OAK,0,9,2018
2018-08-20,CHA,MIN,8,5,2018
2018-08-20,CLE,BOS,5,4,2018
2018-08-20,SFN,NYN,2,1,2018
2018-08-20,CIN,MIL,2,5,2018
2018-08-20,SLN,LAN,5,3,2018
2018-08-20,ATL,PIT,1,0,2018
2018-08-21,MIN,CHA,5,2,2018
2018-08-21,KCA,TBA,1,4,2018
2018-08-21,HOU,SEA,3,2,2018
2018-08-21,BAL,TOR,2,8,2018
2018-08-21,TEX,OAK,0,6,2018
2018-08-21,CHN,DET,1,2,2018
2018-08-21,CLE,BOS,6,3,2018
2018-08-21,SLN,LAN,5,2,2018
2018-08-21,ATL,PIT,6,1,2018
2018-08-21,SFN,NYN,3,6,2018
2018-08-21,CIN,MIL,9,7,2018
2018-08-21,NYA,MIA,2,1,2018
2018-08-21,SDN,COL,4,3,2018
2018-08-21,ANA,ARI,4,5,2018
2018-08-21,PHI,WAS,4,10,2018
2018-08-22,BAL,TOR,0,6,2018
2018-08-22,KCA,TBA,3,6,2018
2018-08-22,HOU,SEA,10,7,2018
2018-08-22,CHN,DET,8,2,2018
2018-08-22,MIN,CHA,3,7,2018
2018-08-22,CLE,BOS,4,10,2018
2018-08-22,PHI,WAS,7,8,2018
2018-08-22,TEX,OAK,4,2,2018
2018-08-22,SFN,NYN,3,5,2018
2018-08-22,CIN,MIL,0,4,2018
2018-08-22,NYA,MIA,3,9,2018
2018-08-22,SLN,LAN,3,1,2018
2018-08-22,SDN,COL,2,6,2018
2018-08-22,ANA,ARI,1,5,2018
2018-08-22,ATL,PIT,2,1,2018
2018-08-23,KCA,TBA,3,4,2018
2018-08-23,OAK,MIN,4,6,2018
2018-08-23,CHA,DET,2,7,2018
2018-08-23,CLE,BOS,0,7,2018
2018-08-23,PHI,WAS,2,0,2018
2018-08-23,ATL,MIA,5,0,2018
2018-08-23,SDN,COL,3,4,2018
2018-08-23,CIN,CHN,1,7,2018
2018-08-23,SFN,NYN,3,1,2018
2018-08-24,NYA,BAL,7,5,2018
2018-08-24,BOS,TBA,3,10,2018
2018-08-24,OAK,MIN,7,1,2018
2018-08-24,CLE,KCA,4,5,2018
2018-08-24,PHI,TOR,2,4,2018
2018-08-24,CHA,DET,6,3,2018
2018-08-24,HOU,ANA,9,3,2018
2018-08-24,SDN,LAN,1,11,2018
2018-08-24,WAS,NYN,0,3,2018
2018-08-24,PIT,MIL,6,7,2018
2018-08-24,ATL,MIA,0,1,2018
2018-08-24,SLN,COL,7,5,2018
2018-08-24,CIN,CHN,2,3,2018
2018-08-24,SEA,ARI,6,3,2018
2018-08-24,TEX,SFN,7,6,2018
2018-08-25,PHI,TOR,6,8,2018
2018-08-25,BOS,TBA,1,5,2018
2018-08-25,OAK,MIN,6,2,2018
2018-08-25,CLE,KCA,1,7,2018
2018-08-25,CHA,DET,6,1,2018
2018-08-25,NYA,BAL,5,1,2018
2018-08-25,NYA,BAL,10,3,2018
2018-08-25,HOU,ANA,8,3,2018
2018-08-25,TEX,SFN,3,5,2018
2018-08-25,PIT,MIL,9,1,2018
2018-08-25,ATL,MIA,1,3,2018
2018-08-25,SDN,LAN,4,5,2018
2018-08-25,SLN,COL,1,9,2018
2018-08-25,CIN,CHN,6,10,2018
2018-08-25,SEA,ARI,4,3,2018
2018-08-25,WAS,NYN,0,3,2018
2018-08-26,NYA,BAL,5,3,2018
2018-08-26,PHI,TOR,8,3,2018
2018-08-26,BOS,TBA,1,9,2018
2018-08-26,OAK,MIN,6,2,2018
2018-08-26,CLE,KCA,12,5,2018
2018-08-26,CHA,DET,7,2,2018
2018-08-26,HOU,ANA,3,1,2018
2018-08-26,SEA,ARI,2,5,2018
2018-08-26,WAS,NYN,15,0,2018
2018-08-26,CIN,CHN,0,9,2018
2018-08-26,SLN,COL,12,3,2018
2018-08-26,TEX,SFN,1,3,2018
2018-08-26,ATL,MIA,4,0,2018
2018-08-26,PIT,MIL,4,7,2018
2018-08-26,SDN,LAN,3,7,2018
2018-08-27,CHA,NYA,6,2,2018
2018-08-27,TOR,BAL,0,7,2018
2018-08-27,COL,ANA,7,10,2018
2018-08-27,OAK,HOU,4,11,2018
2018-08-27,WAS,PHI,5,3,2018
2018-08-27,NYN,CHN,4,7,2018
2018-08-27,ARI,SFN,0,2,2018
2018-08-28,MIA,BOS,7,8,2018
2018-08-28,LAN,TEX,8,4,2018
2018-08-28,CHA,NYA,4,5,2018
2018-08-28,DET,KCA,2,6,2018
2018-08-28,OAK,HOU,4,3,2018
2018-08-28,MIN,CLE,1,8,2018
2018-08-28,TOR,BAL,5,12,2018
2018-08-28,ARI,SFN,0,1,2018
2018-08-28,PIT,SLN,2,5,2018
2018-08-28,SEA,SDN,1,2,2018
2018-08-28,WAS,PHI,5,4,2018
2018-08-28,MIL,CIN,7,9,2018
2018-08-28,NYN,CHN,1,2,2018
2018-08-28,TBA,ATL,5,9,2018
2018-08-28,COL,ANA,3,2,2018
2018-08-29,MIA,BOS,6,14,2018
2018-08-29,LAN,TEX,3,1,2018
2018-08-29,CHA,NYA,4,1,2018
2018-08-29,DET,KCA,2,9,2018
2018-08-29,OAK,HOU,4,5,2018
2018-08-29,MIN,CLE,4,3,2018
2018-08-29,TOR,BAL,5,10,2018
2018-08-29,MIL,CIN,13,12,2018
2018-08-29,ARI,SFN,3,1,2018
2018-08-29,SEA,SDN,3,8,2018
2018-08-29,WAS,PHI,6,8,2018
2018-08-29,NYN,CHN,10,3,2018
2018-08-29,TBA,ATL,8,5,2018
2018-08-29,PIT,SLN,2,0,2018
2018-08-30,SEA,OAK,7,1,2018
2018-08-30,DET,NYA,8,7,2018
2018-08-30,ANA,HOU,5,2,2018
2018-08-30,MIN,CLE,3,5,2018
2018-08-30,BOS,CHA,9,4,2018
2018-08-30,COL,SDN,2,3,2018
2018-08-30,ARI,LAN,3,1,2018
2018-08-30,MIL,CIN,2,1,2018
2018-08-30,CHN,ATL,5,4,2018
2018-08-30,PIT,SLN,0,5,2018
2018-08-31,BOS,CHA,1,6,2018
2018-08-31,MIN,TEX,10,7,2018
2018-08-31,DET,NYA,5,7,2018
2018-08-31,BAL,KCA,2,9,2018
2018-08-31,ANA,HOU,3,0,2018
2018-08-31,TBA,CLE,0,3,2018
2018-08-31,MIL,WAS,4,1,2018
2018-08-31,SEA,OAK,5,7,2018
2018-08-31,NYN,SFN,0,7,2018
2018-08-31,COL,SDN,0,7,2018
2018-08-31,CHN,PHI,1,2,2018
2018-08-31,TOR,MIA,6,5,2018
2018-08-31,ARI,LAN,2,3,2018
2018-08-31,CIN,SLN,5,12,2018
2018-08-31,PIT,ATL,3,2,2018
2018-09-01,MIN,TEX,4,7,2018
2018-09-01,SEA,OAK,8,7,2018
2018-09-01,DET,NYA,1,2,2018
2018-09-01,BAL,KCA,4,5,2018
2018-09-01,ANA,HOU,3,7,2018
2018-09-01,TBA,CLE,5,3,2018
2018-09-01,BOS,CHA,6,1,2018
2018-09-01,PIT,ATL,3,5,2018
2018-09-01,CIN,SLN,4,0,2018
2018-09-01,NYN,SFN,2,1,2018
2018-09-01,COL,SDN,4,2,2018
2018-09-01,CHN,PHI,7,1,2018
2018-09-01,TOR,MIA,3,6,2018
2018-09-01,ARI,LAN,2,3,2018
2018-09-01,MIL,WAS,4,5,2018
2018-09-02,SEA,OAK,2,8,2018
2018-09-02,DET,NYA,11,7,2018
2018-09-02,BAL,KCA,1,9,2018
2018-09-02,ANA,HOU,2,4,2018
2018-09-02,TBA,CLE,6,4,2018
2018-09-02,BOS,CHA,0,8,2018
2018-09-02,MIL,WAS,9,4,2018
2018-09-02,MIN,TEX,4,18,2018
2018-09-02,NYN,SFN,4,1,2018
2018-09-02,COL,SDN,7,3,2018
2018-09-02,CHN,PHI,8,1,2018
2018-09-02,TOR,MIA,6,1,2018
2018-09-02,ARI,LAN,2,3,2018
2018-09-02,PIT,ATL,1,5,2018
2018-09-02,CIN,SLN,6,4,2018
2018-09-03,ANA,TEX,3,1,2018
2018-09-03,BAL,SEA,1,2,2018
2018-09-03,NYA,OAK,3,6,2018
2018-09-03,MIN,HOU,1,4,2018
2018-09-03,KCA,CLE,5,1,2018
2018-09-03,DET,CHA,2,4,2018
2018-09-03,SLN,WAS,3,4,2018
2018-09-03,TBA,TOR,7,1,2018
2018-09-03,CHN,MIL,3,4,2018
2018-09-03,SDN,ARI,6,2,2018
2018-09-03,BOS,ATL,8,2,2018
2018-09-03,CIN,PIT,1,5,2018
2018-09-03,NYN,LAN,4,2,2018
2018-09-03,PHI,MIA,1,3,2018
2018-09-03,SFN,COL,8,9,2018
2018-09-04,TBA,TOR,4,0,2018
2018-09-04,ANA,TEX,2,4,2018
2018-09-04,BAL,SEA,5,3,2018
2018-09-04,NYA,OAK,5,1,2018
2018-09-04,MIN,HOU,2,5,2018
2018-09-04,KCA,CLE,3,9,2018
2018-09-04,SLN,WAS,11,8,2018
2018-09-04,DET,CHA,8,3,2018
2018-09-04,CHN,MIL,1,11,2018
2018-09-04,PHI,MIA,9,4,2018
2018-09-04,NYN,LAN,4,11,2018
2018-09-04,SFN,COL,2,6,2018
2018-09-04,BOS,ATL,5,1,2018
2018-09-04,SDN,ARI,0,6,2018
2018-09-04,CIN,PIT,3,7,2018
2018-09-05,KCA,CLE,1,3,2018
2018-09-05,ANA,TEX,9,3,2018
2018-09-05,BAL,SEA,2,5,2018
2018-09-05,NYA,OAK,2,8,2018
2018-09-05,MIN,HOU,1,9,2018
2018-09-05,TBA,TOR,3,10,2018
2018-09-05,DET,CHA,10,2,2018
2018-09-05,CIN,PIT,2,3,2018
2018-09-05,CHN,MIL,6,4,2018
2018-09-05,PHI,MIA,1,2,2018
2018-09-05,NYN,LAN,7,3,2018
2018-09-05,SFN,COL,3,5,2018
2018-09-05,BOS,ATL,9,8,2018
2018-09-05,SLN,WAS,7,6,2018
2018-09-06,CLE,TOR,9,4,2018
2018-09-06,CHN,WAS,6,4,2018
2018-09-06,SDN,CIN,6,2,2018
2018-09-06,ATL,ARI,7,6,2018
2018-09-07,CLE,TOR,2,3,2018
2018-09-07,BAL,TBA,2,14,2018
2018-09-07,NYA,SEA,4,0,2018
2018-09-07,TEX,OAK,4,8,2018
2018-09-07,KCA,MIN,6,10,2018
2018-09-07,SLN,DET,3,5,2018
2018-09-07,ANA,CHA,5,2,2018
2018-09-07,PHI,NYN,4,3,2018
2018-09-07,MIA,PIT,3,5,2018
2018-09-07,SFN,MIL,2,4,2018
2018-09-07,LAN,COL,4,2,2018
2018-09-07,SDN,CIN,6,12,2018
2018-09-07,ATL,ARI,3,5,2018
2018-09-07,HOU,BOS,6,3,2018
2018-09-08,ANA,CHA,12,3,2018
2018-09-08,CLE,TOR,9,8,2018
2018-09-08,BAL,TBA,5,10,2018
2018-09-08,NYA,SEA,4,2,2018
2018-09-08,TEX,OAK,6,8,2018
2018-09-08,KCA,MIN,4,1,2018
2018-09-08,HOU,BOS,5,3,2018
2018-09-08,SLN,DET,3,4,2018
2018-09-08,CHN,WAS,3,10,2018
2018-09-08,MIA,PIT,1,5,2018
2018-09-08,PHI,NYN,5,10,2018
2018-09-08,SFN,MIL,3,4,2018
2018-09-08,LAN,COL,2,4,2018
2018-09-08,SDN,CIN,2,7,2018
2018-09-08,ATL,ARI,5,4,2018
2018-09-08,CHN,WAS,5,6,2018
2018-09-09,CLE,TOR,2,6,2018
2018-09-09,NYA,SEA,2,3,2018
2018-09-09,TEX,OAK,3,7,2018
2018-09-09,KCA,MIN,1,3,2018
2018-09-09,SLN,DET,5,2,2018
2018-09-09,ANA,CHA,1,0,2018
2018-09-09,BAL,TBA,3,8,2018
2018-09-09,PHI,NYN,4,6,2018
2018-09-09,SFN,MIL,3,6,2018
2018-09-09,LAN,COL,9,6,2018
2018-09-09,SDN,CIN,7,6,2018
2018-09-09,ATL,ARI,9,5,2018
2018-09-09,HOU,BOS,5,6,2018
2018-09-10,CLE,TBA,5,6,2018
2018-09-10,NYA,MIN,7,2,2018
2018-09-10,CHA,KCA,3,4,2018
2018-09-10,HOU,DET,3,2,2018
2018-09-10,TEX,ANA,5,2,2018
2018-09-10,ATL,SFN,4,1,2018
2018-09-10,ARI,COL,2,13,2018
2018-09-10,LAN,CIN,6,10,2018
2018-09-10,MIL,CHN,3,2,2018
2018-09-10,PIT,SLN,7,8,2018
2018-09-11,OAK,BAL,3,2,2018
2018-09-11,SDN,SEA,2,1,2018
2018-09-11,NYA,MIN,5,10,2018
2018-09-11,CHA,KCA,3,6,2018
2018-09-11,CLE,TBA,2,0,2018
2018-09-11,HOU,DET,5,4,2018
2018-09-11,TOR,BOS,2,7,2018
2018-09-11,TEX,ANA,0,1,2018
2018-09-11,MIA,NYN,5,3,2018
2018-09-11,ATL,SFN,4,1,2018
2018-09-11,WAS,PHI,7,6,2018
2018-09-11,WAS,PHI,3,1,2018
2018-09-11,ARI,COL,6,3,2018
2018-09-11,LAN,CIN,1,3,2018
2018-09-11,MIL,CHN,0,3,2018
2018-09-11,PIT,SLN,5,11,2018
2018-09-12,CLE,TBA,1,3,2018
2018-09-12,SDN,SEA,5,4,2018
2018-09-12,NYA,MIN,1,3,2018
2018-09-12,HOU,DET,5,4,2018
2018-09-12,TOR,BOS,0,1,2018
2018-09-12,OAK,BAL,10,0,2018
2018-09-12,TEX,ANA,1,8,2018
2018-09-12,CHA,KCA,4,2,2018
2018-09-12,ATL,SFN,2,1,2018
2018-09-12,WAS,PHI,5,1,2018
2018-09-12,MIA,NYN,0,13,2018
2018-09-12,ARI,COL,4,5,2018
2018-09-12,LAN,CIN,8,1,2018
2018-09-12,MIL,CHN,5,1,2018
2018-09-12,PIT,SLN,4,3,2018
2018-09-13,MIN,KCA,4,6,2018
2018-09-13,TOR,BOS,3,4,2018
2018-09-13,OAK,BAL,3,5,2018
2018-09-13,SEA,ANA,8,2,2018
2018-09-13,CHN,WAS,4,3,2018
2018-09-13,MIA,NYN,2,5,2018
2018-09-13,MIA,NYN,3,4,2018
2018-09-13,ARI,COL,3,10,2018
2018-09-13,LAN,SLN,9,7,2018
2018-09-14,NYN,BOS,8,0,2018
2018-09-14,OAK,TBA,2,1,2018
2018-09-14,TOR,NYA,0,11,2018
2018-09-14,MIN,KCA,4,8,2018
2018-09-14,ARI,HOU,4,2,2018
2018-09-14,DET,CLE,5,4,2018
2018-09-14,CHA,BAL,8,6,2018
2018-09-14,WAS,ATL,5,10,2018
2018-09-14,LAN,SLN,3,0,2018
2018-09-14,COL,SFN,0,2,2018
2018-09-14,TEX,SDN,4,0,2018
2018-09-14,MIA,PHI,2,14,2018
2018-09-14,PIT,MIL,4,7,2018
2018-09-14,CIN,CHN,2,3,2018
2018-09-14,SEA,ANA,5,0,2018
2018-09-15,OAK,TBA,5,7,2018
2018-09-15,TOR,NYA,8,7,2018
2018-09-15,MIN,KCA,3,10,2018
2018-09-15,ARI,HOU,4,10,2018
2018-09-15,DET,CLE,0,15,2018
2018-09-15,NYN,BOS,3,5,2018
2018-09-15,CHA,BAL,2,0,2018
2018-09-15,TEX,SDN,6,3,2018
2018-09-15,LAN,SLN,17,4,2018
2018-09-15,COL,SFN,0,3,2018
2018-09-15,MIA,PHI,4,5,2018
2018-09-15,PIT,MIL,3,1,2018
2018-09-15,CIN,CHN,0,1,2018
2018-09-15,WAS,ATL,7,1,2018
2018-09-15,SEA,ANA,6,5,2018
2018-09-16,NYN,BOS,3,4,2018
2018-09-16,DET,CLE,6,4,2018
2018-09-16,CHA,BAL,4,8,2018
2018-09-16,MIN,KCA,9,6,2018
2018-09-16,OAK,TBA,4,5,2018
2018-09-16,ARI,HOU,4,5,2018
2018-09-16,SEA,ANA,3,4,2018
2018-09-16,TOR,NYA,3,2,2018
2018-09-16,COL,SFN,3,2,2018
2018-09-16,TEX,SDN,3,7,2018
2018-09-16,MIA,PHI,6,4,2018
2018-09-16,PIT,MIL,3,2,2018
2018-09-16,CIN,CHN,2,1,2018
2018-09-16,LAN,SLN,0,5,2018
2018-09-16,WAS,ATL,6,4,2018
2018-09-17,TBA,TEX,3,0,2018
2018-09-17,SEA,HOU,4,1,2018
2018-09-17,MIN,DET,6,1,2018
2018-09-17,TOR,BAL,5,0,2018
2018-09-17,SFN,SDN,4,2,2018
2018-09-17,KCA,PIT,6,7,2018
2018-09-17,NYN,PHI,9,4,2018
2018-09-17,CIN,MIL,0,8,2018
2018-09-17,WAS,MIA,5,8,2018
2018-09-17,COL,LAN,2,8,2018
2018-09-17,SLN,ATL,11,6,2018
2018-09-17,CHN,ARI,5,1,2018
2018-09-18,TBA,TEX,4,0,2018
2018-09-18,ANA,OAK,9,7,2018
2018-09-18,SEA,HOU,0,7,2018
2018-09-18,MIN,DET,5,3,2018
2018-09-18,CHA,CLE,3,5,2018
2018-09-18,TOR,BAL,6,4,2018
2018-09-18,SFN,SDN,5,4,2018
2018-09-18,BOS,NYA,2,3,2018
2018-09-18,NYN,PHI,2,5,2018
2018-09-18,CIN,MIL,3,1,2018
2018-09-18,WAS,MIA,4,2,2018
2018-09-18,COL,LAN,2,3,2018
2018-09-18,SLN,ATL,8,1,2018
2018-09-18,CHN,ARI,9,1,2018
2018-09-18,KCA,PIT,1,2,2018
2018-09-19,TBA,TEX,9,3,2018
2018-09-19,ANA,OAK,0,10,2018
2018-09-19,BOS,NYA,1,10,2018
2018-09-19,MIN,DET,8,2,2018
2018-09-19,CHA,CLE,1,4,2018
2018-09-19,TOR,BAL,1,2,2018
2018-09-19,SEA,HOU,9,0,2018
2018-09-19,KCA,PIT,1,2,2018
2018-09-19,NYN,PHI,0,4,2018
2018-09-19,CIN,MIL,0,7,2018
2018-09-19,COL,LAN,2,5,2018
2018-09-19,SLN,ATL,3,7,2018
2018-09-19,CHN,ARI,0,9,2018
2018-09-19,SFN,SDN,4,8,2018
2018-09-20,TBA,TOR,8,9,2018
2018-09-20,ANA,OAK,3,21,2018
2018-09-20,BOS,NYA,11,6,2018
2018-09-20,KCA,DET,8,11,2018
2018-09-20,CHA,CLE,5,4,2018
2018-09-20,CIN,MIA,4,2,2018
2018-09-20,PHI,ATL,3,8,2018
2018-09-20,NYN,WAS,5,4,2018
2018-09-21,BOS,CLE,7,5,2018
2018-09-21,TBA,TOR,11,3,2018
2018-09-21,SEA,TEX,3,8,2018
2018-09-21,MIN,OAK,6,7,2018
2018-09-21,BAL,NYA,8,10,2018
2018-09-21,KCA,DET,4,3,2018
2018-09-21,CHN,CHA,4,10,2018
2018-09-21,ANA,HOU,3,11,2018
2018-09-21,SFN,SLN,3,5,2018
2018-09-21,MIL,PIT,8,3,2018
2018-09-21,NYN,WAS,4,2,2018
2018-09-21,CIN,MIA,0,1,2018
2018-09-21,SDN,LAN,5,3,2018
2018-09-21,PHI,ATL,5,6,2018
2018-09-21,COL,ARI,6,2,2018
2018-09-22,TBA,TOR,2,5,2018
2018-09-22,SEA,TEX,13,0,2018
2018-09-22,MIN,OAK,2,3,2018
2018-09-22,BAL,NYA,2,3,2018
2018-09-22,ANA,HOU,5,10,2018
2018-09-22,KCA,DET,4,5,2018
2018-09-22,BOS,CLE,4,5,2018
2018-09-22,CHN,CHA,8,3,2018
2018-09-22,NYN,WAS,0,6,2018
2018-09-22,SFN,SLN,4,5,2018
2018-09-22,MIL,PIT,0,3,2018
2018-09-22,CIN,MIA,1,5,2018
2018-09-22,SDN,LAN,2,7,2018
2018-09-22,PHI,ATL,3,5,2018
2018-09-22,COL,ARI,5,1,2018
2018-09-23,SEA,TEX,1,6,2018
2018-09-23,TBA,TOR,5,2,2018
2018-09-23,BAL,NYA,6,3,2018
2018-09-23,ANA,HOU,2,6,2018
2018-09-23,KCA,DET,3,2,2018
2018-09-23,BOS,CLE,3,4,2018
2018-09-23,CHN,CHA,6,1,2018
2018-09-23,MIN,OAK,5,1,2018
2018-09-23,SFN,SLN,2,9,2018
2018-09-23,MIL,PIT,13,6,2018
2018-09-23,CIN,MIA,0,6,2018
2018-09-23,SDN,LAN,0,14,2018
2018-09-23,PHI,ATL,1,2,2018
2018-09-23,COL,ARI,2,0,2018
2018-09-23,NYN,WAS,8,6,2018
2018-09-24,HOU,TOR,5,3,2018
2018-09-24,NYA,TBA,4,1,2018
2018-09-24,OAK,SEA,7,3,2018
2018-09-24,CLE,CHA,4,0,2018
2018-09-24,BAL,BOS,2,6,2018
2018-09-24,TEX,ANA,4,5,2018
2018-09-24,MIA,WAS,3,7,2018
2018-09-24,MIL,SLN,6,4,2018
2018-09-24,SDN,SFN,5,0,2018
2018-09-24,PHI,COL,1,10,2018
2018-09-24,PIT,CHN,5,1,2018
2018-09-24,LAN,ARI,7,4,2018
2018-09-25,HOU,TOR,4,1,2018
2018-09-25,NYA,TBA,9,2,2018
2018-09-25,OAK,SEA,8,10,2018
2018-09-25,DET,MIN,4,2,2018
2018-09-25,CLE,CHA,4,5,2018
2018-09-25,TEX,ANA,1,4,2018
2018-09-25,MIA,WAS,4,9,2018
2018-09-25,LAN,ARI,3,4,2018
2018-09-25,SDN,SFN,4,5,2018
2018-09-25,ATL,NYN,7,3,2018
2018-09-25,PHI,COL,3,10,2018
2018-09-25,KCA,CIN,4,3,2018
2018-09-25,PIT,CHN,6,0,2018
2018-09-25,MIL,SLN,12,4,2018
2018-09-26,BAL,BOS,10,3,2018
2018-09-26,HOU,TOR,1,3,2018
2018-09-26,NYA,TBA,7,8,2018
2018-09-26,OAK,SEA,9,3,2018
2018-09-26,DET,MIN,4,11,2018
2018-09-26,CLE,CHA,10,2,2018
2018-09-26,BAL,BOS,3,19,2018
2018-09-26,TEX,ANA,2,3,2018
2018-09-26,MIL,SLN,2,1,2018
2018-09-26,SDN,SFN,3,2,2018
2018-09-26,ATL,NYN,0,3,2018
2018-09-26,PHI,COL,0,14,2018
2018-09-26,KCA,CIN,6,1,2018
2018-09-26,PIT,CHN,6,7,2018
2018-09-26,LAN,ARI,2,7,2018
2018-09-26,MIA,WAS,3,9,2018
2018-09-27,CLE,KCA,1,2,2018
2018-09-27,NYA,TBA,12,1,2018
2018-09-27,TEX,SEA,2,0,2018
2018-09-27,DET,MIN,3,9,2018
2018-09-27,PIT,CHN,0,3,2018
2018-09-27,ATL,NYN,1,4,2018
2018-09-27,PHI,COL,3,5,2018
2018-09-28,CLE,KCA,14,6,2018
2018-09-28,CHA,MIN,1,2,2018
2018-09-28,MIA,NYN,8,1,2018
2018-09-28,TEX,SEA,6,12,2018
2018-09-28,TOR,TBA,7,6,2018
2018-09-28,NYA,BOS,11,6,2018
2018-09-28,CHA,MIN,4,12,2018
2018-09-28,HOU,BAL,2,1,2018
2018-09-28,PIT,CIN,8,4,2018
2018-09-28,LAN,SFN,3,1,2018
2018-09-28,ARI,SDN,2,3,2018
2018-09-28,ATL,PHI,10,2,2018
2018-09-28,DET,MIL,5,6,2018
2018-09-28,WAS,COL,2,5,2018
2018-09-28,SLN,CHN,4,8,2018
2018-09-28,OAK,ANA,5,8,2018
2018-09-29,NYA,BOS,8,5,2018
2018-09-29,CLE,KCA,4,9,2018
2018-09-29,ATL,PHI,0,3,2018
2018-09-29,TEX,SEA,1,4,2018
2018-09-29,TOR,TBA,3,4,2018
2018-09-29,HOU,BAL,5,2,2018
2018-09-29,CHA,MIN,3,8,2018
2018-09-29,HOU,BAL,4,3,2018
2018-09-29,PIT,CIN,0,3,2018
2018-09-29,LAN,SFN,10,6,2018
2018-09-29,ARI,SDN,5,4,2018
2018-09-29,MIA,NYN,0,1,2018
2018-09-29,DET,MIL,5,6,2018
2018-09-29,WAS,COL,12,2,2018
2018-09-29,SLN,CHN,2,1,2018
2018-09-29,OAK,ANA,5,2,2018
2018-09-30,TOR,TBA,4,9,2018
2018-09-30,TEX,SEA,1,3,2018
2018-09-30,CHA,MIN,4,5,2018
2018-09-30,CLE,KCA,2,1,2018
2018-09-30,NYA,BOS,2,10,2018
2018-09-30,HOU,BAL,0,4,2018
2018-09-30,OAK,ANA,4,5,2018
2018-09-30,ATL,PHI,1,3,2018
2018-09-30,ARI,SDN,3,4,2018
2018-09-30,MIA,NYN,0,1,2018
2018-09-30,DET,MIL,0,11,2018
2018-09-30,WAS,COL,0,12,2018
2018-09-30,PIT,CIN,6,5,2018
2018-09-30,SLN,CHN,5,10,2018
2018-09-30,LAN,SFN,15,0,2018
2018-10-01,COL,LAN,2,5,2018
2018-10-01,MIL,CHN,3,1,2018
2019-03-20,SEA,OAK,9,7,2019
2019-03-21,SEA,OAK,5,4,2019
2019-03-28,CHN,TEX,12,4,2019
2019-03-28,BAL,NYA,2,7,2019
2019-03-28,HOU,TBA,5,1,2019
2019-03-28,BOS,SEA,4,12,2019
2019-03-28,ANA,OAK,0,4,2019
2019-03-28,DET,TOR,2,0,2019
2019-03-28,CLE,MIN,0,2,2019
2019-03-28,ARI,LAN,5,12,2019
2019-03-28,NYN,WAS,2,0,2019
2019-03-28,SFN,SDN,0,2,2019
2019-03-28,ATL,PHI,4,10,2019
2019-03-28,SLN,MIL,4,5,2019
2019-03-28,COL,MIA,6,3,2019
2019-03-28,PIT,CIN,3,5,2019
2019-03-28,CHA,KCA,3,5,2019
2019-03-29,DET,TOR,0,6,2019
2019-03-29,HOU,TBA,2,4,2019
2019-03-29,BOS,SEA,7,6,2019
2019-03-29,ANA,OAK,6,2,2019
2019-03-29,SFN,SDN,1,4,2019
2019-03-29,SLN,MIL,9,5,2019
2019-03-29,COL,MIA,6,1,2019
2019-03-29,ARI,LAN,5,4,2019
2019-03-30,CHN,TEX,6,8,2019
2019-03-30,HOU,TBA,1,3,2019
2019-03-30,BOS,SEA,5,6,2019
2019-03-30,ANA,OAK,2,4,2019
2019-03-30,BAL,NYA,5,3,2019
2019-03-30,CLE,MIN,2,1,2019
2019-03-30,DET,TOR,0,3,2019
2019-03-30,NYN,WAS,11,8,2019
2019-03-30,SFN,SDN,3,2,2019
2019-03-30,ATL,PHI,6,8,2019
2019-03-30,SLN,MIL,2,4,2019
2019-03-30,COL,MIA,3,7,2019
2019-03-30,ARI,LAN,5,18,2019
2019-03-30,CHA,KCA,6,8,2019
2019-03-31,DET,TOR,4,3,2019
2019-03-31,CHN,TEX,10,11,2019
2019-03-31,HOU,TBA,1,3,2019
2019-03-31,BOS,SEA,8,10,2019
2019-03-31,BAL,NYA,7,5,2019
2019-03-31,CLE,MIN,3,9,2019
2019-03-31,CHA,KCA,6,3,2019
2019-03-31,ANA,OAK,1,2,2019
2019-03-31,SFN,SDN,1,3,2019
2019-03-31,ATL,PHI,1,5,2019
2019-03-31,SLN,MIL,4,5,2019
2019-03-31,COL,MIA,0,3,2019
2019-03-31,ARI,LAN,7,8,2019
2019-03-31,PIT,CIN,5,0,2019
2019-03-31,NYN,WAS,5,6,2019
2019-04-01,HOU,TEX,2,1,2019
2019-04-01,COL,TBA,1,7,2019
2019-04-01,ANA,SEA,3,6,2019
2019-04-01,BOS,OAK,0,7,2019
2019-04-01,DET,NYA,1,3,2019
2019-04-01,CHA,CLE,3,5,2019
2019-04-01,NYN,MIA,7,3,2019
2019-04-01,SLN,PIT,6,5,2019
2019-04-01,SFN,LAN,4,2,2019
2019-04-01,MIL,CIN,4,3,2019
2019-04-01,CHN,ATL,0,8,2019
2019-04-01,BAL,TOR,6,5,2019
2019-04-01,ARI,SDN,10,3,2019
2019-04-02,ANA,SEA,1,2,2019
2019-04-02,BOS,OAK,0,1,2019
2019-04-02,HOU,TEX,4,6,2019
2019-04-02,COL,TBA,0,4,2019
2019-04-02,DET,NYA,3,1,2019
2019-04-02,BAL,TOR,2,1,2019
2019-04-02,PHI,WAS,8,2,2019
2019-04-02,ARI,SDN,8,5,2019
2019-04-02,NYN,MIA,6,5,2019
2019-04-02,SFN,LAN,5,6,2019
2019-04-02,MIL,CIN,4,3,2019
2019-04-02,MIN,KCA,5,4,2019
2019-04-03,BAL,TOR,3,5,2019
2019-04-03,HOU,TEX,0,4,2019
2019-04-03,COL,TBA,1,0,2019
2019-04-03,DET,NYA,2,1,2019
2019-04-03,MIN,KCA,7,6,2019
2019-04-03,CHA,CLE,8,3,2019
2019-04-03,BOS,OAK,6,3,2019
2019-04-03,ARI,SDN,1,4,2019
2019-04-03,SLN,PIT,5,4,2019
2019-04-03,NYN,MIA,6,4,2019
2019-04-03,SFN,LAN,3,5,2019
2019-04-03,MIL,CIN,1,0,2019
2019-04-03,CHN,ATL,4,6,2019
2019-04-03,PHI,WAS,8,9,2019
2019-04-04,BOS,OAK,3,7,2019
2019-04-04,KCA,DET,4,5,2019
2019-04-04,TOR,CLE,1,4,2019
2019-04-04,NYA,BAL,8,4,2019
2019-04-04,TEX,ANA,11,4,2019
2019-04-04,WAS,NYN,4,0,2019
2019-04-04,CHN,ATL,4,9,2019
2019-04-04,CIN,PIT,0,2,2019
2019-04-05,SDN,SLN,5,3,2019
2019-04-05,OAK,HOU,2,3,2019
2019-04-05,TOR,CLE,2,3,2019
2019-04-05,SEA,CHA,8,10,2019
2019-04-05,TEX,ANA,1,3,2019
2019-04-05,TBA,SFN,5,2,2019
2019-04-05,LAN,COL,10,6,2019
2019-04-05,MIN,PHI,4,10,2019
2019-04-05,CHN,MIL,10,13,2019
2019-04-05,MIA,ATL,0,4,2019
2019-04-05,BOS,ARI,8,15,2019
2019-04-05,CIN,PIT,0,2,2019
2019-04-06,OAK,HOU,0,6,2019
2019-04-06,KCA,DET,4,7,2019
2019-04-06,TOR,CLE,2,7,2019
2019-04-06,SEA,CHA,9,2,2019
2019-04-06,NYA,BAL,6,4,2019
2019-04-06,TEX,ANA,1,5,2019
2019-04-06,TBA,SFN,4,6,2019
2019-04-06,SDN,SLN,6,4,2019
2019-04-06,MIN,PHI,6,2,2019
2019-04-06,WAS,NYN,5,6,2019
2019-04-06,CHN,MIL,14,8,2019
2019-04-06,LAN,COL,7,2,2019
2019-04-06,MIA,ATL,4,2,2019
2019-04-06,BOS,ARI,4,5,2019
2019-04-06,CIN,PIT,5,6,2019
2019-04-07,SDN,SLN,1,4,2019
2019-04-07,OAK,HOU,8,9,2019
2019-04-07,KCA,DET,1,3,2019
2019-04-07,SEA,CHA,12,5,2019
2019-04-07,NYA,BAL,15,3,2019
2019-04-07,TEX,ANA,2,7,2019
2019-04-07,TBA,SFN,3,0,2019
2019-04-07,TOR,CLE,1,3,2019
2019-04-07,MIN,PHI,1,2,2019
2019-04-07,BOS,ARI,1,0,2019
2019-04-07,MIA,ATL,3,4,2019
2019-04-07,CIN,PIT,5,7,2019
2019-04-07,CHN,MIL,2,4,2019
2019-04-07,WAS,NYN,12,9,2019
2019-04-07,LAN,COL,12,6,2019
2019-04-08,OAK,BAL,4,12,2019
2019-04-08,PIT,CHN,0,10,2019
2019-04-08,ATL,COL,8,6,2019
2019-04-08,WAS,PHI,3,4,2019
2019-04-08,SDN,SFN,6,5,2019
2019-04-08,LAN,SLN,3,4,2019
2019-04-08,MIL,ANA,2,5,2019
2019-04-08,TBA,CHA,5,1,2019
2019-04-08,NYA,HOU,3,4,2019
2019-04-08,SEA,KCA,13,5,2019
2019-04-09,TBA,CHA,10,5,2019
2019-04-09,CLE,DET,8,2,2019
2019-04-09,MIN,NYN,14,8,2019
2019-04-09,SEA,KCA,6,3,2019
2019-04-09,TOR,BOS,7,5,2019
2019-04-09,NYA,HOU,3,6,2019
2019-04-09,OAK,BAL,13,2,2019
2019-04-09,MIA,CIN,0,14,2019
2019-04-09,LAN,SLN,0,4,2019
2019-04-09,SDN,SFN,2,7,2019
2019-04-09,WAS,PHI,10,6,2019
2019-04-09,ATL,COL,7,1,2019
2019-04-09,TEX,ARI,4,5,2019
2019-04-09,MIL,ANA,8,11,2019
2019-04-10,MIL,ANA,2,4,2019
2019-04-10,NYA,HOU,6,8,2019
2019-04-10,CLE,DET,1,4,2019
2019-04-10,TBA,CHA,9,1,2019
2019-04-10,OAK,BAL,10,3,2019
2019-04-10,SEA,KCA,6,5,2019
2019-04-10,SDN,SFN,3,1,2019
2019-04-10,WAS,PHI,15,1,2019
2019-04-10,MIN,NYN,6,9,2019
2019-04-10,MIA,CIN,1,2,2019
2019-04-10,PIT,CHN,5,2,2019
2019-04-10,TEX,ARI,5,2,2019
2019-04-10,LAN,SLN,2,7,2019
2019-04-11,SEA,KCA,7,6,2019
2019-04-11,CLE,DET,4,0,2019
2019-04-11,TOR,BOS,6,7,2019
2019-04-11,OAK,BAL,8,5,2019
2019-04-11,LAN,SLN,7,11,2019
2019-04-11,COL,SFN,0,1,2019
2019-04-11,MIA,CIN,0,5,2019
2019-04-11,PIT,CHN,0,2,2019
2019-04-11,NYN,ATL,6,3,2019
2019-04-11,SDN,ARI,7,6,2019
2019-04-12,OAK,TEX,8,6,2019
2019-04-12,TBA,TOR,11,7,2019
2019-04-12,HOU,SEA,10,6,2019
2019-04-12,CHA,NYA,9,6,2019
2019-04-12,CLE,KCA,1,8,2019
2019-04-12,BAL,BOS,4,6,2019
2019-04-12,NYN,ATL,6,2,2019
2019-04-12,COL,SFN,2,3,2019
2019-04-12,PHI,MIA,9,1,2019
2019-04-12,MIL,LAN,8,5,2019
2019-04-12,ANA,CHN,1,5,2019
2019-04-12,SDN,ARI,2,1,2019
2019-04-12,PIT,WAS,6,3,2019
2019-04-13,BAL,BOS,9,5,2019
2019-04-13,HOU,SEA,3,1,2019
2019-04-13,TBA,TOR,1,3,2019
2019-04-13,DET,MIN,3,4,2019
2019-04-13,CLE,KCA,0,3,2019
2019-04-13,PIT,WAS,2,3,2019
2019-04-13,CHA,NYA,0,4,2019
2019-04-13,PHI,MIA,3,10,2019
2019-04-13,MIL,LAN,4,1,2019
2019-04-13,SLN,CIN,2,5,2019
2019-04-13,ANA,CHN,6,5,2019
2019-04-13,NYN,ATL,7,11,2019
2019-04-13,SDN,ARI,5,4,2019
2019-04-13,COL,SFN,2,5,2019
2019-04-14,TBA,TOR,8,4,2019
2019-04-14,OAK,TEX,7,8,2019
2019-04-14,CHA,NYA,5,2,2019
2019-04-14,DET,MIN,4,6,2019
2019-04-14,CLE,KCA,8,9,2019
2019-04-14,BAL,BOS,0,4,2019
2019-04-14,HOU,SEA,3,2,2019
2019-04-14,COL,SFN,4,0,2019
2019-04-14,PHI,MIA,3,1,2019
2019-04-14,MIL,LAN,1,7,2019
2019-04-14,SLN,CIN,9,5,2019
2019-04-14,NYN,ATL,3,7,2019
2019-04-14,SDN,ARI,4,8,2019
2019-04-14,PIT,WAS,4,3,2019
2019-04-15,ANA,TEX,7,12,2019
2019-04-15,CLE,SEA,6,4,2019
2019-04-15,TOR,MIN,5,3,2019
2019-04-15,KCA,CHA,4,5,2019
2019-04-15,BAL,BOS,8,1,2019
2019-04-15,COL,SDN,5,2,2019
2019-04-15,SLN,MIL,7,10,2019
2019-04-15,CHN,MIA,7,2,2019
2019-04-15,CIN,LAN,3,4,2019
2019-04-15,NYN,PHI,7,6,2019
2019-04-16,TOR,MIN,6,5,2019
2019-04-16,ANA,TEX,0,5,2019
2019-04-16,BAL,TBA,2,4,2019
2019-04-16,CLE,SEA,4,2,2019
2019-04-16,HOU,OAK,9,1,2019
2019-04-16,BOS,NYA,0,8,2019
2019-04-16,PIT,DET,5,3,2019
2019-04-16,SFN,WAS,7,3,2019
2019-04-16,COL,SDN,8,2,2019
2019-04-16,NYN,PHI,3,14,2019
2019-04-16,SLN,MIL,4,8,2019
2019-04-16,CHN,MIA,4,0,2019
2019-04-16,CIN,LAN,1,6,2019
2019-04-16,ARI,ATL,9,6,2019
2019-04-16,KCA,CHA,1,5,2019
2019-04-17,CLE,SEA,1,0,2019
2019-04-17,ANA,TEX,4,5,2019
2019-04-17,BAL,TBA,1,8,2019
2019-04-17,HOU,OAK,1,2,2019
2019-04-17,TOR,MIN,1,4,2019
2019-04-17,PIT,DET,3,2,2019
2019-04-17,BOS,NYA,3,5,2019
2019-04-17,SFN,WAS,6,9,2019
2019-04-17,NYN,PHI,2,3,2019
2019-04-17,SLN,MIL,6,3,2019
2019-04-17,CHN,MIA,6,0,2019
2019-04-17,CIN,LAN,2,3,2019
2019-04-17,ARI,ATL,3,2,2019
2019-04-17,KCA,CHA,4,3,2019
2019-04-18,BAL,TBA,6,5,2019
2019-04-18,KCA,NYA,6,1,2019
2019-04-18,TOR,MIN,7,4,2019
2019-04-18,CHA,DET,7,9,2019
2019-04-18,SEA,ANA,11,10,2019
2019-04-18,LAN,MIL,3,1,2019
2019-04-18,CIN,SDN,4,1,2019
2019-04-18,PHI,COL,2,6,2019
2019-04-18,ARI,ATL,4,1,2019
2019-04-18,SFN,WAS,2,4,2019
2019-04-19,KCA,NYA,2,6,2019
2019-04-19,HOU,TEX,7,2,2019
2019-04-19,CHA,DET,7,3,2019
2019-04-19,BOS,TBA,6,4,2019
2019-04-19,TOR,OAK,5,1,2019
2019-04-19,SEA,ANA,5,3,2019
2019-04-19,WAS,MIA,2,3,2019
2019-04-19,CIN,SDN,3,2,2019
2019-04-19,SFN,PIT,1,4,2019
2019-04-19,LAN,MIL,5,3,2019
2019-04-19,PHI,COL,3,4,2019
2019-04-19,ARI,CHN,1,5,2019
2019-04-19,NYN,SLN,5,4,2019
2019-04-20,HOU,TEX,4,9,2019
2019-04-20,BOS,TBA,6,5,2019
2019-04-20,TOR,OAK,10,1,2019
2019-04-20,KCA,NYA,2,9,2019
2019-04-20,ATL,CLE,8,7,2019
2019-04-20,ATL,CLE,4,8,2019
2019-04-20,MIN,BAL,16,7,2019
2019-04-20,MIN,BAL,6,5,2019
2019-04-20,NYN,SLN,2,10,2019
2019-04-20,CIN,SDN,4,2,2019
2019-04-20,SFN,PIT,1,3,2019
2019-04-20,LAN,MIL,0,5,2019
2019-04-20,WAS,MIA,3,9,2019
2019-04-20,PHI,COL,8,5,2019
2019-04-20,ARI,CHN,6,0,2019
2019-04-20,SEA,ANA,6,5,2019
2019-04-21,MIN,BAL,4,3,2019
2019-04-21,BOS,TBA,4,3,2019
2019-04-21,HOU,TEX,10,11,2019
2019-04-21,KCA,NYA,6,7,2019
2019-04-21,CHA,DET,3,4,2019
2019-04-21,ATL,CLE,11,5,2019
2019-04-21,SEA,ANA,6,8,2019
2019-04-21,TOR,OAK,5,4,2019
2019-04-21,CIN,SDN,3,4,2019
2019-04-21,SFN,PIT,3,2,2019
2019-04-21,LAN,MIL,6,5,2019
2019-04-21,WAS,MIA,5,0,2019
2019-04-21,PHI,COL,1,4,2019
2019-04-21,ARI,CHN,1,2,2019
2019-04-21,NYN,SLN,4,6,2019
2019-04-22,KCA,TBA,3,6,2019
2019-04-22,TEX,OAK,1,6,2019
2019-04-22,MIN,HOU,9,5,2019
2019-04-22,CHA,BAL,12,2,2019
2019-04-22,NYA,ANA,4,3,2019
2019-04-22,MIL,SLN,5,13,2019
2019-04-22,ARI,PIT,12,4,2019
2019-04-22,PHI,NYN,1,5,2019
2019-04-22,WAS,COL,5,7,2019
2019-04-23,KCA,TBA,2,5,2019
2019-04-23,TEX,OAK,5,11,2019
2019-04-23,MIN,HOU,4,10,2019
2019-04-23,SFN,TOR,7,6,2019
2019-04-23,MIA,CLE,3,1,2019
2019-04-23,DET,BOS,4,2,2019
2019-04-23,DET,BOS,7,4,2019
2019-04-23,CHA,BAL,1,9,2019
2019-04-23,PHI,NYN,0,9,2019
2019-04-23,MIL,SLN,3,4,2019
2019-04-23,SEA,SDN,3,6,2019
2019-04-23,ARI,PIT,2,1,2019
2019-04-23,WAS,COL,6,3,2019
2019-04-23,ATL,CIN,6,7,2019
2019-04-23,LAN,CHN,2,7,2019
2019-04-23,NYA,ANA,7,5,2019
2019-04-24,CHA,BAL,3,4,2019
2019-04-24,SFN,TOR,4,0,2019
2019-04-24,KCA,TBA,10,2,2019
2019-04-24,TEX,OAK,5,6,2019
2019-04-24,MIA,CLE,2,6,2019
2019-04-24,DET,BOS,4,11,2019
2019-04-24,NYA,ANA,6,5,2019
2019-04-24,MIN,HOU,1,7,2019
2019-04-24,SEA,SDN,0,1,2019
2019-04-24,LAN,CHN,6,7,2019
2019-04-24,ATL,CIN,3,1,2019
2019-04-24,WAS,COL,5,9,2019
2019-04-24,MIL,SLN,2,5,2019
2019-04-24,PHI,NYN,6,0,2019
2019-04-24,ARI,PIT,11,2,2019
2019-04-25,TEX,SEA,2,14,2019
2019-04-25,DET,BOS,3,7,2019
2019-04-25,NYA,ANA,5,11,2019
2019-04-25,CLE,HOU,2,1,2019
2019-04-25,MIA,PHI,3,1,2019
2019-04-25,ATL,CIN,2,4,2019
2019-04-25,LAN,CHN,2,1,2019
2019-04-25,ARI,PIT,5,0,2019
2019-04-26,DET,CHA,11,12,2019
2019-04-26,OAK,TOR,2,4,2019
2019-04-26,TEX,SEA,4,5,2019
2019-04-26,BAL,MIN,1,6,2019
2019-04-26,ANA,KCA,5,1,2019
2019-04-26,CLE,HOU,6,3,2019
2019-04-26,SDN,WAS,4,3,2019
2019-04-26,MIA,PHI,0,4,2019
2019-04-26,NYA,SFN,7,3,2019
2019-04-26,MIL,NYN,10,2,2019
2019-04-26,PIT,LAN,2,6,2019
2019-04-26,COL,ATL,8,4,2019
2019-04-26,CHN,ARI,3,8,2019
2019-04-26,CIN,SLN,12,1,2019
2019-04-27,TBA,BOS,2,1,2019
2019-04-27,OAK,TOR,1,7,2019
2019-04-27,TEX,SEA,15,1,2019
2019-04-27,BAL,MIN,2,9,2019
2019-04-27,ANA,KCA,4,9,2019
2019-04-27,SDN,WAS,8,3,2019
2019-04-27,CLE,HOU,3,4,2019
2019-04-27,NYA,SFN,6,4,2019
2019-04-27,MIA,PHI,9,12,2019
2019-04-27,MIL,NYN,8,6,2019
2019-04-27,PIT,LAN,1,3,2019
2019-04-27,COL,ATL,9,5,2019
2019-04-27,CHN,ARI,9,1,2019
2019-04-27,CIN,SLN,3,6,2019
2019-04-28,OAK,TOR,4,5,2019
2019-04-28,TEX,SEA,14,1,2019
2019-04-28,BAL,MIN,1,4,2019
2019-04-28,CLE,HOU,1,4,2019
2019-04-28,DET,CHA,1,4,2019
2019-04-28,TBA,BOS,5,2,2019
2019-04-28,SDN,WAS,6,7,2019
2019-04-28,ANA,KCA,7,3,2019
2019-04-28,NYA,SFN,11,5,2019
2019-04-28,MIA,PHI,1,5,2019
2019-04-28,MIL,NYN,2,5,2019
2019-04-28,PIT,LAN,6,7,2019
2019-04-28,COL,ATL,7,8,2019
2019-04-28,CHN,ARI,6,5,2019
2019-04-28,CIN,SLN,2,5,2019
2019-04-29,HOU,MIN,0,1,2019
2019-04-29,TBA,KCA,8,5,2019
2019-04-29,BAL,CHA,3,5,2019
2019-04-29,OAK,BOS,4,9,2019
2019-04-29,LAN,SFN,2,3,2019
2019-04-29,CIN,NYN,5,4,2019
2019-04-29,COL,MIL,1,5,2019
2019-04-29,SDN,ATL,1,3,2019
2019-04-29,SLN,WAS,6,3,2019
2019-04-30,TOR,ANA,3,4,2019
2019-04-30,PIT,TEX,6,4,2019
2019-04-30,CHN,SEA,6,5,2019
2019-04-30,HOU,MIN,11,0,2019
2019-04-30,OAK,BOS,1,5,2019
2019-04-30,SLN,WAS,3,2,2019
2019-04-30,DET,PHI,3,1,2019
2019-04-30,CLE,MIA,7,4,2019
2019-04-30,CIN,NYN,3,4,2019
2019-04-30,COL,MIL,3,4,2019
2019-04-30,LAN,SFN,10,3,2019
2019-04-30,SDN,ATL,4,3,2019
2019-04-30,NYA,ARI,1,3,2019
2019-05-01,PIT,TEX,7,5,2019
2019-05-01,CHN,SEA,11,0,2019
2019-05-01,HOU,MIN,2,6,2019
2019-05-01,TBA,KCA,2,8,2019
2019-05-01,BAL,CHA,6,7,2019
2019-05-01,BAL,CHA,5,4,2019
2019-05-01,OAK,BOS,3,7,2019
2019-05-01,TOR,ANA,3,6,2019
2019-05-01,TBA,KCA,2,3,2019
2019-05-01,LAN,SFN,1,2,2019
2019-05-01,DET,PHI,3,7,2019
2019-05-01,CIN,NYN,1,0,2019
2019-05-01,COL,MIL,11,4,2019
2019-05-01,CLE,MIA,2,4,2019
2019-05-01,SDN,ATL,1,5,2019
2019-05-01,NYA,ARI,2,3,2019
2019-05-01,SLN,WAS,5,1,2019
2019-05-02,HOU,MIN,2,8,2019
2019-05-02,TBA,KCA,3,1,2019
2019-05-02,BOS,CHA,4,6,2019
2019-05-02,TOR,ANA,2,6,2019
2019-05-02,SLN,WAS,1,2,2019
2019-05-02,COL,MIL,11,6,2019
2019-05-02,SDN,ATL,11,2,2019
2019-05-02,CIN,NYN,0,1,2019
2019-05-03,TBA,BAL,7,0,2019
2019-05-03,MIN,NYA,3,6,2019
2019-05-03,TOR,TEX,1,0,2019
2019-05-03,KCA,DET,3,4,2019
2019-05-03,SEA,CLE,1,2,2019
2019-05-03,BOS,CHA,6,1,2019
2019-05-03,LAN,SDN,4,3,2019
2019-05-03,SFN,CIN,12,11,2019
2019-05-03,WAS,PHI,2,4,2019
2019-05-03,NYN,MIL,1,3,2019
2019-05-03,ATL,MIA,7,2,2019
2019-05-03,ARI,COL,10,9,2019
2019-05-03,SLN,CHN,0,4,2019
2019-05-03,OAK,PIT,14,1,2019
2019-05-04,TOR,TEX,5,8,2019
2019-05-04,MIN,NYA,7,3,2019
2019-05-04,KCA,DET,15,3,2019
2019-05-04,SEA,CLE,4,5,2019
2019-05-04,BOS,CHA,15,2,2019
2019-05-04,TBA,BAL,0,3,2019
2019-05-04,HOU,ANA,14,2,2019
2019-05-04,LAN,SDN,7,6,2019
2019-05-04,WAS,PHI,10,8,2019
2019-05-04,NYN,MIL,3,4,2019
2019-05-04,ATL,MIA,9,2,2019
2019-05-04,ARI,COL,9,2,2019
2019-05-04,SFN,CIN,2,9,2019
2019-05-04,SLN,CHN,5,6,2019
2019-05-04,OAK,PIT,4,6,2019
2019-05-05,HOU,ANA,10,4,2019
2019-05-05,MIN,NYA,1,4,2019
2019-05-05,KCA,DET,2,5,2019
2019-05-05,SEA,CLE,10,0,2019
2019-05-05,BOS,CHA,9,2,2019
2019-05-05,TOR,TEX,2,10,2019
2019-05-05,LAN,SDN,5,8,2019
2019-05-05,WAS,PHI,1,7,2019
2019-05-05,NYN,MIL,2,3,2019
2019-05-05,ATL,MIA,3,1,2019
2019-05-05,ARI,COL,7,8,2019
2019-05-05,SFN,CIN,6,5,2019
2019-05-05,SLN,CHN,5,13,2019
2019-05-05,OAK,PIT,3,5,2019
2019-05-06,MIN,TOR,8,0,2019
2019-05-06,ARI,TBA,1,12,2019
2019-05-06,SEA,NYA,3,7,2019
2019-05-06,KCA,HOU,4,6,2019
2019-05-06,CHA,CLE,9,1,2019
2019-05-06,BOS,BAL,1,4,2019
2019-05-06,PHI,SLN,0,6,2019
2019-05-06,NYN,SDN,0,4,2019
2019-05-06,WAS,MIL,3,5,2019
2019-05-06,ATL,LAN,3,5,2019
2019-05-06,SFN,CIN,4,12,2019
2019-05-06,MIA,CHN,6,5,2019
2019-05-07,MIN,TOR,3,0,2019
2019-05-07,CIN,OAK,0,2,2019
2019-05-07,SEA,NYA,4,5,2019
2019-05-07,KCA,HOU,12,2,2019
2019-05-07,ANA,DET,5,2,2019
2019-05-07,CHA,CLE,2,0,2019
2019-05-07,BOS,BAL,8,5,2019
2019-05-07,ARI,TBA,3,6,2019
2019-05-07,NYN,SDN,7,6,2019
2019-05-07,TEX,PIT,4,5,2019
2019-05-07,WAS,MIL,0,6,2019
2019-05-07,ATL,LAN,0,9,2019
2019-05-07,SFN,COL,14,4,2019
2019-05-07,MIA,CHN,2,5,2019
2019-05-07,PHI,SLN,11,1,2019
2019-05-08,MIN,TOR,9,1,2019
2019-05-08,ARI,TBA,3,2,2019
2019-05-08,SEA,NYA,10,1,2019
2019-05-08,KCA,HOU,0,9,2019
2019-05-08,ANA,DET,3,10,2019
2019-05-08,CHA,CLE,3,5,2019
2019-05-08,CIN,OAK,4,5,2019
2019-05-08,PHI,SLN,5,0,2019
2019-05-08,NYN,SDN,2,3,2019
2019-05-08,TEX,PIT,9,6,2019
2019-05-08,WAS,MIL,3,7,2019
2019-05-08,ATL,LAN,4,9,2019
2019-05-08,MIA,CHN,2,3,2019
2019-05-08,BOS,BAL,2,1,2019
2019-05-09,CIN,OAK,3,0,2019
2019-05-09,SEA,NYA,1,3,2019
2019-05-09,TEX,HOU,2,4,2019
2019-05-09,ANA,DET,13,0,2019
2019-05-09,CHA,CLE,0,5,2019
2019-05-09,PIT,SLN,4,17,2019
2019-05-09,SFN,COL,11,12,2019
2019-05-09,MIA,CHN,1,4,2019
2019-05-09,ATL,ARI,2,3,2019
2019-05-09,WAS,LAN,6,0,2019
2019-05-10,SEA,BOS,1,14,2019
2019-05-10,NYA,TBA,4,3,2019
2019-05-10,CHA,TOR,3,4,2019
2019-05-10,DET,MIN,0,6,2019
2019-05-10,PHI,KCA,1,5,2019
2019-05-10,TEX,HOU,0,3,2019
2019-05-10,ANA,BAL,8,3,2019
2019-05-10,CLE,OAK,3,4,2019
2019-05-10,CIN,SFN,7,0,2019
2019-05-10,MIA,NYN,2,11,2019
2019-05-10,WAS,LAN,0,5,2019
2019-05-10,SDN,COL,2,12,2019
2019-05-10,MIL,CHN,7,0,2019
2019-05-10,ATL,ARI,2,1,2019
2019-05-10,PIT,SLN,2,1,2019
2019-05-11,CHA,TOR,7,2,2019
2019-05-11,NYA,TBA,2,7,2019
2019-05-11,CLE,OAK,2,3,2019
2019-05-11,DET,MIN,5,3,2019
2019-05-11,PHI,KCA,7,0,2019
2019-05-11,TEX,HOU,4,11,2019
2019-05-11,SEA,BOS,5,9,2019
2019-05-11,DET,MIN,3,8,2019
2019-05-11,PIT,SLN,2,1,2019
2019-05-11,CIN,SFN,5,4,2019
2019-05-11,MIA,NYN,1,4,2019
2019-05-11,WAS,LAN,5,2,2019
2019-05-11,SDN,COL,4,3,2019
2019-05-11,MIL,CHN,1,2,2019
2019-05-11,ATL,ARI,6,4,2019
2019-05-11,ANA,BAL,7,2,2019
2019-05-12,CHA,TOR,5,1,2019
2019-05-12,NYA,TBA,7,1,2019
2019-05-12,CLE,OAK,5,3,2019
2019-05-12,DET,MIN,5,3,2019
2019-05-12,PHI,KCA,6,1,2019
2019-05-12,TEX,HOU,5,15,2019
2019-05-12,SEA,BOS,2,11,2019
2019-05-12,CIN,SFN,5,6,2019
2019-05-12,PIT,SLN,10,6,2019
2019-05-12,WAS,LAN,0,6,2019
2019-05-12,SDN,COL,7,10,2019
2019-05-12,MIL,CHN,1,4,2019
2019-05-12,ATL,ARI,5,3,2019
2019-05-12,ANA,BAL,1,5,2019
2019-05-13,ANA,MIN,5,4,2019
2019-05-13,OAK,SEA,5,6,2019
2019-05-13,HOU,DET,8,1,2019
2019-05-13,PIT,ARI,3,9,2019
2019-05-13,MIL,PHI,4,7,2019
2019-05-13,CLE,CHA,2,5,2019
2019-05-14,OAK,SEA,3,4,2019
2019-05-14,ANA,MIN,3,4,2019
2019-05-14,TEX,KCA,5,11,2019
2019-05-14,HOU,DET,11,4,2019
2019-05-14,COL,BOS,5,4,2019
2019-05-14,NYN,WAS,6,2,2019
2019-05-14,CLE,CHA,9,0,2019
2019-05-14,MIL,PHI,6,1,2019
2019-05-14,TBA,MIA,4,0,2019
2019-05-14,SDN,LAN,3,6,2019
2019-05-14,CHN,CIN,3,1,2019
2019-05-14,SLN,ATL,14,3,2019
2019-05-14,PIT,ARI,6,2,2019
2019-05-14,TOR,SFN,7,3,2019
2019-05-15,COL,BOS,5,6,2019
2019-05-15,BAL,NYA,3,5,2019
2019-05-15,BAL,NYA,1,3,2019
2019-05-15,ANA,MIN,7,8,2019
2019-05-15,TEX,KCA,6,1,2019
2019-05-15,HOU,DET,5,1,2019
2019-05-15,NYN,WAS,1,5,2019
2019-05-15,SLN,ATL,0,4,2019
2019-05-15,MIL,PHI,5,2,2019
2019-05-15,TBA,MIA,1,0,2019
2019-05-15,SDN,LAN,0,2,2019
2019-05-15,CHN,CIN,5,6,2019
2019-05-15,PIT,ARI,1,11,2019
2019-05-15,TOR,SFN,3,4,2019
2019-05-16,MIN,SEA,11,6,2019
2019-05-16,TEX,KCA,16,1,2019
2019-05-16,OAK,DET,17,3,2019
2019-05-16,BAL,CLE,7,14,2019
2019-05-16,TOR,CHA,2,4,2019
2019-05-16,PIT,SDN,3,4,2019
2019-05-16,MIL,PHI,11,3,2019
2019-05-16,CHN,CIN,2,4,2019
2019-05-16,SLN,ATL,2,10,2019
2019-05-16,NYN,WAS,6,7,2019
2019-05-17,SLN,TEX,3,7,2019
2019-05-17,MIN,SEA,7,1,2019
2019-05-17,TBA,NYA,3,4,2019
2019-05-17,OAK,DET,7,2,2019
2019-05-17,BAL,CLE,5,1,2019
2019-05-17,TOR,CHA,10,2,2019
2019-05-17,KCA,ANA,2,5,2019
2019-05-17,HOU,BOS,3,1,2019
2019-05-17,PIT,SDN,5,3,2019
2019-05-17,COL,PHI,4,5,2019
2019-05-17,NYN,MIA,6,8,2019
2019-05-17,LAN,CIN,6,0,2019
2019-05-17,MIL,ATL,8,12,2019
2019-05-17,SFN,ARI,0,7,2019
2019-05-17,CHN,WAS,14,6,2019
2019-05-18,HOU,BOS,7,3,2019
2019-05-18,SLN,TEX,8,2,2019
2019-05-18,TBA,NYA,2,1,2019
2019-05-18,OAK,DET,4,1,2019
2019-05-18,BAL,CLE,1,4,2019
2019-05-18,TOR,CHA,1,4,2019
2019-05-18,KCA,ANA,3,6,2019
2019-05-18,MIN,SEA,18,4,2019
2019-05-18,PIT,SDN,7,2,2019
2019-05-18,COL,PHI,1,2,2019
2019-05-18,NYN,MIA,0,2,2019
2019-05-18,LAN,CIN,0,4,2019
2019-05-18,MIL,ATL,3,4,2019
2019-05-18,SFN,ARI,8,5,2019
2019-05-18,CHN,WAS,2,5,2019
2019-05-19,SLN,TEX,4,5,2019
2019-05-19,MIN,SEA,4,7,2019
2019-05-19,TBA,NYA,5,13,2019
2019-05-19,BAL,CLE,0,10,2019
2019-05-19,TOR,CHA,5,2,2019
2019-05-19,HOU,BOS,3,4,2019
2019-05-19,KCA,ANA,5,1,2019
2019-05-19,OAK,DET,7,3,2019
2019-05-19,PIT,SDN,6,4,2019
2019-05-19,COL,PHI,5,7,2019
2019-05-19,NYN,MIA,0,3,2019
2019-05-19,LAN,CIN,8,3,2019
2019-05-19,MIL,ATL,3,2,2019
2019-05-19,SFN,ARI,3,2,2019
2019-05-19,CHN,WAS,6,5,2019
2019-05-20,BOS,TOR,12,2,2019
2019-05-20,SEA,TEX,9,10,2019
2019-05-20,CHA,HOU,0,3,2019
2019-05-20,OAK,CLE,6,4,2019
2019-05-20,NYA,BAL,10,7,2019
2019-05-20,MIN,ANA,3,1,2019
2019-05-20,ARI,SDN,1,2,2019
2019-05-20,WAS,NYN,3,5,2019
2019-05-20,PHI,CHN,5,4,2019
2019-05-20,ATL,SFN,4,1,2019
2019-05-21,MIA,DET,5,4,2019
2019-05-21,BOS,TOR,3,10,2019
2019-05-21,SEA,TEX,3,5,2019
2019-05-21,LAN,TBA,7,3,2019
2019-05-21,CHA,HOU,1,5,2019
2019-05-21,NYA,BAL,11,4,2019
2019-05-21,OAK,CLE,5,3,2019
2019-05-21,ATL,SFN,3,4,2019
2019-05-21,MIN,ANA,8,3,2019
2019-05-21,ARI,SDN,2,3,2019
2019-05-21,COL,PIT,5,0,2019
2019-05-21,WAS,NYN,5,6,2019
2019-05-21,CIN,MIL,3,0,2019
2019-05-21,PHI,CHN,2,3,2019
2019-05-22,BOS,TOR,6,5,2019
2019-05-22,SEA,TEX,1,2,2019
2019-05-22,CHA,HOU,9,4,2019
2019-05-22,MIA,DET,6,3,2019
2019-05-22,OAK,CLE,7,2,2019
2019-05-22,NYA,BAL,7,5,2019
2019-05-22,KCA,SLN,3,10,2019
2019-05-22,LAN,TBA,1,8,2019
2019-05-22,ATL,SFN,9,2,2019
2019-05-22,ARI,SDN,2,5,2019
2019-05-22,COL,PIT,9,3,2019
2019-05-22,WAS,NYN,1,6,2019
2019-05-22,CIN,MIL,9,11,2019
2019-05-22,PHI,CHN,4,8,2019
2019-05-22,KCA,SLN,8,2,2019
2019-05-23,BOS,TOR,8,2,2019
2019-05-23,CHA,HOU,4,0,2019
2019-05-23,MIA,DET,5,2,2019
2019-05-23,TBA,CLE,7,2,2019
2019-05-23,NYA,BAL,6,5,2019
2019-05-23,MIN,ANA,16,7,2019
2019-05-23,COL,PIT,6,14,2019
2019-05-23,WAS,NYN,4,6,2019
2019-05-23,PHI,CHN,9,7,2019
2019-05-23,ATL,SFN,5,4,2019
2019-05-24,TEX,ANA,4,3,2019
2019-05-24,SEA,OAK,2,6,2019
2019-05-24,CHA,MIN,4,11,2019
2019-05-24,SDN,TOR,6,3,2019
2019-05-24,BOS,HOU,3,4,2019
2019-05-24,TBA,CLE,1,3,2019
2019-05-24,MIA,WAS,10,12,2019
2019-05-24,PHI,MIL,6,4,2019
2019-05-24,ARI,SFN,18,2,2019
2019-05-24,LAN,PIT,10,2,2019
2019-05-24,DET,NYN,9,8,2019
2019-05-24,BAL,COL,6,8,2019
2019-05-24,CIN,CHN,6,5,2019
2019-05-24,ATL,SLN,5,2,2019
2019-05-25,SDN,TOR,19,4,2019
2019-05-25,SEA,OAK,5,6,2019
2019-05-25,CHA,MIN,1,8,2019
2019-05-25,NYA,KCA,6,5,2019
2019-05-25,NYA,KCA,7,3,2019
2019-05-25,BOS,HOU,3,4,2019
2019-05-25,TBA,CLE,6,2,2019
2019-05-25,TEX,ANA,2,3,2019
2019-05-25,ATL,SLN,3,6,2019
2019-05-25,ARI,SFN,10,4,2019
2019-05-25,LAN,PIT,7,2,2019
2019-05-25,DET,NYN,4,5,2019
2019-05-25,PHI,MIL,7,2,2019
2019-05-25,BAL,COL,9,6,2019
2019-05-25,CIN,CHN,6,8,2019
2019-05-25,MIA,WAS,0,5,2019
2019-05-26,TEX,ANA,6,7,2019
2019-05-26,SEA,OAK,1,7,2019
2019-05-26,CHA,MIN,0,7,2019
2019-05-26,SDN,TOR,1,10,2019
2019-05-26,BOS,HOU,4,1,2019
2019-05-26,TBA,CLE,6,3,2019
2019-05-26,MIA,WAS,6,9,2019
2019-05-26,NYA,KCA,7,8,2019
2019-05-26,ARI,SFN,6,2,2019
2019-05-26,LAN,PIT,11,7,2019
2019-05-26,DET,NYN,3,4,2019
2019-05-26,PHI,MIL,1,9,2019
2019-05-26,BAL,COL,7,8,2019
2019-05-26,CIN,CHN,10,2,2019
2019-05-26,ATL,SLN,4,3,2019
2019-05-27,TOR,TBA,3,8,2019
2019-05-27,TEX,SEA,2,6,2019
2019-05-27,ANA,OAK,5,8,2019
2019-05-27,SDN,NYA,2,5,2019
2019-05-27,MIL,MIN,5,4,2019
2019-05-27,CHN,HOU,5,6,2019
2019-05-27,KCA,CHA,1,2,2019
2019-05-27,CLE,BOS,5,12,2019
2019-05-27,DET,BAL,3,5,2019
2019-05-27,MIA,WAS,3,2,2019
2019-05-27,NYN,LAN,5,9,2019
2019-05-27,ARI,COL,3,4,2019
2019-05-27,PIT,CIN,1,8,2019
2019-05-27,PIT,CIN,8,5,2019
2019-05-28,TOR,TBA,1,3,2019
2019-05-28,TEX,SEA,11,4,2019
2019-05-28,ANA,OAK,6,4,2019
2019-05-28,MIL,MIN,3,5,2019
2019-05-28,CHN,HOU,6,9,2019
2019-05-28,KCA,CHA,3,4,2019
2019-05-28,CLE,BOS,7,5,2019
2019-05-28,SDN,NYA,5,4,2019
2019-05-28,SLN,PHI,3,4,2019
2019-05-28,SFN,MIA,3,11,2019
2019-05-28,NYN,LAN,7,3,2019
2019-05-28,ARI,COL,2,6,2019
2019-05-28,PIT,CIN,6,11,2019
2019-05-28,WAS,ATL,5,4,2019
2019-05-28,DET,BAL,3,0,2019
2019-05-29,TOR,TBA,3,4,2019
2019-05-29,TEX,SEA,8,7,2019
2019-05-29,SDN,NYA,0,7,2019
2019-05-29,CHN,HOU,2,1,2019
2019-05-29,KCA,CHA,7,8,2019
2019-05-29,CLE,BOS,14,9,2019
2019-05-29,ANA,OAK,12,7,2019
2019-05-29,SLN,PHI,4,11,2019
2019-05-29,SFN,MIA,2,4,2019
2019-05-29,NYN,LAN,8,9,2019
2019-05-29,ARI,COL,4,5,2019
2019-05-29,PIT,CIN,7,2,2019
2019-05-29,WAS,ATL,14,4,2019
2019-05-29,DET,BAL,4,2,2019
2019-05-30,KCA,TEX,4,2,2019
2019-05-30,MIN,TBA,3,14,2019
2019-05-30,ANA,SEA,9,3,2019
2019-05-30,CLE,CHA,4,10,2019
2019-05-30,MIL,PIT,11,5,2019
2019-05-30,SFN,MIA,3,1,2019
2019-05-30,NYN,LAN,0,2,2019
2019-05-30,ARI,COL,10,11,2019
2019-05-30,SLN,PHI,5,3,2019
2019-05-31,SFN,BAL,6,9,2019
2019-05-31,MIN,TBA,5,3,2019
2019-05-31,KCA,TEX,2,6,2019
2019-05-31,HOU,OAK,3,2,2019
2019-05-31,BOS,NYA,1,4,2019
2019-05-31,CLE,CHA,1,6,2019
2019-05-31,CHN,SLN,1,2,2019
2019-05-31,ANA,SEA,3,4,2019
2019-05-31,MIL,PIT,4,9,2019
2019-05-31,PHI,LAN,3,6,2019
2019-05-31,TOR,COL,6,13,2019
2019-05-31,WAS,CIN,3,9,2019
2019-05-31,DET,ATL,8,2,2019
2019-05-31,NYN,ARI,5,4,2019
2019-05-31,MIA,SDN,2,5,2019
2019-06-01,KCA,TEX,2,6,2019
2019-06-01,MIN,TBA,6,2,2019
2019-06-01,HOU,OAK,5,1,2019
2019-06-01,BOS,NYA,3,5,2019
2019-06-01,CLE,CHA,5,2,2019
2019-06-01,SFN,BAL,8,2,2019
2019-06-01,CHN,SLN,4,7,2019
2019-06-01,ANA,SEA,6,3,2019
2019-06-01,MIL,PIT,12,10,2019
2019-06-01,PHI,LAN,3,4,2019
2019-06-01,TOR,COL,2,4,2019
2019-06-01,WAS,CIN,5,2,2019
2019-06-01,DET,ATL,5,10,2019
2019-06-01,NYN,ARI,5,6,2019
2019-06-01,MIA,SDN,9,3,2019
2019-06-02,KCA,TEX,1,5,2019
2019-06-02,MIN,TBA,9,7,2019
2019-06-02,ANA,SEA,13,3,2019
2019-06-02,HOU,OAK,6,4,2019
2019-06-02,BOS,NYA,8,5,2019
2019-06-02,CLE,CHA,0,2,2019
2019-06-02,SFN,BAL,8,1,2019
2019-06-02,PHI,LAN,0,8,2019
2019-06-02,MIA,SDN,9,3,2019
2019-06-02,MIL,PIT,4,2,2019
2019-06-02,TOR,COL,1,5,2019
2019-06-02,WAS,CIN,4,1,2019
2019-06-02,DET,ATL,4,7,2019
2019-06-02,NYN,ARI,1,7,2019
2019-06-02,CHN,SLN,1,2,2019
2019-06-03,HOU,SEA,4,2,2019
2019-06-03,PHI,SDN,2,8,2019
2019-06-03,LAN,ARI,3,1,2019
2019-06-03,ANA,CHN,1,8,2019
2019-06-04,NYA,TOR,3,4,2019
2019-06-04,BAL,TEX,12,11,2019
2019-06-04,HOU,SEA,11,5,2019
2019-06-04,BOS,KCA,8,3,2019
2019-06-04,MIN,CLE,2,5,2019
2019-06-04,OAK,ANA,4,2,2019
2019-06-04,CHA,WAS,5,9,2019
2019-06-04,TBA,DET,6,9,2019
2019-06-04,PHI,SDN,9,6,2019
2019-06-04,ATL,PIT,12,5,2019
2019-06-04,SFN,NYN,9,3,2019
2019-06-04,MIA,MIL,16,0,2019
2019-06-04,COL,CHN,3,6,2019
2019-06-04,LAN,ARI,9,0,2019
2019-06-04,CIN,SLN,4,1,2019
2019-06-05,MIN,CLE,7,9,2019
2019-06-05,NYA,TOR,7,11,2019
2019-06-05,BAL,TEX,1,2,2019
2019-06-05,HOU,SEA,1,14,2019
2019-06-05,BOS,KCA,8,0,2019
2019-06-05,TBA,DET,4,0,2019
2019-06-05,OAK,ANA,9,10,2019
2019-06-05,COL,CHN,8,9,2019
2019-06-05,PHI,SDN,7,5,2019
2019-06-05,ATL,PIT,4,7,2019
2019-06-05,SFN,NYN,0,7,2019
2019-06-05,MIA,MIL,8,3,2019
2019-06-05,LAN,ARI,2,3,2019
2019-06-05,CHA,WAS,4,6,2019
2019-06-06,NYA,TOR,6,2,2019
2019-06-06,BOS,KCA,7,5,2019
2019-06-06,MIN,CLE,5,4,2019
2019-06-06,BAL,TEX,3,4,2019
2019-06-06,HOU,SEA,8,7,2019
2019-06-06,OAK,ANA,7,4,2019
2019-06-06,TBA,DET,6,1,2019
2019-06-06,WAS,SDN,4,5,2019
2019-06-06,COL,CHN,3,1,2019
2019-06-06,MIA,MIL,1,5,2019
2019-06-06,CIN,SLN,1,3,2019
2019-06-06,ATL,PIT,1,6,2019
2019-06-06,SFN,NYN,3,7,2019
2019-06-07,ARI,TOR,8,2,2019
2019-06-07,OAK,TEX,5,3,2019
2019-06-07,CHA,KCA,4,6,2019
2019-06-07,BAL,HOU,3,4,2019
2019-06-07,NYA,CLE,2,5,2019
2019-06-07,TBA,BOS,5,1,2019
2019-06-07,SEA,ANA,6,2,2019
2019-06-07,MIN,DET,6,3,2019
2019-06-07,WAS,SDN,4,5,2019
2019-06-07,CIN,PHI,2,4,2019
2019-06-07,COL,NYN,5,1,2019
2019-06-07,PIT,MIL,4,10,2019
2019-06-07,ATL,MIA,7,1,2019
2019-06-07,SLN,CHN,1,3,2019
2019-06-07,LAN,SFN,1,2,2019
2019-06-08,TBA,BOS,1,5,2019
2019-06-08,ARI,TOR,6,0,2019
2019-06-08,OAK,TEX,1,3,2019
2019-06-08,CHA,KCA,2,0,2019
2019-06-08,BAL,HOU,4,1,2019
2019-06-08,MIN,DET,3,9,2019
2019-06-08,NYA,CLE,4,8,2019
2019-06-08,TBA,BOS,9,2,2019
2019-06-08,OAK,TEX,5,10,2019
2019-06-08,LAN,SFN,7,2,2019
2019-06-08,WAS,SDN,4,1,2019
2019-06-08,CIN,PHI,1,4,2019
2019-06-08,COL,NYN,3,5,2019
2019-06-08,PIT,MIL,3,5,2019
2019-06-08,ATL,MIA,1,0,2019
2019-06-08,SLN,CHN,4,9,2019
2019-06-08,SEA,ANA,3,12,2019
2019-06-09,ARI,TOR,8,2,2019
2019-06-09,OAK,TEX,9,8,2019
2019-06-09,CHA,KCA,5,2,2019
2019-06-09,BAL,HOU,0,4,2019
2019-06-09,NYA,CLE,7,6,2019
2019-06-09,TBA,BOS,6,1,2019
2019-06-09,SEA,ANA,9,3,2019
2019-06-09,MIN,DET,12,2,2019
2019-06-09,WAS,SDN,5,2,2019
2019-06-09,CIN,PHI,4,3,2019
2019-06-09,COL,NYN,1,6,2019
2019-06-09,PIT,MIL,2,5,2019
2019-06-09,ATL,MIA,7,6,2019
2019-06-09,SLN,CHN,1,5,2019
2019-06-09,LAN,SFN,1,0,2019
2019-06-10,OAK,TBA,2,6,2019
2019-06-10,WAS,CHA,12,1,2019
2019-06-10,TEX,BOS,4,3,2019
2019-06-10,LAN,ANA,3,5,2019
2019-06-10,ARI,PHI,13,8,2019
2019-06-10,CHN,COL,5,6,2019
2019-06-10,PIT,ATL,7,13,2019
2019-06-10,SLN,MIA,4,1,2019
2019-06-11,MIL,HOU,8,10,2019
2019-06-11,OAK,TBA,4,3,2019
2019-06-11,NYN,NYA,10,4,2019
2019-06-11,NYN,NYA,5,12,2019
2019-06-11,SEA,MIN,5,6,2019
2019-06-11,DET,KCA,2,3,2019
2019-06-11,WAS,CHA,5,7,2019
2019-06-11,CIN,CLE,1,2,2019
2019-06-11,TOR,BAL,2,4,2019
2019-06-11,TEX,BOS,9,5,2019
2019-06-11,LAN,ANA,3,5,2019
2019-06-11,SDN,SFN,5,6,2019
2019-06-11,ARI,PHI,4,7,2019
2019-06-11,SLN,MIA,7,1,2019
2019-06-11,CHN,COL,3,10,2019
2019-06-11,PIT,ATL,5,7,2019
2019-06-12,OAK,TBA,6,2,2019
2019-06-12,DET,KCA,3,2,2019
2019-06-12,MIL,HOU,6,3,2019
2019-06-12,CIN,CLE,7,2,2019
2019-06-12,TEX,BOS,3,4,2019
2019-06-12,SEA,MIN,9,6,2019
2019-06-12,SDN,SFN,2,4,2019
2019-06-12,ARI,PHI,2,0,2019
2019-06-12,SLN,MIA,0,9,2019
2019-06-12,CHN,COL,10,1,2019
2019-06-12,PIT,ATL,7,8,2019
2019-06-12,TOR,BAL,8,6,2019
2019-06-13,ANA,TBA,5,3,2019
2019-06-13,SEA,MIN,5,10,2019
2019-06-13,DET,KCA,3,7,2019
2019-06-13,NYA,CHA,4,5,2019
2019-06-13,TEX,BOS,6,7,2019
2019-06-13,TOR,BAL,12,3,2019
2019-06-13,SLN,NYN,5,4,2019
2019-06-13,CHN,LAN,3,7,2019
2019-06-13,SDN,COL,6,9,2019
2019-06-13,PIT,ATL,5,6,2019
2019-06-13,ARI,WAS,5,0,2019
2019-06-14,NYA,CHA,2,10,2019
2019-06-14,SEA,OAK,9,2,2019
2019-06-14,KCA,MIN,0,2,2019
2019-06-14,ANA,TBA,4,9,2019
2019-06-14,TOR,HOU,2,15,2019
2019-06-14,CLE,DET,13,4,2019
2019-06-14,BOS,BAL,13,2,2019
2019-06-14,SDN,COL,16,12,2019
2019-06-14,MIL,SFN,3,5,2019
2019-06-14,SLN,NYN,9,5,2019
2019-06-14,PIT,MIA,11,0,2019
2019-06-14,CHN,LAN,3,5,2019
2019-06-14,TEX,CIN,7,1,2019
2019-06-14,PHI,ATL,8,9,2019
2019-06-14,ARI,WAS,3,7,2019
2019-06-15,ANA,TBA,5,3,2019
2019-06-15,SEA,OAK,2,11,2019
2019-06-15,KCA,MIN,4,5,2019
2019-06-15,TOR,HOU,2,7,2019
2019-06-15,CLE,DET,4,2,2019
2019-06-15,NYA,CHA,8,4,2019
2019-06-15,BOS,BAL,7,2,2019
2019-06-15,ARI,WAS,10,3,2019
2019-06-15,SLN,NYN,7,8,2019
2019-06-15,PIT,MIA,3,4,2019
2019-06-15,CHN,LAN,2,1,2019
2019-06-15,SDN,COL,8,14,2019
2019-06-15,TEX,CIN,4,3,2019
2019-06-15,PHI,ATL,6,5,2019
2019-06-15,MIL,SFN,7,8,2019
2019-06-16,BOS,BAL,8,6,2019
2019-06-16,SEA,OAK,6,3,2019
2019-06-16,KCA,MIN,8,6,2019
2019-06-16,TOR,HOU,12,0,2019
2019-06-16,CLE,DET,8,0,2019
2019-06-16,NYA,CHA,10,3,2019
2019-06-16,ARI,WAS,5,15,2019
2019-06-16,ANA,TBA,5,6,2019
2019-06-16,SLN,NYN,4,3,2019
2019-06-16,PIT,MIA,5,4,2019
2019-06-16,CHN,LAN,2,3,2019
2019-06-16,SDN,COL,14,13,2019
2019-06-16,TEX,CIN,3,11,2019
2019-06-16,PHI,ATL,1,15,2019
2019-06-16,MIL,SFN,5,3,2019
2019-06-17,ANA,TOR,10,5,2019
2019-06-17,CLE,TEX,2,7,2019
2019-06-17,KCA,SEA,6,4,2019
2019-06-17,BAL,OAK,2,3,2019
2019-06-17,TBA,NYA,0,3,2019
2019-06-17,BOS,MIN,2,0,2019
2019-06-17,MIA,SLN,0,5,2019
2019-06-17,MIL,SDN,0,2,2019
2019-06-17,SFN,LAN,3,2,2019
2019-06-17,HOU,CIN,2,3,2019
2019-06-17,NYN,ATL,3,12,2019
2019-06-18,ANA,TOR,3,1,2019
2019-06-18,CLE,TEX,10,3,2019
2019-06-18,KCA,SEA,9,0,2019
2019-06-18,BAL,OAK,2,16,2019
2019-06-18,TBA,NYA,3,6,2019
2019-06-18,BOS,MIN,3,4,2019
2019-06-18,MIA,SLN,6,0,2019
2019-06-18,NYN,ATL,10,2,2019
2019-06-18,DET,PIT,5,4,2019
2019-06-18,SFN,LAN,0,9,2019
2019-06-18,HOU,CIN,3,4,2019
2019-06-18,CHA,CHN,3,1,2019
2019-06-18,COL,ARI,8,1,2019
2019-06-18,MIL,SDN,1,4,2019
2019-06-19,PHI,WAS,0,2,2019
2019-06-19,ANA,TOR,11,6,2019
2019-06-19,CLE,TEX,10,4,2019
2019-06-19,KCA,SEA,2,8,2019
2019-06-19,BAL,OAK,3,8,2019
2019-06-19,TBA,NYA,1,12,2019
2019-06-19,BOS,MIN,9,4,2019
2019-06-19,PHI,WAS,2,6,2019
2019-06-19,NYN,ATL,2,7,2019
2019-06-19,MIL,SDN,7,8,2019
2019-06-19,DET,PIT,7,8,2019
2019-06-19,SFN,LAN,2,9,2019
2019-06-19,HOU,CIN,2,3,2019
2019-06-19,CHA,CHN,3,7,2019
2019-06-19,COL,ARI,6,4,2019
2019-06-19,MIA,SLN,1,2,2019
2019-06-20,ANA,TOR,5,7,2019
2019-06-20,CLE,TEX,2,4,2019
2019-06-20,BAL,SEA,2,5,2019
2019-06-20,TBA,OAK,4,5,2019
2019-06-20,HOU,NYA,6,10,2019
2019-06-20,MIN,KCA,1,4,2019
2019-06-20,PHI,WAS,4,7,2019
2019-06-20,CIN,MIL,7,1,2019
2019-06-20,SFN,LAN,8,9,2019
2019-06-20,NYN,CHN,4,7,2019
2019-06-20,COL,ARI,6,4,2019
2019-06-20,MIA,SLN,7,6,2019
2019-06-21,TOR,BOS,5,7,2019
2019-06-21,CHA,TEX,5,4,2019
2019-06-21,TBA,OAK,5,3,2019
2019-06-21,HOU,NYA,1,4,2019
2019-06-21,MIN,KCA,8,7,2019
2019-06-21,DET,CLE,6,7,2019
2019-06-21,ATL,WAS,3,4,2019
2019-06-21,BAL,SEA,9,10,2019
2019-06-21,SDN,PIT,1,2,2019
2019-06-21,SFN,ARI,11,5,2019
2019-06-21,NYN,CHN,5,4,2019
2019-06-21,ANA,SLN,1,5,2019
2019-06-21,CIN,MIL,11,7,2019
2019-06-21,MIA,PHI,2,1,2019
2019-06-21,COL,LAN,2,4,2019
2019-06-22,BAL,SEA,8,4,2019
2019-06-22,HOU,NYA,5,7,2019
2019-06-22,MIN,KCA,5,3,2019
2019-06-22,DET,CLE,0,2,2019
2019-06-22,TOR,BOS,8,7,2019
2019-06-22,ATL,WAS,13,9,2019
2019-06-22,CHA,TEX,5,6,2019
2019-06-22,SDN,PIT,3,6,2019
2019-06-22,ANA,SLN,2,4,2019
2019-06-22,SFN,ARI,7,4,2019
2019-06-22,NYN,CHN,10,2,2019
2019-06-22,TBA,OAK,2,4,2019
2019-06-22,CIN,MIL,5,6,2019
2019-06-22,MIA,PHI,5,3,2019
2019-06-22,COL,LAN,4,5,2019
2019-06-23,ATL,WAS,4,3,2019
2019-06-23,CHA,TEX,4,7,2019
2019-06-23,BAL,SEA,3,13,2019
2019-06-23,TBA,OAK,8,2,2019
2019-06-23,HOU,NYA,9,4,2019
2019-06-23,MIN,KCA,1,6,2019
2019-06-23,DET,CLE,3,8,2019
2019-06-23,TOR,BOS,6,1,2019
2019-06-23,MIA,PHI,6,4,2019
2019-06-23,SDN,PIT,10,11,2019
2019-06-23,CIN,MIL,5,7,2019
2019-06-23,COL,LAN,3,6,2019
2019-06-23,NYN,CHN,3,5,2019
2019-06-23,SFN,ARI,2,3,2019
2019-06-23,ANA,SLN,6,4,2019
2019-06-24,TOR,NYA,8,10,2019
2019-06-24,KCA,CLE,2,3,2019
2019-06-24,CHA,BOS,5,6,2019
2019-06-24,NYN,PHI,7,13,2019
2019-06-24,ATL,CHN,3,8,2019
2019-06-24,LAN,ARI,5,8,2019
2019-06-24,COL,SFN,2,0,2019
2019-06-25,TOR,NYA,3,4,2019
2019-06-25,TBA,MIN,4,9,2019
2019-06-25,PIT,HOU,1,5,2019
2019-06-25,TEX,DET,5,3,2019
2019-06-25,KCA,CLE,8,6,2019
2019-06-25,SDN,BAL,8,3,2019
2019-06-25,CIN,ANA,1,5,2019
2019-06-25,CHA,BOS,3,6,2019
2019-06-25,COL,SFN,2,4,2019
2019-06-25,NYN,PHI,5,7,2019
2019-06-25,SEA,MIL,8,3,2019
2019-06-25,WAS,MIA,6,1,2019
2019-06-25,ATL,CHN,3,2,2019
2019-06-25,LAN,ARI,3,2,2019
2019-06-25,OAK,SLN,7,3,2019
2019-06-26,CHA,BOS,8,7,2019
2019-06-26,TOR,NYA,7,8,2019
2019-06-26,TBA,MIN,4,6,2019
2019-06-26,PIT,HOU,14,2,2019
2019-06-26,TEX,DET,4,1,2019
2019-06-26,KCA,CLE,3,5,2019
2019-06-26,SDN,BAL,10,5,2019
2019-06-26,LAN,ARI,2,8,2019
2019-06-26,OAK,SLN,2,0,2019
2019-06-26,COL,SFN,6,3,2019
2019-06-26,NYN,PHI,4,5,2019
2019-06-26,SEA,MIL,4,2,2019
2019-06-26,WAS,MIA,7,5,2019
2019-06-26,ATL,CHN,5,3,2019
2019-06-26,CIN,ANA,1,5,2019
2019-06-27,OAK,ANA,3,8,2019
2019-06-27,PIT,HOU,10,0,2019
2019-06-27,TEX,DET,3,1,2019
2019-06-27,TBA,MIN,5,2,2019
2019-06-27,ARI,SFN,5,1,2019
2019-06-27,WAS,MIA,8,5,2019
2019-06-27,SEA,MIL,2,4,2019
2019-06-27,NYN,PHI,3,6,2019
2019-06-27,ATL,CHN,7,9,2019
2019-06-27,LAN,COL,12,8,2019
2019-06-28,KCA,TOR,2,6,2019
2019-06-28,TEX,TBA,5,0,2019
2019-06-28,SEA,HOU,1,2,2019
2019-06-28,WAS,DET,3,1,2019
2019-06-28,CLE,BAL,0,13,2019
2019-06-28,OAK,ANA,7,2,2019
2019-06-28,MIN,CHA,4,6,2019
2019-06-28,SLN,SDN,1,3,2019
2019-06-28,ATL,NYN,6,2,2019
2019-06-28,PIT,MIL,3,2,2019
2019-06-28,PHI,MIA,2,6,2019
2019-06-28,LAN,COL,9,13,2019
2019-06-28,CHN,CIN,3,6,2019
2019-06-28,ARI,SFN,3,6,2019
2019-06-29,NYA,BOS,17,13,2019
2019-06-29,KCA,TOR,5,7,2019
2019-06-29,TEX,TBA,2,5,2019
2019-06-29,SEA,HOU,5,6,2019
2019-06-29,WAS,DET,5,7,2019
2019-06-29,MIN,CHA,10,3,2019
2019-06-29,CLE,BAL,0,13,2019
2019-06-29,PIT,MIL,1,3,2019
2019-06-29,ARI,SFN,4,3,2019
2019-06-29,SLN,SDN,2,12,2019
2019-06-29,ATL,NYN,5,4,2019
2019-06-29,PHI,MIA,6,9,2019
2019-06-29,LAN,COL,3,5,2019
2019-06-29,CHN,CIN,6,0,2019
2019-06-29,OAK,ANA,4,0,2019
2019-06-30,NYA,BOS,12,8,2019
2019-06-30,KCA,TOR,7,6,2019
2019-06-30,TEX,TBA,2,6,2019
2019-06-30,SEA,HOU,1,6,2019
2019-06-30,WAS,DET,2,1,2019
2019-06-30,MIN,CHA,3,4,2019
2019-06-30,CLE,BAL,2,0,2019
2019-06-30,SLN,SDN,5,3,2019
2019-06-30,ARI,SFN,4,10,2019
2019-06-30,OAK,ANA,12,3,2019
2019-06-30,ATL,NYN,5,8,2019
2019-06-30,PIT,MIL,1,2,2019
2019-06-30,PHI,MIA,13,6,2019
2019-06-30,LAN,COL,10,5,2019
2019-06-30,CHN,CIN,6,8,2019
2019-07-01,KCA,TOR,4,11,2019
2019-07-01,BAL,TBA,3,6,2019
2019-07-01,SFN,SDN,13,2,2019
2019-07-01,CHN,PIT,5,18,2019
2019-07-01,MIL,CIN,8,6,2019
2019-07-02,ANA,TEX,9,4,2019
2019-07-02,BAL,TBA,3,6,2019
2019-07-02,SLN,SEA,4,5,2019
2019-07-02,MIN,OAK,6,8,2019
2019-07-02,BOS,TOR,10,6,2019
2019-07-02,CLE,KCA,9,5,2019
2019-07-02,MIA,WAS,2,3,2019
2019-07-02,NYA,NYN,2,4,2019
2019-07-02,CHN,PIT,1,5,2019
2019-07-02,ARI,LAN,4,5,2019
2019-07-02,HOU,COL,9,8,2019
2019-07-02,MIL,CIN,4,5,2019
2019-07-02,PHI,ATL,2,0,2019
2019-07-02,SFN,SDN,10,4,2019
2019-07-03,DET,CHA,6,9,2019
2019-07-03,BOS,TOR,3,6,2019
2019-07-03,ANA,TEX,6,2,2019
2019-07-03,BAL,TBA,9,6,2019
2019-07-03,SLN,SEA,5,2,2019
2019-07-03,MIN,OAK,4,3,2019
2019-07-03,CLE,KCA,4,0,2019
2019-07-03,DET,CHA,5,7,2019
2019-07-03,ARI,LAN,4,5,2019
2019-07-03,SFN,SDN,7,5,2019
2019-07-03,CHN,PIT,5,6,2019
2019-07-03,NYA,NYN,5,1,2019
2019-07-03,MIA,WAS,1,3,2019
2019-07-03,HOU,COL,4,2,2019
2019-07-03,MIL,CIN,0,3,2019
2019-07-03,PHI,ATL,2,9,2019
2019-07-04,BOS,TOR,8,7,2019
2019-07-04,ANA,TEX,3,9,2019
2019-07-04,NYA,TBA,8,4,2019
2019-07-04,SLN,SEA,5,4,2019
2019-07-04,MIN,OAK,2,7,2019
2019-07-04,CLE,KCA,8,4,2019
2019-07-04,DET,CHA,11,5,2019
2019-07-04,MIA,WAS,2,5,2019
2019-07-04,CHN,PIT,11,3,2019
2019-07-04,SDN,LAN,1,5,2019
2019-07-04,MIL,CIN,0,1,2019
2019-07-04,PHI,ATL,6,12,2019
2019-07-05,BAL,TOR,4,1,2019
2019-07-05,OAK,SEA,5,2,2019
2019-07-05,TEX,MIN,6,15,2019
2019-07-05,ANA,HOU,5,4,2019
2019-07-05,BOS,DET,9,6,2019
2019-07-05,KCA,WAS,7,4,2019
2019-07-05,NYA,TBA,8,4,2019
2019-07-05,MIL,PIT,7,6,2019
2019-07-05,PHI,NYN,7,2,2019
2019-07-05,SDN,LAN,3,2,2019
2019-07-05,MIA,ATL,0,1,2019
2019-07-05,COL,ARI,0,8,2019
2019-07-05,SLN,SFN,9,4,2019
2019-07-06,BAL,TOR,8,1,2019
2019-07-06,NYA,TBA,3,4,2019
2019-07-06,OAK,SEA,3,6,2019
2019-07-06,ANA,HOU,0,4,2019
2019-07-06,BOS,DET,10,6,2019
2019-07-06,CHN,CHA,6,3,2019
2019-07-06,KCA,WAS,0,6,2019
2019-07-06,TEX,MIN,4,7,2019
2019-07-06,MIL,PIT,2,12,2019
2019-07-06,PHI,NYN,5,6,2019
2019-07-06,SDN,LAN,3,1,2019
2019-07-06,CLE,CIN,7,2,2019
2019-07-06,MIA,ATL,5,4,2019
2019-07-06,COL,ARI,2,4,2019
2019-07-06,SLN,SFN,4,8,2019
2019-07-07,OAK,SEA,7,4,2019
2019-07-07,TEX,MIN,4,1,2019
2019-07-07,ANA,HOU,10,11,2019
2019-07-07,BOS,DET,6,3,2019
2019-07-07,CHN,CHA,1,3,2019
2019-07-07,KCA,WAS,2,5,2019
2019-07-07,SDN,LAN,5,3,2019
2019-07-07,MIL,PIT,5,6,2019
2019-07-07,PHI,NYN,8,3,2019
2019-07-07,CLE,CIN,11,1,2019
2019-07-07,MIA,ATL,3,4,2019
2019-07-07,COL,ARI,3,5,2019
2019-07-07,NYA,TBA,1,2,2019
2019-07-07,SLN,SFN,0,1,2019
2019-07-07,BAL,TOR,1,6,2019
2019-07-11,HOU,TEX,0,5,2019
2019-07-12,PIT,CHN,3,4,2019
2019-07-12,HOU,TEX,8,9,2019
2019-07-12,CHA,OAK,1,5,2019
2019-07-12,TOR,NYA,0,4,2019
2019-07-12,MIN,CLE,5,3,2019
2019-07-12,LAN,BOS,1,8,2019
2019-07-12,TBA,BAL,16,4,2019
2019-07-12,DET,KCA,5,8,2019
2019-07-12,ARI,SLN,4,2,2019
2019-07-12,ATL,SDN,5,3,2019
2019-07-12,WAS,PHI,4,0,2019
2019-07-12,SFN,MIL,10,7,2019
2019-07-12,NYN,MIA,4,8,2019
2019-07-12,CIN,COL,2,3,2019
2019-07-12,SEA,ANA,0,13,2019
2019-07-13,TBA,BAL,12,4,2019
2019-07-13,HOU,TEX,7,6,2019
2019-07-13,CHA,OAK,2,13,2019
2019-07-13,TOR,NYA,2,1,2019
2019-07-13,DET,KCA,1,4,2019
2019-07-13,MIN,CLE,6,2,2019
2019-07-13,LAN,BOS,11,2,2019
2019-07-13,TBA,BAL,1,2,2019
2019-07-13,SFN,MIL,4,5,2019
2019-07-13,ARI,SLN,2,4,2019
2019-07-13,ATL,SDN,7,5,2019
2019-07-13,WAS,PHI,4,3,2019
2019-07-13,NYN,MIA,4,2,2019
2019-07-13,CIN,COL,17,9,2019
2019-07-13,PIT,CHN,4,10,2019
2019-07-13,SEA,ANA,2,9,2019
2019-07-14,LAN,BOS,7,4,2019
2019-07-14,HOU,TEX,12,4,2019
2019-07-14,CHA,OAK,2,3,2019
2019-07-14,TOR,NYA,2,4,2019
2019-07-14,DET,KCA,12,8,2019
2019-07-14,MIN,CLE,3,4,2019
2019-07-14,TBA,BAL,4,1,2019
2019-07-14,PIT,CHN,3,8,2019
2019-07-14,ARI,SLN,2,5,2019
2019-07-14,ATL,SDN,4,1,2019
2019-07-14,WAS,PHI,3,4,2019
2019-07-14,SFN,MIL,8,3,2019
2019-07-14,NYN,MIA,6,2,2019
2019-07-14,CIN,COL,9,10,2019
2019-07-14,SEA,ANA,3,6,2019
2019-07-15,TBA,NYA,5,4,2019
2019-07-15,CHA,KCA,2,5,2019
2019-07-15,DET,CLE,6,8,2019
2019-07-15,TOR,BOS,8,10,2019
2019-07-15,HOU,ANA,6,9,2019
2019-07-15,PIT,SLN,0,7,2019
2019-07-15,ATL,MIL,4,2,2019
2019-07-15,SFN,COL,2,1,2019
2019-07-15,SFN,COL,19,2,2019
2019-07-15,CIN,CHN,6,3,2019
2019-07-15,LAN,PHI,16,2,2019
2019-07-16,TOR,BOS,10,4,2019
2019-07-16,ARI,TEX,9,2,2019
2019-07-16,SEA,OAK,2,9,2019
2019-07-16,TBA,NYA,3,8,2019
2019-07-16,NYN,MIN,3,2,2019
2019-07-16,DET,CLE,0,8,2019
2019-07-16,WAS,BAL,8,1,2019
2019-07-16,CHA,KCA,0,11,2019
2019-07-16,PIT,SLN,3,1,2019
2019-07-16,LAN,PHI,8,9,2019
2019-07-16,HOU,ANA,2,7,2019
2019-07-16,ATL,MIL,1,13,2019
2019-07-16,SDN,MIA,7,12,2019
2019-07-16,SFN,COL,8,4,2019
2019-07-16,CIN,CHN,3,4,2019
2019-07-17,SEA,OAK,2,10,2019
2019-07-17,NYN,MIN,14,4,2019
2019-07-17,CHA,KCA,5,7,2019
2019-07-17,DET,CLE,2,7,2019
2019-07-17,TOR,BOS,4,5,2019
2019-07-17,WAS,BAL,2,9,2019
2019-07-17,ARI,TEX,19,4,2019
2019-07-17,PIT,SLN,5,6,2019
2019-07-17,LAN,PHI,7,2,2019
2019-07-17,ATL,MIL,4,5,2019
2019-07-17,SDN,MIA,3,2,2019
2019-07-17,SFN,COL,11,8,2019
2019-07-17,CIN,CHN,2,5,2019
2019-07-17,HOU,ANA,11,2,2019
2019-07-18,TBA,NYA,1,5,2019
2019-07-18,TBA,NYA,2,6,2019
2019-07-18,OAK,MIN,3,6,2019
2019-07-18,CHA,KCA,5,6,2019
2019-07-18,DET,CLE,3,6,2019
2019-07-18,TOR,BOS,0,5,2019
2019-07-18,HOU,ANA,6,2,2019
2019-07-18,LAN,PHI,6,7,2019
2019-07-18,SDN,MIA,3,4,2019
2019-07-18,SLN,CIN,7,4,2019
2019-07-18,WAS,ATL,13,4,2019
2019-07-18,MIL,ARI,5,1,2019
2019-07-18,NYN,SFN,2,3,2019
2019-07-19,TOR,DET,12,1,2019
2019-07-19,ANA,SEA,0,10,2019
2019-07-19,CHA,TBA,9,2,2019
2019-07-19,COL,NYA,2,8,2019
2019-07-19,OAK,MIN,5,3,2019
2019-07-19,TEX,HOU,3,4,2019
2019-07-19,KCA,CLE,5,10,2019
2019-07-19,WAS,ATL,3,4,2019
2019-07-19,NYN,SFN,0,1,2019
2019-07-19,PHI,PIT,6,1,2019
2019-07-19,MIA,LAN,1,2,2019
2019-07-19,SLN,CIN,12,11,2019
2019-07-19,SDN,CHN,5,6,2019
2019-07-19,MIL,ARI,7,10,2019
2019-07-19,BOS,BAL,2,11,2019
2019-07-20,CHA,TBA,2,1,2019
2019-07-20,ANA,SEA,6,2,2019
2019-07-20,COL,NYA,5,11,2019
2019-07-20,OAK,MIN,5,4,2019
2019-07-20,TEX,HOU,1,6,2019
2019-07-20,TOR,DET,7,5,2019
2019-07-20,KCA,CLE,1,0,2019
2019-07-20,BOS,BAL,17,6,2019
2019-07-20,PHI,PIT,1,5,2019
2019-07-20,MIA,LAN,6,10,2019
2019-07-20,SLN,CIN,2,3,2019
2019-07-20,SDN,CHN,5,6,2019
2019-07-20,WAS,ATL,5,3,2019
2019-07-20,MIL,ARI,8,3,2019
2019-07-20,NYN,SFN,11,4,2019
2019-07-21,KCA,CLE,4,5,2019
2019-07-21,ANA,SEA,9,3,2019
2019-07-21,COL,NYA,8,4,2019
2019-07-21,OAK,MIN,6,7,2019
2019-07-21,TEX,HOU,3,5,2019
2019-07-21,TOR,DET,3,4,2019
2019-07-21,CHA,TBA,2,4,2019
2019-07-21,BOS,BAL,0,5,2019
2019-07-21,PHI,PIT,2,1,2019
2019-07-21,MIL,ARI,7,4,2019
2019-07-21,WAS,ATL,1,7,2019
2019-07-21,NYN,SFN,2,3,2019
2019-07-21,SLN,CIN,3,1,2019
2019-07-21,SDN,CHN,5,1,2019
2019-07-21,MIA,LAN,0,9,2019
2019-07-22,CLE,TOR,7,3,2019
2019-07-22,BOS,TBA,9,4,2019
2019-07-22,NYA,MIN,6,8,2019
2019-07-22,OAK,HOU,1,11,2019
2019-07-22,TEX,SEA,3,7,2019
2019-07-22,CHN,SFN,4,5,2019
2019-07-22,SLN,PIT,6,5,2019
2019-07-22,CIN,MIL,6,5,2019
2019-07-22,BAL,ARI,3,6,2019
2019-07-22,MIA,CHA,1,9,2019
2019-07-23,PHI,DET,3,2,2019
2019-07-23,CLE,TOR,1,2,2019
2019-07-23,BOS,TBA,5,4,2019
2019-07-23,TEX,SEA,7,2,2019
2019-07-23,NYA,MIN,14,12,2019
2019-07-23,OAK,HOU,4,3,2019
2019-07-23,MIA,CHA,5,1,2019
2019-07-23,SLN,PIT,4,3,2019
2019-07-23,CHN,SFN,4,5,2019
2019-07-23,SDN,NYN,2,5,2019
2019-07-23,CIN,MIL,14,6,2019
2019-07-23,ANA,LAN,5,4,2019
2019-07-23,KCA,ATL,5,4,2019
2019-07-23,BAL,ARI,7,2,2019
2019-07-23,COL,WAS,1,11,2019
2019-07-24,MIA,CHA,2,0,2019
2019-07-24,CLE,TOR,4,0,2019
2019-07-24,BOS,TBA,2,3,2019
2019-07-24,TEX,SEA,3,5,2019
2019-07-24,NYA,MIN,10,7,2019
2019-07-24,OAK,HOU,2,4,2019
2019-07-24,COL,WAS,2,3,2019
2019-07-24,PHI,DET,4,0,2019
2019-07-24,COL,WAS,0,2,2019
2019-07-24,SLN,PIT,14,8,2019
2019-07-24,CHN,SFN,4,1,2019
2019-07-24,SDN,NYN,7,2,2019
2019-07-24,CIN,MIL,4,5,2019
2019-07-24,ANA,LAN,3,2,2019
2019-07-24,KCA,ATL,2,0,2019
2019-07-24,BAL,ARI,2,5,2019
2019-07-25,DET,SEA,2,10,2019
2019-07-25,TEX,OAK,11,3,2019
2019-07-25,CLE,KCA,5,4,2019
2019-07-25,MIN,CHA,10,3,2019
2019-07-25,BAL,ANA,10,8,2019
2019-07-25,COL,WAS,8,7,2019
2019-07-25,SLN,PIT,6,3,2019
2019-07-25,SDN,NYN,0,4,2019
2019-07-25,NYA,BOS,3,19,2019
2019-07-26,NYA,BOS,5,10,2019
2019-07-26,TBA,TOR,3,1,2019
2019-07-26,DET,SEA,2,3,2019
2019-07-26,TEX,OAK,5,2,2019
2019-07-26,CLE,KCA,8,3,2019
2019-07-26,MIN,CHA,6,2,2019
2019-07-26,BAL,ANA,9,3,2019
2019-07-26,COL,CIN,12,2,2019
2019-07-26,HOU,SLN,3,5,2019
2019-07-26,SFN,SDN,2,1,2019
2019-07-26,ATL,PHI,9,2,2019
2019-07-26,PIT,NYN,3,6,2019
2019-07-26,CHN,MIL,2,3,2019
2019-07-26,ARI,MIA,2,3,2019
2019-07-26,LAN,WAS,4,2,2019
2019-07-27,MIN,CHA,1,5,2019
2019-07-27,CLE,KCA,9,1,2019
2019-07-27,TEX,OAK,4,5,2019
2019-07-27,CHN,MIL,3,5,2019
2019-07-27,TBA,TOR,9,10,2019
2019-07-27,NYA,BOS,5,9,2019
2019-07-27,DET,SEA,1,8,2019
2019-07-27,BAL,ANA,8,7,2019
2019-07-27,ARI,MIA,9,2,2019
2019-07-27,HOU,SLN,8,2,2019
2019-07-27,SFN,SDN,1,5,2019
2019-07-27,ATL,PHI,15,7,2019
2019-07-27,PIT,NYN,0,3,2019
2019-07-27,LAN,WAS,9,3,2019
2019-07-27,COL,CIN,1,3,2019
2019-07-28,TBA,TOR,10,9,2019
2019-07-28,DET,SEA,2,3,2019
2019-07-28,TEX,OAK,5,6,2019
2019-07-28,MIN,CHA,11,1,2019
2019-07-28,NYA,BOS,9,6,2019
2019-07-28,BAL,ANA,4,5,2019
2019-07-28,LAN,WAS,4,11,2019
2019-07-28,CLE,KCA,6,9,2019
2019-07-28,SFN,SDN,7,6,2019
2019-07-28,ATL,PHI,4,9,2019
2019-07-28,PIT,NYN,7,8,2019
2019-07-28,CHN,MIL,11,4,2019
2019-07-28,ARI,MIA,1,5,2019
2019-07-28,COL,CIN,2,3,2019
2019-07-28,HOU,SLN,6,2,2019
2019-07-29,TOR,KCA,7,3,2019
2019-07-29,DET,ANA,7,2,2019
2019-07-29,ATL,WAS,3,6,2019
2019-07-29,BAL,SDN,1,8,2019
2019-07-29,LAN,COL,1,9,2019
2019-07-29,PIT,CIN,6,11,2019
2019-07-29,ARI,MIA,6,11,2019
2019-07-30,NYN,CHA,5,2,2019
2019-07-30,MIL,OAK,2,3,2019
2019-07-30,ARI,NYA,4,2,2019
2019-07-30,SEA,TEX,8,5,2019
2019-07-30,TOR,KCA,9,2,2019
2019-07-30,HOU,CLE,2,0,2019
2019-07-30,TBA,BOS,6,5,2019
2019-07-30,MIN,MIA,2,1,2019
2019-07-30,ATL,WAS,11,8,2019
2019-07-30,CHN,SLN,1,2,2019
2019-07-30,BAL,SDN,8,5,2019
2019-07-30,SFN,PHI,2,4,2019
2019-07-30,LAN,COL,9,4,2019
2019-07-30,PIT,CIN,11,4,2019
2019-07-30,DET,ANA,1,6,2019
2019-07-31,SEA,TEX,7,9,2019
2019-07-31,MIL,OAK,4,2,2019
2019-07-31,ARI,NYA,5,7,2019
2019-07-31,TOR,KCA,4,1,2019
2019-07-31,HOU,CLE,4,10,2019
2019-07-31,NYN,CHA,4,2,2019
2019-07-31,TBA,BOS,8,5,2019
2019-07-31,ATL,WAS,5,4,2019
2019-07-31,CHN,SLN,2,0,2019
2019-07-31,SFN,PHI,5,1,2019
2019-07-31,MIN,MIA,7,4,2019
2019-07-31,LAN,COL,5,1,2019
2019-07-31,PIT,CIN,1,4,2019
2019-07-31,DET,ANA,9,1,2019
2019-08-01,TOR,BAL,11,2,2019
2019-08-01,HOU,CLE,7,1,2019
2019-08-01,NYN,CHA,4,0,2019
2019-08-01,TBA,BOS,9,4,2019
2019-08-01,MIL,OAK,3,5,2019
2019-08-01,CHN,SLN,0,8,2019
2019-08-01,MIN,MIA,4,5,2019
2019-08-01,CIN,ATL,1,4,2019
2019-08-01,SFN,PHI,2,10,2019
2019-08-01,SDN,LAN,2,8,2019
2019-08-02,DET,TEX,4,5,2019
2019-08-02,BOS,NYA,2,4,2019
2019-08-02,KCA,MIN,9,11,2019
2019-08-02,ANA,CLE,3,7,2019
2019-08-02,TOR,BAL,5,2,2019
2019-08-02,NYN,PIT,4,8,2019
2019-08-02,SEA,HOU,2,10,2019
2019-08-02,SDN,LAN,5,2,2019
2019-08-02,SFN,COL,4,5,2019
2019-08-02,MIL,CHN,2,6,2019
2019-08-02,CIN,ATL,5,2,2019
2019-08-02,WAS,ARI,3,0,2019
2019-08-02,CHA,PHI,4,3,2019
2019-08-03,SEA,HOU,0,9,2019
2019-08-03,DET,TEX,4,5,2019
2019-08-03,MIA,TBA,6,8,2019
2019-08-03,SLN,OAK,3,8,2019
2019-08-03,BOS,NYA,4,6,2019
2019-08-03,BOS,NYA,2,9,2019
2019-08-03,KCA,MIN,3,11,2019
2019-08-03,ANA,CLE,2,7,2019
2019-08-03,SDN,LAN,1,4,2019
2019-08-03,NYN,PIT,7,5,2019
2019-08-03,CHA,PHI,2,3,2019
2019-08-03,SFN,COL,6,5,2019
2019-08-03,CIN,ATL,4,5,2019
2019-08-03,WAS,ARI,7,18,2019
2019-08-03,TOR,BAL,4,6,2019
2019-08-03,MIL,CHN,1,4,2019
2019-08-04,KCA,MIN,0,3,2019
2019-08-04,SLN,OAK,2,4,2019
2019-08-04,BOS,NYA,4,7,2019
2019-08-04,MIL,CHN,2,7,2019
2019-08-04,DET,TEX,4,9,2019
2019-08-04,SEA,HOU,1,3,2019
2019-08-04,MIA,TBA,2,7,2019
2019-08-04,ANA,CLE,2,6,2019
2019-08-04,CIN,ATL,6,4,2019
2019-08-04,NYN,PIT,13,2,2019
2019-08-04,CHA,PHI,10,5,2019
2019-08-04,SDN,LAN,10,11,2019
2019-08-04,SFN,COL,2,6,2019
2019-08-04,WAS,ARI,5,7,2019
2019-08-04,TOR,BAL,5,6,2019
2019-08-05,TOR,TBA,2,0,2019
2019-08-05,ATL,MIN,3,5,2019
2019-08-05,CHA,DET,7,4,2019
2019-08-05,TEX,CLE,1,0,2019
2019-08-05,KCA,BOS,5,7,2019
2019-08-05,NYA,BAL,9,6,2019
2019-08-05,WAS,SFN,4,0,2019
2019-08-05,MIA,NYN,4,5,2019
2019-08-05,MIA,NYN,2,6,2019
2019-08-05,SLN,LAN,0,8,2019
2019-08-05,ANA,CIN,4,7,2019
2019-08-05,OAK,CHN,5,6,2019
2019-08-05,PHI,ARI,7,3,2019
2019-08-05,MIL,PIT,9,7,2019
2019-08-06,KCA,BOS,6,2,2019
2019-08-06,SDN,SEA,9,4,2019
2019-08-06,ATL,MIN,12,7,2019
2019-08-06,COL,HOU,6,11,2019
2019-08-06,CHA,DET,6,10,2019
2019-08-06,CHA,DET,5,3,2019
2019-08-06,TOR,TBA,6,7,2019
2019-08-06,WAS,SFN,5,3,2019
2019-08-06,MIL,PIT,4,3,2019
2019-08-06,MIA,NYN,0,5,2019
2019-08-06,SLN,LAN,1,3,2019
2019-08-06,ANA,CIN,4,8,2019
2019-08-06,OAK,CHN,11,4,2019
2019-08-06,PHI,ARI,4,8,2019
2019-08-06,NYA,BAL,9,4,2019
2019-08-07,TOR,TBA,4,3,2019
2019-08-07,SDN,SEA,2,3,2019
2019-08-07,ATL,MIN,11,7,2019
2019-08-07,CHA,DET,8,1,2019
2019-08-07,TEX,CLE,1,5,2019
2019-08-07,TEX,CLE,0,2,2019
2019-08-07,KCA,BOS,4,5,2019
2019-08-07,COL,HOU,3,14,2019
2019-08-07,WAS,SFN,4,1,2019
2019-08-07,MIL,PIT,8,3,2019
2019-08-07,MIA,NYN,2,7,2019
2019-08-07,SLN,LAN,1,2,2019
2019-08-07,OAK,CHN,1,10,2019
2019-08-07,PHI,ARI,1,6,2019
2019-08-07,NYA,BAL,14,2,2019
2019-08-08,NYA,TOR,12,6,2019
2019-08-08,CLE,MIN,7,5,2019
2019-08-08,KCA,DET,8,10,2019
2019-08-08,ANA,BOS,0,3,2019
2019-08-08,PHI,SFN,0,5,2019
2019-08-08,ATL,MIA,2,9,2019
2019-08-08,CHN,CIN,12,5,2019
2019-08-08,COL,SDN,3,9,2019
2019-08-09,ANA,BOS,4,16,2019
2019-08-09,TBA,SEA,5,3,2019
2019-08-09,CLE,MIN,6,2,2019
2019-08-09,KCA,DET,2,5,2019
2019-08-09,NYA,TOR,2,8,2019
2019-08-09,OAK,CHA,7,0,2019
2019-08-09,HOU,BAL,3,2,2019
2019-08-09,TEX,MIL,5,6,2019
2019-08-09,PHI,SFN,9,6,2019
2019-08-09,COL,SDN,1,7,2019
2019-08-09,WAS,NYN,6,7,2019
2019-08-09,ATL,MIA,8,4,2019
2019-08-09,ARI,LAN,3,2,2019
2019-08-09,CHN,CIN,2,5,2019
2019-08-09,PIT,SLN,2,6,2019
2019-08-10,NYA,TOR,4,5,2019
2019-08-10,TBA,SEA,5,4,2019
2019-08-10,CLE,MIN,1,4,2019
2019-08-10,KCA,DET,7,0,2019
2019-08-10,OAK,CHA,2,3,2019
2019-08-10,ANA,BOS,12,4,2019
2019-08-10,HOU,BAL,23,2,2019
2019-08-10,PIT,SLN,1,3,2019
2019-08-10,COL,SDN,5,8,2019
2019-08-10,WAS,NYN,3,4,2019
2019-08-10,TEX,MIL,2,3,2019
2019-08-10,ATL,MIA,6,7,2019
2019-08-10,ARI,LAN,0,4,2019
2019-08-10,CHN,CIN,1,10,2019
2019-08-10,PHI,SFN,1,3,2019
2019-08-11,NYA,TOR,1,0,2019
2019-08-11,TBA,SEA,1,0,2019
2019-08-11,CLE,MIN,7,3,2019
2019-08-11,KCA,DET,10,2,2019
2019-08-11,OAK,CHA,2,0,2019
2019-08-11,ANA,BOS,5,4,2019
2019-08-11,HOU,BAL,7,8,2019
2019-08-11,PHI,SFN,6,9,2019
2019-08-11,COL,SDN,8,3,2019
2019-08-11,WAS,NYN,7,4,2019
2019-08-11,TEX,MIL,1,0,2019
2019-08-11,ATL,MIA,5,4,2019
2019-08-11,ARI,LAN,3,9,2019
2019-08-11,CHN,CIN,6,3,2019
2019-08-11,PIT,SLN,9,11,2019
2019-08-12,TEX,TOR,4,19,2019
2019-08-12,BAL,NYA,8,11,2019
2019-08-12,BAL,NYA,5,8,2019
2019-08-12,BOS,CLE,5,6,2019
2019-08-12,CIN,WAS,6,7,2019
2019-08-12,TBA,SDN,10,4,2019
2019-08-12,ARI,COL,8,6,2019
2019-08-12,PIT,ANA,10,2,2019
2019-08-13,HOU,CHA,6,2,2019
2019-08-13,TEX,TOR,0,3,2019
2019-08-13,BAL,NYA,3,8,2019
2019-08-13,SLN,KCA,2,0,2019
2019-08-13,SEA,DET,11,6,2019
2019-08-13,BOS,CLE,7,6,2019
2019-08-13,HOU,CHA,1,4,2019
2019-08-13,PIT,ANA,10,7,2019
2019-08-13,MIN,MIL,7,5,2019
2019-08-13,OAK,SFN,2,3,2019
2019-08-13,TBA,SDN,7,5,2019
2019-08-13,CHN,PHI,2,4,2019
2019-08-13,LAN,MIA,15,1,2019
2019-08-13,ARI,COL,9,3,2019
2019-08-13,NYN,ATL,3,5,2019
2019-08-13,CIN,WAS,1,3,2019
2019-08-14,HOU,CHA,9,13,2019
2019-08-14,TEX,TOR,7,3,2019
2019-08-14,BAL,NYA,5,6,2019
2019-08-14,SLN,KCA,6,0,2019
2019-08-14,SEA,DET,2,3,2019
2019-08-14,BOS,CLE,5,1,2019
2019-08-14,PIT,ANA,4,7,2019
2019-08-14,NYN,ATL,4,6,2019
2019-08-14,OAK,SFN,9,5,2019
2019-08-14,TBA,SDN,2,7,2019
2019-08-14,CHN,PHI,1,11,2019
2019-08-14,MIN,MIL,5,6,2019
2019-08-14,LAN,MIA,9,1,2019
2019-08-14,ARI,COL,6,7,2019
2019-08-14,CIN,WAS,7,17,2019
2019-08-15,MIN,TEX,13,6,2019
2019-08-15,HOU,OAK,6,7,2019
2019-08-15,CLE,NYA,19,5,2019
2019-08-15,SEA,DET,7,2,2019
2019-08-15,CHA,ANA,7,8,2019
2019-08-15,CHN,PHI,5,7,2019
2019-08-15,SLN,CIN,1,2,2019
2019-08-15,NYN,ATL,10,8,2019
2019-08-15,SFN,ARI,7,0,2019
2019-08-15,LAN,MIA,7,13,2019
2019-08-16,BAL,BOS,1,9,2019
2019-08-16,SEA,TOR,3,7,2019
2019-08-16,MIN,TEX,4,3,2019
2019-08-16,DET,TBA,2,0,2019
2019-08-16,HOU,OAK,2,3,2019
2019-08-16,NYN,KCA,1,4,2019
2019-08-16,CHA,ANA,7,2,2019
2019-08-16,CLE,NYA,2,3,2019
2019-08-16,CHN,PIT,2,3,2019
2019-08-16,SDN,PHI,4,8,2019
2019-08-16,MIL,WAS,1,2,2019
2019-08-16,MIA,COL,0,3,2019
2019-08-16,SLN,CIN,13,4,2019
2019-08-16,LAN,ATL,8,3,2019
2019-08-16,SFN,ARI,10,9,2019
2019-08-17,SEA,TOR,4,3,2019
2019-08-17,MIN,TEX,12,7,2019
2019-08-17,DET,TBA,0,1,2019
2019-08-17,HOU,OAK,4,8,2019
2019-08-17,CLE,NYA,5,6,2019
2019-08-17,NYN,KCA,4,1,2019
2019-08-17,BAL,BOS,0,4,2019
2019-08-17,CHA,ANA,5,6,2019
2019-08-17,MIL,WAS,15,14,2019
2019-08-17,CHN,PIT,2,0,2019
2019-08-17,SDN,PHI,5,3,2019
2019-08-17,MIA,COL,4,11,2019
2019-08-17,SLN,CIN,1,6,2019
2019-08-17,LAN,ATL,3,4,2019
2019-08-17,SFN,ARI,11,6,2019
2019-08-18,MIN,TEX,6,3,2019
2019-08-18,SEA,TOR,7,0,2019
2019-08-18,HOU,OAK,4,1,2019
2019-08-18,CLE,NYA,8,4,2019
2019-08-18,NYN,KCA,11,5,2019
2019-08-18,BAL,BOS,7,13,2019
2019-08-18,CHA,ANA,2,9,2019
2019-08-18,DET,TBA,4,5,2019
2019-08-18,CHN,PIT,7,1,2019
2019-08-18,SDN,PHI,3,2,2019
2019-08-18,MIA,COL,6,7,2019
2019-08-18,SLN,CIN,5,4,2019
2019-08-18,LAN,ATL,3,5,2019
2019-08-18,SFN,ARI,1,6,2019
2019-08-18,MIL,WAS,8,16,2019
2019-08-19,ANA,TEX,7,8,2019
2019-08-19,SEA,TBA,9,3,2019
2019-08-19,CHA,MIN,6,4,2019
2019-08-19,DET,HOU,4,5,2019
2019-08-19,KCA,BAL,5,4,2019
2019-08-19,MIL,SLN,0,3,2019
2019-08-19,WAS,PIT,13,0,2019
2019-08-19,SDN,CIN,3,2,2019
2019-08-19,COL,ARI,3,5,2019
2019-08-20,ANA,TEX,5,1,2019
2019-08-20,SEA,TBA,7,4,2019
2019-08-20,NYA,OAK,2,6,2019
2019-08-20,ANA,TEX,2,3,2019
2019-08-20,CHA,MIN,4,14,2019
2019-08-20,DET,HOU,3,6,2019
2019-08-20,PHI,BOS,3,2,2019
2019-08-20,KCA,BAL,1,4,2019
2019-08-20,SDN,CIN,2,3,2019
2019-08-20,WAS,PIT,1,4,2019
2019-08-20,CLE,NYN,2,9,2019
2019-08-20,TOR,LAN,3,16,2019
2019-08-20,SFN,CHN,3,5,2019
2019-08-20,MIA,ATL,1,5,2019
2019-08-20,COL,ARI,7,8,2019
2019-08-20,MIL,SLN,4,9,2019
2019-08-21,KCA,BAL,1,8,2019
2019-08-21,ANA,TEX,7,8,2019
2019-08-21,NYA,OAK,4,6,2019
2019-08-21,CHA,MIN,4,0,2019
2019-08-21,DET,HOU,2,1,2019
2019-08-21,PHI,BOS,5,2,2019
2019-08-21,MIL,SLN,5,3,2019
2019-08-21,SEA,TBA,6,7,2019
2019-08-21,CLE,NYN,3,4,2019
2019-08-21,TOR,LAN,1,2,2019
2019-08-21,SDN,CIN,2,4,2019
2019-08-21,SFN,CHN,11,12,2019
2019-08-21,MIA,ATL,0,5,2019
2019-08-21,COL,ARI,7,2,2019
2019-08-21,WAS,PIT,11,1,2019
2019-08-22,NYA,OAK,3,5,2019
2019-08-22,DET,HOU,3,6,2019
2019-08-22,TEX,CHA,1,6,2019
2019-08-22,TBA,BAL,5,2,2019
2019-08-22,COL,SLN,5,6,2019
2019-08-22,WAS,PIT,7,1,2019
2019-08-22,CLE,NYN,0,2,2019
2019-08-22,TOR,LAN,2,3,2019
2019-08-22,SFN,CHN,0,1,2019
2019-08-22,MIA,ATL,2,3,2019
2019-08-23,TOR,SEA,4,7,2019
2019-08-23,DET,MIN,9,6,2019
2019-08-23,ANA,HOU,4,5,2019
2019-08-23,KCA,CLE,1,4,2019
2019-08-23,TEX,CHA,3,8,2019
2019-08-23,TBA,BAL,7,1,2019
2019-08-23,COL,SLN,3,8,2019
2019-08-23,NYA,LAN,10,2,2019
2019-08-23,CIN,PIT,2,3,2019
2019-08-23,ATL,NYN,2,1,2019
2019-08-23,ARI,MIL,1,6,2019
2019-08-23,PHI,MIA,11,19,2019
2019-08-23,WAS,CHN,9,3,2019
2019-08-23,BOS,SDN,11,0,2019
2019-08-24,TEX,CHA,4,0,2019
2019-08-24,TOR,SEA,7,5,2019
2019-08-24,SFN,OAK,10,5,2019
2019-08-24,DET,MIN,5,8,2019
2019-08-24,ANA,HOU,2,5,2019
2019-08-24,KCA,CLE,2,4,2019
2019-08-24,TBA,BAL,1,7,2019
2019-08-24,BOS,SDN,5,4,2019
2019-08-24,CIN,PIT,0,14,2019
2019-08-24,ATL,NYN,9,5,2019
2019-08-24,ARI,MIL,0,4,2019
2019-08-24,PHI,MIA,9,3,2019
2019-08-24,NYA,LAN,1,2,2019
2019-08-24,WAS,CHN,7,2,2019
2019-08-24,COL,SLN,0,6,2019
2019-08-25,ANA,HOU,2,11,2019
2019-08-25,TOR,SEA,1,3,2019
2019-08-25,SFN,OAK,5,4,2019
2019-08-25,DET,MIN,4,7,2019
2019-08-25,KCA,CLE,9,8,2019
2019-08-25,TEX,CHA,0,2,2019
2019-08-25,COL,SLN,4,11,2019
2019-08-25,TBA,BAL,3,8,2019
2019-08-25,CIN,PIT,8,9,2019
2019-08-25,ATL,NYN,2,1,2019
2019-08-25,ARI,MIL,5,2,2019
2019-08-25,PHI,MIA,2,3,2019
2019-08-25,NYA,LAN,5,1,2019
2019-08-25,WAS,CHN,7,5,2019
2019-08-25,BOS,SDN,1,3,2019
2019-08-26,CIN,MIA,6,3,2019
2019-08-26,ATL,COL,1,3,2019
2019-08-26,SLN,MIL,12,2,2019
2019-08-26,PIT,PHI,5,6,2019
2019-08-26,LAN,SDN,3,4,2019
2019-08-26,ARI,SFN,6,4,2019
2019-08-26,OAK,KCA,19,4,2019
2019-08-26,NYA,SEA,5,4,2019
2019-08-27,CLE,DET,10,1,2019
2019-08-27,ATL,TOR,1,3,2019
2019-08-27,MIN,CHA,3,1,2019
2019-08-27,OAK,KCA,2,1,2019
2019-08-27,NYA,SEA,7,0,2019
2019-08-27,TBA,HOU,1,15,2019
2019-08-27,TEX,ANA,2,5,2019
2019-08-27,CHN,NYN,5,2,2019
2019-08-27,ARI,SFN,3,2,2019
2019-08-27,LAN,SDN,9,0,2019
2019-08-27,PIT,PHI,5,4,2019
2019-08-27,SLN,MIL,6,3,2019
2019-08-27,CIN,MIA,8,5,2019
2019-08-27,BOS,COL,10,6,2019
2019-08-27,BAL,WAS,2,0,2019
2019-08-28,ATL,TOR,9,4,2019
2019-08-28,NYA,SEA,7,3,2019
2019-08-28,TBA,HOU,6,8,2019
2019-08-28,CLE,DET,4,2,2019
2019-08-28,MIN,CHA,8,2,2019
2019-08-28,TEX,ANA,3,0,2019
2019-08-28,OAK,KCA,4,6,2019
2019-08-28,LAN,SDN,6,4,2019
2019-08-28,PIT,PHI,3,12,2019
2019-08-28,CHN,NYN,10,7,2019
2019-08-28,SLN,MIL,1,4,2019
2019-08-28,CIN,MIA,5,0,2019
2019-08-28,BOS,COL,7,4,2019
2019-08-28,BAL,WAS,4,8,2019
2019-08-29,SEA,TEX,5,3,2019
2019-08-29,OAK,KCA,9,8,2019
2019-08-29,TBA,HOU,9,8,2019
2019-08-29,CLE,DET,2,0,2019
2019-08-29,MIN,CHA,10,5,2019
2019-08-29,SDN,SFN,5,3,2019
2019-08-29,CIN,MIA,3,4,2019
2019-08-29,PIT,COL,11,8,2019
2019-08-29,LAN,ARI,5,11,2019
2019-08-29,CHN,NYN,4,1,2019
2019-08-30,MIN,DET,13,5,2019
2019-08-30,SEA,TEX,3,6,2019
2019-08-30,CLE,TBA,0,4,2019
2019-08-30,HOU,TOR,7,4,2019
2019-08-30,OAK,NYA,8,2,2019
2019-08-30,BAL,KCA,14,2,2019
2019-08-30,BOS,ANA,7,6,2019
2019-08-30,MIL,CHN,1,7,2019
2019-08-30,SDN,SFN,3,8,2019
2019-08-30,NYN,PHI,11,5,2019
2019-08-30,PIT,COL,9,4,2019
2019-08-30,CHA,ATL,7,10,2019
2019-08-30,LAN,ARI,4,5,2019
2019-08-30,MIA,WAS,6,7,2019
2019-08-31,HOU,TOR,4,6,2019
2019-08-31,SEA,TEX,2,3,2019
2019-08-31,CLE,TBA,6,9,2019
2019-08-31,OAK,NYA,3,4,2019
2019-08-31,BAL,KCA,5,7,2019
2019-08-31,MIN,DET,7,10,2019
2019-08-31,BOS,ANA,4,10,2019
2019-08-31,MIA,WAS,0,7,2019
2019-08-31,CIN,SLN,6,10,2019
2019-08-31,SDN,SFN,4,1,2019
2019-08-31,NYN,PHI,6,3,2019
2019-08-31,PIT,COL,11,4,2019
2019-08-31,MIL,CHN,2,0,2019
2019-08-31,CHA,ATL,5,11,2019
2019-08-31,LAN,ARI,5,6,2019
2019-08-31,CIN,SLN,2,3,2019
2019-09-01,BOS,ANA,4,3,2019
2019-09-01,HOU,TOR,2,0,2019
2019-09-01,SEA,TEX,11,3,2019
2019-09-01,CLE,TBA,2,8,2019
2019-09-01,OAK,NYA,4,5,2019
2019-09-01,BAL,KCA,4,6,2019
2019-09-01,MIA,WAS,3,9,2019
2019-09-01,MIN,DET,8,3,2019
2019-09-01,CIN,SLN,3,4,2019
2019-09-01,SDN,SFN,8,4,2019
2019-09-01,CIN,SLN,5,3,2019
2019-09-01,NYN,PHI,2,5,2019
2019-09-01,PIT,COL,6,2,2019
2019-09-01,MIL,CHN,4,0,2019
2019-09-01,CHA,ATL,3,5,2019
2019-09-01,LAN,ARI,4,3,2019
2019-09-02,BAL,TBA,4,5,2019
2019-09-02,TEX,NYA,7,0,2019
2019-09-02,MIN,DET,4,3,2019
2019-09-02,CHA,CLE,3,11,2019
2019-09-02,NYN,WAS,7,3,2019
2019-09-02,SFN,SLN,1,3,2019
2019-09-02,HOU,MIL,3,2,2019
2019-09-02,COL,LAN,9,16,2019
2019-09-02,PHI,CIN,7,1,2019
2019-09-02,SEA,CHN,1,5,2019
2019-09-02,TOR,ATL,3,6,2019
2019-09-02,SDN,ARI,7,14,2019
2019-09-03,BAL,TBA,0,2,2019
2019-09-03,BAL,TBA,4,2,2019
2019-09-03,ANA,OAK,5,7,2019
2019-09-03,DET,KCA,5,6,2019
2019-09-03,CHA,CLE,6,5,2019
2019-09-03,MIN,BOS,6,5,2019
2019-09-03,NYN,WAS,10,11,2019
2019-09-03,TEX,NYA,1,10,2019
2019-09-03,MIA,PIT,5,4,2019
2019-09-03,HOU,MIL,2,4,2019
2019-09-03,COL,LAN,3,5,2019
2019-09-03,PHI,CIN,6,2,2019
2019-09-03,SFN,SLN,0,1,2019
2019-09-03,SEA,CHN,1,6,2019
2019-09-03,TOR,ATL,2,7,2019
2019-09-03,SDN,ARI,1,2,2019
2019-09-04,TEX,NYA,1,4,2019
2019-09-04,DET,KCA,4,5,2019
2019-09-04,CHA,CLE,6,8,2019
2019-09-04,MIN,BOS,2,6,2019
2019-09-04,NYN,WAS,8,4,2019
2019-09-04,ANA,OAK,0,4,2019
2019-09-04,MIA,PIT,5,6,2019
2019-09-04,COL,LAN,3,7,2019
2019-09-04,PHI,CIN,5,8,2019
2019-09-04,SDN,ARI,1,4,2019
2019-09-04,SFN,SLN,9,8,2019
2019-09-05,TOR,TBA,4,6,2019
2019-09-05,ANA,OAK,6,10,2019
2019-09-05,DET,KCA,6,4,2019
2019-09-05,SEA,HOU,9,11,2019
2019-09-05,CHA,CLE,7,1,2019
2019-09-05,MIN,BOS,2,1,2019
2019-09-05,SFN,SLN,0,10,2019
2019-09-05,MIA,PIT,10,7,2019
2019-09-05,CHN,MIL,10,5,2019
2019-09-05,PHI,CIN,3,4,2019
2019-09-05,WAS,ATL,2,4,2019
2019-09-05,TEX,BAL,3,1,2019
2019-09-06,TEX,BAL,7,6,2019
2019-09-06,DET,OAK,5,4,2019
2019-09-06,CLE,MIN,6,2,2019
2019-09-06,SEA,HOU,4,7,2019
2019-09-06,ANA,CHA,5,4,2019
2019-09-06,NYA,BOS,1,6,2019
2019-09-06,COL,SDN,3,2,2019
2019-09-06,TOR,TBA,0,5,2019
2019-09-06,PHI,NYN,4,5,2019
2019-09-06,WAS,ATL,3,4,2019
2019-09-06,ARI,CIN,7,5,2019
2019-09-06,SLN,PIT,4,9,2019
2019-09-06,KCA,MIA,3,0,2019
2019-09-06,CHN,MIL,1,7,2019
2019-09-06,SFN,LAN,5,4,2019
2019-09-07,TOR,TBA,3,5,2019
2019-09-07,CLE,MIN,3,5,2019
2019-09-07,SEA,HOU,1,2,2019
2019-09-07,ANA,CHA,8,7,2019
2019-09-07,NYA,BOS,5,1,2019
2019-09-07,TEX,BAL,9,4,2019
2019-09-07,COL,SDN,0,3,2019
2019-09-07,DET,OAK,2,10,2019
2019-09-07,PHI,NYN,5,0,2019
2019-09-07,CHN,MIL,2,3,2019
2019-09-07,KCA,MIA,7,2,2019
2019-09-07,SFN,LAN,1,0,2019
2019-09-07,ARI,CIN,2,0,2019
2019-09-07,WAS,ATL,4,5,2019
2019-09-07,SLN,PIT,10,1,2019
2019-09-08,TOR,TBA,3,8,2019
2019-09-08,DET,OAK,1,3,2019
2019-09-08,CLE,MIN,5,2,2019
2019-09-08,SEA,HOU,1,21,2019
2019-09-08,ANA,CHA,1,5,2019
2019-09-08,NYA,BOS,10,5,2019
2019-09-08,TEX,BAL,10,4,2019
2019-09-08,PHI,NYN,10,7,2019
2019-09-08,SLN,PIT,2,0,2019
2019-09-08,CHN,MIL,5,8,2019
2019-09-08,KCA,MIA,0,9,2019
2019-09-08,SFN,LAN,0,5,2019
2019-09-08,ARI,CIN,3,4,2019
2019-09-08,COL,SDN,1,2,2019
2019-09-08,WAS,ATL,9,4,2019
2019-09-09,OAK,HOU,0,15,2019
2019-09-09,PIT,SFN,6,4,2019
2019-09-09,NYA,BOS,5,0,2019
2019-09-09,CLE,ANA,6,2,2019
2019-09-09,CHN,SDN,10,2,2019
2019-09-09,ARI,NYN,1,3,2019
2019-09-09,MIL,MIA,8,3,2019
2019-09-09,ATL,PHI,7,2,2019
2019-09-10,BOS,TOR,3,4,2019
2019-09-10,TBA,TEX,5,3,2019
2019-09-10,CIN,SEA,3,4,2019
2019-09-10,WAS,MIN,0,5,2019
2019-09-10,OAK,HOU,21,7,2019
2019-09-10,KCA,CHA,3,7,2019
2019-09-10,LAN,BAL,7,3,2019
2019-09-10,NYA,DET,11,12,2019
2019-09-10,PIT,SFN,4,5,2019
2019-09-10,CHN,SDN,8,9,2019
2019-09-10,ATL,PHI,5,6,2019
2019-09-10,ARI,NYN,2,3,2019
2019-09-10,MIL,MIA,4,3,2019
2019-09-10,SLN,COL,1,2,2019
2019-09-10,CLE,ANA,8,0,2019
2019-09-11,KCA,CHA,8,6,2019
2019-09-11,TBA,TEX,9,10,2019
2019-09-11,BOS,TOR,0,8,2019
2019-09-11,CIN,SEA,3,5,2019
2019-09-11,WAS,MIN,6,2,2019
2019-09-11,OAK,HOU,5,3,2019
2019-09-11,LAN,BAL,3,7,2019
2019-09-11,MIL,MIA,7,5,2019
2019-09-11,PIT,SFN,6,3,2019
2019-09-11,CHN,SDN,0,4,2019
2019-09-11,ATL,PHI,3,1,2019
2019-09-11,ARI,NYN,0,9,2019
2019-09-11,SLN,COL,1,2,2019
2019-09-11,CLE,ANA,4,3,2019
2019-09-12,NYA,DET,6,4,2019
2019-09-12,BOS,TOR,7,4,2019
2019-09-12,TBA,TEX,4,6,2019
2019-09-12,CIN,SEA,11,5,2019
2019-09-12,WAS,MIN,12,6,2019
2019-09-12,OAK,HOU,3,2,2019
2019-09-12,NYA,DET,10,4,2019
2019-09-12,SLN,COL,10,3,2019
2019-09-12,LAN,BAL,4,2,2019
2019-09-12,PIT,SFN,4,2,2019
2019-09-12,CHN,SDN,4,1,2019
2019-09-12,ATL,PHI,5,9,2019
2019-09-12,ARI,NYN,1,11,2019
2019-09-12,MIL,MIA,3,2,2019
2019-09-12,KCA,CHA,6,3,2019
2019-09-13,NYA,TOR,5,6,2019
2019-09-13,OAK,TEX,14,9,2019
2019-09-13,CHA,SEA,9,7,2019
2019-09-13,HOU,KCA,4,1,2019
2019-09-13,BAL,DET,6,2,2019
2019-09-13,TBA,ANA,11,4,2019
2019-09-13,ATL,WAS,5,0,2019
2019-09-13,MIL,SLN,0,10,2019
2019-09-13,MIA,SFN,0,1,2019
2019-09-13,LAN,NYN,9,2,2019
2019-09-13,SDN,COL,8,10,2019
2019-09-13,PIT,CHN,8,17,2019
2019-09-13,CIN,ARI,4,3,2019
2019-09-14,OAK,TEX,8,6,2019
2019-09-14,CHA,SEA,1,2,2019
2019-09-14,NYA,TOR,13,3,2019
2019-09-14,BAL,DET,4,8,2019
2019-09-14,MIN,CLE,9,5,2019
2019-09-14,MIN,CLE,2,0,2019
2019-09-14,TBA,ANA,3,1,2019
2019-09-14,HOU,KCA,6,1,2019
2019-09-14,MIL,SLN,5,2,2019
2019-09-14,MIA,SFN,4,2,2019
2019-09-14,BOS,PHI,2,1,2019
2019-09-14,LAN,NYN,0,3,2019
2019-09-14,SDN,COL,10,11,2019
2019-09-14,PIT,CHN,1,14,2019
2019-09-14,CIN,ARI,0,1,2019
2019-09-14,ATL,WAS,10,1,2019
2019-09-15,NYA,TOR,4,6,2019
2019-09-15,OAK,TEX,6,1,2019
2019-09-15,CHA,SEA,10,11,2019
2019-09-15,HOU,KCA,12,3,2019
2019-09-15,MIN,CLE,5,7,2019
2019-09-15,TBA,ANA,4,6,2019
2019-09-15,ATL,WAS,0,7,2019
2019-09-15,BAL,DET,8,2,2019
2019-09-15,MIA,SFN,1,2,2019
2019-09-15,BOS,PHI,6,3,2019
2019-09-15,LAN,NYN,3,2,2019
2019-09-15,SDN,COL,5,10,2019
2019-09-15,PIT,CHN,6,16,2019
2019-09-15,CIN,ARI,3,1,2019
2019-09-15,MIL,SLN,7,6,2019
2019-09-16,KCA,OAK,6,5,2019
2019-09-16,CHA,MIN,3,5,2019
2019-09-16,BAL,DET,2,5,2019
2019-09-16,WAS,SLN,2,4,2019
2019-09-16,SDN,MIL,1,5,2019
2019-09-16,CIN,CHN,2,8,2019
2019-09-16,MIA,ARI,5,7,2019
2019-09-16,NYN,COL,4,9,2019
2019-09-17,KCA,OAK,1,2,2019
2019-09-17,ANA,NYA,0,8,2019
2019-09-17,CHA,MIN,8,9,2019
2019-09-17,TEX,HOU,1,4,2019
2019-09-17,DET,CLE,2,7,2019
2019-09-17,SFN,BOS,7,6,2019
2019-09-17,WAS,SLN,6,2,2019
2019-09-17,TOR,BAL,8,5,2019
2019-09-17,SDN,MIL,1,3,2019
2019-09-17,TBA,LAN,5,7,2019
2019-09-17,NYN,COL,6,1,2019
2019-09-17,CIN,CHN,4,2,2019
2019-09-17,PHI,ATL,5,4,2019
2019-09-17,MIA,ARI,12,6,2019
2019-09-17,SEA,PIT,6,0,2019
2019-09-18,KCA,OAK,0,1,2019
2019-09-18,ANA,NYA,3,2,2019
2019-09-18,CHA,MIN,3,1,2019
2019-09-18,DET,CLE,1,2,2019
2019-09-18,SFN,BOS,11,3,2019
2019-09-18,TOR,BAL,11,10,2019
2019-09-18,WAS,SLN,1,5,2019
2019-09-18,TEX,HOU,2,3,2019
2019-09-18,SDN,MIL,2,1,2019
2019-09-18,TBA,LAN,8,7,2019
2019-09-18,NYN,COL,7,4,2019
2019-09-18,CIN,CHN,3,2,2019
2019-09-18,PHI,ATL,4,1,2019
2019-09-18,MIA,ARI,4,5,2019
2019-09-18,SEA,PIT,4,1,2019
2019-09-19,ANA,NYA,1,9,2019
2019-09-19,KCA,MIN,5,8,2019
2019-09-19,DET,CLE,0,7,2019
2019-09-19,SFN,BOS,4,5,2019
2019-09-19,TOR,BAL,8,4,2019
2019-09-19,SDN,MIL,1,5,2019
2019-09-19,SLN,CHN,5,4,2019
2019-09-19,PHI,ATL,4,5,2019
2019-09-19,SEA,PIT,6,5,2019
2019-09-20,CHA,DET,10,1,2019
2019-09-20,TEX,OAK,0,8,2019
2019-09-20,TOR,NYA,4,3,2019
2019-09-20,BOS,TBA,4,5,2019
2019-09-20,KCA,MIN,3,4,2019
2019-09-20,ANA,HOU,4,6,2019
2019-09-20,PHI,CLE,2,5,2019
2019-09-20,NYN,CIN,8,1,2019
2019-09-20,ARI,SDN,9,0,2019
2019-09-20,PIT,MIL,1,10,2019
2019-09-20,WAS,MIA,6,4,2019
2019-09-20,COL,LAN,5,12,2019
2019-09-20,SLN,CHN,2,1,2019
2019-09-20,SFN,ATL,0,6,2019
2019-09-20,SEA,BAL,3,5,2019
2019-09-21,BOS,TBA,4,5,2019
2019-09-21,TEX,OAK,3,12,2019
2019-09-21,TOR,NYA,2,7,2019
2019-09-21,KCA,MIN,12,5,2019
2019-09-21,ANA,HOU,8,4,2019
2019-09-21,CHA,DET,5,3,2019
2019-09-21,PHI,CLE,9,4,2019
2019-09-21,SEA,BAL,7,6,2019
2019-09-21,PIT,MIL,1,10,2019
2019-09-21,WAS,MIA,10,4,2019
2019-09-21,COL,LAN,4,2,2019
2019-09-21,NYN,CIN,2,3,2019
2019-09-21,SLN,CHN,9,8,2019
2019-09-21,SFN,ATL,1,8,2019
2019-09-21,ARI,SDN,4,2,2019
2019-09-22,CHA,DET,3,6,2019
2019-09-22,BOS,TBA,7,4,2019
2019-09-22,TEX,OAK,8,3,2019
2019-09-22,TOR,NYA,3,8,2019
2019-09-22,KCA,MIN,8,12,2019
2019-09-22,ANA,HOU,5,13,2019
2019-09-22,PHI,CLE,1,10,2019
2019-09-22,ARI,SDN,4,6,2019
2019-09-22,PIT,MIL,3,4,2019
2019-09-22,WAS,MIA,3,5,2019
2019-09-22,COL,LAN,4,7,2019
2019-09-22,NYN,CIN,6,3,2019
2019-09-22,SLN,CHN,3,2,2019
2019-09-22,SFN,ATL,4,1,2019
2019-09-22,SEA,BAL,1,2,2019
2019-09-23,PHI,WAS,2,7,2019
2019-09-23,SLN,ARI,9,7,2019
2019-09-23,MIA,NYN,8,4,2019
2019-09-23,BOS,TBA,4,7,2019
2019-09-23,BAL,TOR,10,11,2019
2019-09-24,ATL,KCA,6,9,2019
2019-09-24,HOU,SEA,3,0,2019
2019-09-24,COL,SFN,8,5,2019
2019-09-24,BOS,TEX,12,10,2019
2019-09-24,BAL,TOR,11,4,2019
2019-09-24,MIN,DET,4,2,2019
2019-09-24,NYA,TBA,1,2,2019
2019-09-24,CLE,CHA,11,0,2019
2019-09-24,MIA,NYN,4,5,2019
2019-09-24,PHI,WAS,5,6,2019
2019-09-24,PHI,WAS,1,4,2019
2019-09-24,LAN,SDN,6,3,2019
2019-09-24,CHN,PIT,2,9,2019
2019-09-24,MIL,CIN,4,2,2019
2019-09-24,SLN,ARI,2,3,2019
2019-09-24,OAK,ANA,2,3,2019
2019-09-25,ATL,KCA,10,2,2019
2019-09-25,HOU,SEA,3,0,2019
2019-09-25,MIN,DET,5,1,2019
2019-09-25,BOS,TEX,10,3,2019
2019-09-25,BAL,TOR,2,3,2019
2019-09-25,NYA,TBA,0,4,2019
2019-09-25,CLE,CHA,3,8,2019
2019-09-25,MIL,CIN,9,2,2019
2019-09-25,PHI,WAS,2,5,2019
2019-09-25,COL,SFN,1,2,2019
2019-09-25,LAN,SDN,6,4,2019
2019-09-25,CHN,PIT,2,4,2019
2019-09-25,MIA,NYN,3,10,2019
2019-09-25,SLN,ARI,7,9,2019
2019-09-25,OAK,ANA,3,2,2019
2019-09-26,BOS,TEX,5,7,2019
2019-09-26,OAK,SEA,3,1,2019
2019-09-26,MIN,DET,10,4,2019
2019-09-26,CLE,CHA,0,8,2019
2019-09-26,HOU,ANA,3,4,2019
2019-09-26,COL,SFN,3,8,2019
2019-09-26,LAN,SDN,1,0,2019
2019-09-26,CHN,PIT,5,9,2019
2019-09-26,MIA,NYN,4,2,2019
2019-09-26,MIL,CIN,5,3,2019
2019-09-26,PHI,WAS,3,6,2019
2019-09-27,HOU,ANA,4,0,2019
2019-09-27,TBA,TOR,6,2,2019
2019-09-27,NYA,TEX,14,7,2019
2019-09-27,MIN,KCA,6,2,2019
2019-09-27,BAL,BOS,4,1,2019
2019-09-27,CLE,WAS,2,8,2019
2019-09-27,OAK,SEA,3,4,2019
2019-09-27,LAN,SFN,9,2,2019
2019-09-27,CIN,PIT,5,6,2019
2019-09-27,MIA,PHI,4,5,2019
2019-09-27,ATL,NYN,2,4,2019
2019-09-27,MIL,COL,7,11,2019
2019-09-27,SDN,ARI,3,6,2019
2019-09-27,CHN,SLN,8,2,2019
2019-09-28,TBA,TOR,1,4,2019
2019-09-28,BAL,BOS,9,4,2019
2019-09-28,NYA,TEX,4,9,2019
2019-09-28,OAK,SEA,1,0,2019
2019-09-28,MIN,KCA,4,3,2019
2019-09-28,DET,CHA,4,3,2019
2019-09-28,DET,CHA,1,7,2019
2019-09-28,HOU,ANA,6,3,2019
2019-09-28,SDN,ARI,5,6,2019
2019-09-28,CHN,SLN,8,6,2019
2019-09-28,LAN,SFN,2,0,2019
2019-09-28,CIN,PIT,4,2,2019
2019-09-28,MIA,PHI,3,9,2019
2019-09-28,ATL,NYN,0,3,2019
2019-09-28,MIL,COL,2,3,2019
2019-09-28,CLE,WAS,7,10,2019
2019-09-29,TBA,TOR,3,8,2019
2019-09-29,NYA,TEX,1,6,2019
2019-09-29,OAK,SEA,1,3,2019
2019-09-29,MIN,KCA,4,5,2019
2019-09-29,DET,CHA,3,5,2019
2019-09-29,BAL,BOS,4,5,2019
2019-09-29,CLE,WAS,2,8,2019
2019-09-29,HOU,ANA,8,5,2019
2019-09-29,LAN,SFN,9,0,2019
2019-09-29,CIN,PIT,3,1,2019
2019-09-29,MIA,PHI,4,3,2019
2019-09-29,ATL,NYN,6,7,2019
2019-09-29,MIL,COL,3,4,2019
2019-09-29,SDN,ARI,0,1,2019
2019-09-29,CHN,SLN,0,9,2019
2020-07-23,SFN,LAN,1,8,2020
2020-07-23,NYA,WAS,4,1,2020
2020-07-24,MIN,CHA,10,5,2020
2020-07-24,TOR,TBA,6,4,2020
2020-07-24,ANA,OAK,3,7,2020
2020-07-24,SEA,HOU,2,8,2020
2020-07-24,COL,TEX,0,1,2020
2020-07-24,KCA,CLE,0,2,2020
2020-07-24,BAL,BOS,2,13,2020
2020-07-24,ATL,NYN,0,1,2020
2020-07-24,ARI,SDN,2,7,2020
2020-07-24,MIA,PHI,5,2,2020
2020-07-24,SFN,LAN,1,9,2020
2020-07-24,DET,CIN,1,7,2020
2020-07-24,MIL,CHN,0,3,2020
2020-07-24,PIT,SLN,4,5,2020
2020-07-25,COL,TEX,3,2,2020
2020-07-25,TOR,TBA,1,4,2020
2020-07-25,ANA,OAK,4,1,2020
2020-07-25,SEA,HOU,2,7,2020
2020-07-25,KCA,CLE,3,2,2020
2020-07-25,MIN,CHA,3,10,2020
2020-07-25,BAL,BOS,7,2,2020
2020-07-25,ARI,SDN,1,5,2020
2020-07-25,PIT,SLN,1,9,2020
2020-07-25,MIA,PHI,1,7,2020
2020-07-25,ATL,NYN,5,3,2020
2020-07-25,SFN,LAN,5,4,2020
2020-07-25,DET,CIN,6,4,2020
2020-07-25,MIL,CHN,8,3,2020
2020-07-25,NYA,WAS,2,9,2020
2020-07-26,SEA,HOU,7,6,2020
2020-07-26,ANA,OAK,4,6,2020
2020-07-26,KCA,CLE,2,9,2020
2020-07-26,COL,TEX,5,2,2020
2020-07-26,MIN,CHA,14,2,2020
2020-07-26,TOR,TBA,5,6,2020
2020-07-26,NYA,WAS,3,2,2020
2020-07-26,BAL,BOS,7,4,2020
2020-07-26,ARI,SDN,4,3,2020
2020-07-26,MIA,PHI,11,6,2020
2020-07-26,ATL,NYN,14,1,2020
2020-07-26,SFN,LAN,3,1,2020
2020-07-26,DET,CIN,3,2,2020
2020-07-26,MIL,CHN,1,9,2020
2020-07-26,PIT,SLN,5,1,2020
2020-07-27,ATL,TBA,5,14,2020
2020-07-27,ANA,OAK,0,3,2020
2020-07-27,SEA,HOU,5,8,2020
2020-07-27,KCA,DET,14,6,2020
2020-07-27,NYN,BOS,7,4,2020
2020-07-27,TOR,WAS,4,1,2020
2020-07-27,ARI,SDN,2,6,2020
2020-07-27,MIL,PIT,6,5,2020
2020-07-27,CHN,CIN,8,7,2020
2020-07-28,ARI,TEX,4,1,2020
2020-07-28,ATL,TBA,2,5,2020
2020-07-28,COL,OAK,8,3,2020
2020-07-28,SLN,MIN,3,6,2020
2020-07-28,LAN,HOU,5,2,2020
2020-07-28,KCA,DET,3,4,2020
2020-07-28,CHA,CLE,3,5,2020
2020-07-28,SDN,SFN,5,3,2020
2020-07-28,NYN,BOS,8,3,2020
2020-07-28,SEA,ANA,2,10,2020
2020-07-28,TOR,WAS,5,1,2020
2020-07-28,MIL,PIT,6,8,2020
2020-07-28,CHN,CIN,8,5,2020
2020-07-28,CHA,CLE,3,4,2020
2020-07-29,KCA,DET,4,5,2020
2020-07-29,LAN,HOU,4,2,2020
2020-07-29,TOR,WAS,0,4,2020
2020-07-29,COL,OAK,5,1,2020
2020-07-29,ARI,TEX,4,7,2020
2020-07-29,SLN,MIN,0,3,2020
2020-07-29,CHA,CLE,4,0,2020
2020-07-29,MIL,PIT,3,0,2020
2020-07-29,SEA,ANA,10,7,2020
2020-07-29,SDN,SFN,6,7,2020
2020-07-29,NYA,BAL,9,3,2020
2020-07-29,BOS,NYN,6,5,2020
2020-07-29,CHN,CIN,7,12,2020
2020-07-29,TBA,ATL,4,7,2020
2020-07-30,KCA,DET,5,3,2020
2020-07-30,NYA,BAL,8,6,2020
2020-07-30,SEA,ANA,8,5,2020
2020-07-30,TOR,WAS,4,6,2020
2020-07-30,CLE,MIN,2,0,2020
2020-07-30,BOS,NYN,4,2,2020
2020-07-30,TBA,ATL,1,2,2020
2020-07-30,LAN,ARI,6,3,2020
2020-07-30,SDN,SFN,12,7,2020
2020-07-31,OAK,SEA,3,5,2020
2020-07-31,BOS,NYA,1,5,2020
2020-07-31,CLE,MIN,1,4,2020
2020-07-31,CHA,KCA,3,2,2020
2020-07-31,CIN,DET,2,7,2020
2020-07-31,TBA,BAL,3,6,2020
2020-07-31,TEX,SFN,2,9,2020
2020-07-31,SDN,COL,8,7,2020
2020-07-31,PIT,CHN,3,6,2020
2020-07-31,NYN,ATL,10,11,2020
2020-07-31,LAN,ARI,3,5,2020
2020-07-31,HOU,ANA,9,6,2020
2020-08-01,CHA,KCA,11,5,2020
2020-08-01,CLE,MIN,0,3,2020
2020-08-01,TEX,SFN,3,7,2020
2020-08-01,OAK,SEA,3,2,2020
2020-08-01,BOS,NYA,2,5,2020
2020-08-01,TBA,BAL,4,5,2020
2020-08-01,SDN,COL,1,6,2020
2020-08-01,HOU,ANA,4,5,2020
2020-08-01,PIT,CHN,3,4,2020
2020-08-01,NYN,ATL,1,7,2020
2020-08-01,LAN,ARI,11,2,2020
2020-08-02,BOS,NYA,7,9,2020
2020-08-02,CLE,MIN,1,3,2020
2020-08-02,CHA,KCA,9,2,2020
2020-08-02,CIN,DET,4,0,2020
2020-08-02,CIN,DET,4,3,2020
2020-08-02,TBA,BAL,1,5,2020
2020-08-02,OAK,SEA,3,2,2020
2020-08-02,TEX,SFN,9,5,2020
2020-08-02,SDN,COL,6,9,2020
2020-08-02,PIT,CHN,1,2,2020
2020-08-02,NYN,ATL,0,4,2020
2020-08-02,LAN,ARI,3,0,2020
2020-08-02,HOU,ANA,6,5,2020
2020-08-03,OAK,SEA,11,1,2020
2020-08-03,PHI,NYA,3,6,2020
2020-08-03,PIT,MIN,4,5,2020
2020-08-03,LAN,SDN,4,5,2020
2020-08-03,CHA,MIL,6,4,2020
2020-08-03,CLE,CIN,2,3,2020
2020-08-03,KCA,CHN,0,2,2020
2020-08-03,NYN,ATL,7,2,2020
2020-08-03,SFN,COL,6,7,2020
2020-08-04,NYN,WAS,3,5,2020
2020-08-04,BOS,TBA,1,5,2020
2020-08-04,ANA,SEA,5,3,2020
2020-08-04,TEX,OAK,1,5,2020
2020-08-04,PIT,MIN,3,7,2020
2020-08-04,MIA,BAL,4,0,2020
2020-08-04,LAN,SDN,5,2,2020
2020-08-04,CLE,CIN,4,2,2020
2020-08-04,SFN,COL,2,5,2020
2020-08-04,KCA,CHN,4,5,2020
2020-08-04,TOR,ATL,1,10,2020
2020-08-04,HOU,ARI,8,2,2020
2020-08-04,CHA,MIL,3,2,2020
2020-08-05,BOS,TBA,5,0,2020
2020-08-05,ANA,SEA,6,7,2020
2020-08-05,TEX,OAK,4,6,2020
2020-08-05,CHN,KCA,6,1,2020
2020-08-05,CIN,CLE,0,2,2020
2020-08-05,MIL,CHA,1,0,2020
2020-08-05,MIA,BAL,2,1,2020
2020-08-05,MIA,BAL,1,0,2020
2020-08-05,NYN,WAS,3,1,2020
2020-08-05,MIN,PIT,5,2,2020
2020-08-05,NYA,PHI,3,1,2020
2020-08-05,NYA,PHI,7,11,2020
2020-08-05,SFN,COL,4,3,2020
2020-08-05,TOR,ATL,2,1,2020
2020-08-05,HOU,ARI,7,14,2020
2020-08-05,LAN,SDN,7,6,2020
2020-08-06,MIL,CHA,8,3,2020
2020-08-06,CHN,KCA,2,13,2020
2020-08-06,CIN,CLE,0,13,2020
2020-08-06,MIA,BAL,8,7,2020
2020-08-06,TEX,OAK,4,6,2020
2020-08-06,NYA,PHI,4,5,2020
2020-08-06,SFN,COL,4,6,2020
2020-08-06,TOR,ATL,3,4,2020
2020-08-06,HOU,ARI,4,5,2020
2020-08-06,MIN,PIT,5,6,2020
2020-08-06,ANA,SEA,6,1,2020
2020-08-07,HOU,OAK,2,3,2020
2020-08-07,COL,SEA,8,4,2020
2020-08-07,MIN,KCA,2,3,2020
2020-08-07,ANA,TEX,3,4,2020
2020-08-07,NYA,TBA,0,1,2020
2020-08-07,CLE,CHA,0,2,2020
2020-08-07,CIN,MIL,8,3,2020
2020-08-07,BAL,WAS,11,0,2020
2020-08-07,ARI,SDN,0,3,2020
2020-08-07,DET,PIT,17,13,2020
2020-08-07,MIA,NYN,4,3,2020
2020-08-07,TOR,BOS,3,5,2020
2020-08-07,SFN,LAN,2,7,2020
2020-08-08,ANA,TEX,0,2,2020
2020-08-08,NYA,TBA,3,5,2020
2020-08-08,NYA,TBA,8,4,2020
2020-08-08,COL,SEA,5,0,2020
2020-08-08,HOU,OAK,1,3,2020
2020-08-08,MIN,KCA,6,9,2020
2020-08-08,CLE,CHA,7,1,2020
2020-08-08,TOR,BOS,2,1,2020
2020-08-08,BAL,WAS,5,3,2020
2020-08-08,ARI,SDN,3,2,2020
2020-08-08,DET,PIT,11,5,2020
2020-08-08,ATL,PHI,0,5,2020
2020-08-08,MIA,NYN,4,8,2020
2020-08-08,CIN,MIL,4,1,2020
2020-08-08,SFN,LAN,5,4,2020
2020-08-09,ANA,TEX,3,7,2020
2020-08-09,NYA,TBA,3,4,2020
2020-08-09,COL,SEA,3,5,2020
2020-08-09,MIN,KCA,2,4,2020
2020-08-09,CLE,CHA,5,4,2020
2020-08-09,TOR,BOS,3,5,2020
2020-08-09,BAL,WAS,6,2,2020
2020-08-09,HOU,OAK,2,7,2020
2020-08-09,DET,PIT,2,1,2020
2020-08-09,ATL,PHI,8,0,2020
2020-08-09,ATL,PHI,5,2,2020
2020-08-09,ARI,SDN,5,9,2020
2020-08-09,MIA,NYN,2,4,2020
2020-08-09,CIN,MIL,3,9,2020
2020-08-09,SFN,LAN,2,6,2020
2020-08-10,SEA,TEX,10,2,2020
2020-08-10,SFN,HOU,4,6,2020
2020-08-10,CHA,DET,1,5,2020
2020-08-10,TBA,BOS,8,7,2020
2020-08-10,OAK,ANA,9,10,2020
2020-08-10,ATL,PHI,8,13,2020
2020-08-10,WAS,NYN,16,4,2020
2020-08-10,MIN,MIL,4,2,2020
2020-08-10,SDN,LAN,2,1,2020
2020-08-10,ARI,COL,12,8,2020
2020-08-11,SEA,TEX,2,4,2020
2020-08-11,MIA,TOR,4,5,2020
2020-08-11,ATL,NYA,6,9,2020
2020-08-11,SFN,HOU,7,6,2020
2020-08-11,CHA,DET,8,4,2020
2020-08-11,CHN,CLE,7,1,2020
2020-08-11,TBA,BOS,8,2,2020
2020-08-11,ARI,COL,7,8,2020
2020-08-11,BAL,PHI,10,9,2020
2020-08-11,WAS,NYN,2,1,2020
2020-08-11,MIN,MIL,4,6,2020
2020-08-11,SDN,LAN,6,2,2020
2020-08-11,KCA,CIN,5,6,2020
2020-08-11,OAK,ANA,0,6,2020
2020-08-12,CHN,CLE,7,2,2020
2020-08-12,MIA,TOR,14,11,2020
2020-08-12,SEA,TEX,4,7,2020
2020-08-12,SFN,HOU,1,5,2020
2020-08-12,CHA,DET,7,5,2020
2020-08-12,TBA,BOS,9,5,2020
2020-08-12,ATL,NYA,3,6,2020
2020-08-12,BAL,PHI,5,4,2020
2020-08-12,WAS,NYN,6,11,2020
2020-08-12,MIN,MIL,12,2,2020
2020-08-12,SDN,LAN,0,6,2020
2020-08-12,OAK,ANA,8,4,2020
2020-08-12,ARI,COL,13,7,2020
2020-08-12,KCA,CIN,5,4,2020
2020-08-13,TBA,BOS,17,8,2020
2020-08-13,BAL,PHI,11,4,2020
2020-08-13,WAS,NYN,2,8,2020
2020-08-13,SDN,LAN,2,11,2020
2020-08-13,PIT,CIN,9,6,2020
2020-08-13,MIL,CHN,2,4,2020
2020-08-14,TBA,TOR,4,12,2020
2020-08-14,BOS,NYA,3,10,2020
2020-08-14,SEA,HOU,1,11,2020
2020-08-14,CLE,DET,10,5,2020
2020-08-14,WAS,BAL,15,3,2020
2020-08-14,LAN,ANA,7,4,2020
2020-08-14,TEX,COL,3,2,2020
2020-08-14,NYN,PHI,5,6,2020
2020-08-14,ATL,MIA,2,8,2020
2020-08-14,PIT,CIN,1,8,2020
2020-08-14,MIL,CHN,4,3,2020
2020-08-14,SDN,ARI,1,5,2020
2020-08-14,OAK,SFN,8,7,2020
2020-08-15,SLN,CHA,6,3,2020
2020-08-15,BOS,NYA,5,11,2020
2020-08-15,KCA,MIN,4,2,2020
2020-08-15,KCA,MIN,2,4,2020
2020-08-15,TBA,TOR,3,2,2020
2020-08-15,CLE,DET,3,1,2020
2020-08-15,SLN,CHA,5,1,2020
2020-08-15,SEA,HOU,1,2,2020
2020-08-15,LAN,ANA,6,5,2020
2020-08-15,OAK,SFN,7,6,2020
2020-08-15,NYN,PHI,2,6,2020
2020-08-15,ATL,MIA,2,1,2020
2020-08-15,TEX,COL,6,4,2020
2020-08-15,MIL,CHN,6,5,2020
2020-08-15,SDN,ARI,6,7,2020
2020-08-15,WAS,BAL,3,7,2020
2020-08-16,TBA,TOR,7,5,2020
2020-08-16,KCA,MIN,2,4,2020
2020-08-16,SEA,HOU,2,3,2020
2020-08-16,CLE,DET,8,5,2020
2020-08-16,SLN,CHA,2,7,2020
2020-08-16,WAS,BAL,6,5,2020
2020-08-16,BOS,NYA,2,4,2020
2020-08-16,OAK,SFN,15,3,2020
2020-08-16,NYN,PHI,2,6,2020
2020-08-16,ATL,MIA,4,0,2020
2020-08-16,TEX,COL,6,10,2020
2020-08-16,MIL,CHN,6,5,2020
2020-08-16,SDN,ARI,4,5,2020
2020-08-16,LAN,ANA,8,3,2020
2020-08-17,SDN,TEX,14,4,2020
2020-08-17,BOS,NYA,3,6,2020
2020-08-17,KCA,MIN,1,4,2020
2020-08-17,COL,HOU,1,2,2020
2020-08-17,DET,CHA,2,7,2020
2020-08-17,TOR,BAL,7,2,2020
2020-08-17,SFN,ANA,6,7,2020
2020-08-17,SEA,LAN,9,11,2020
2020-08-17,SLN,CHN,4,5,2020
2020-08-17,SLN,CHN,3,1,2020
2020-08-17,WAS,ATL,6,7,2020
2020-08-17,OAK,ARI,3,4,2020
2020-08-17,NYN,MIA,11,4,2020
2020-08-18,PHI,BOS,13,6,2020
2020-08-18,SDN,TEX,6,4,2020
2020-08-18,TBA,NYA,6,3,2020
2020-08-18,MIL,MIN,3,4,2020
2020-08-18,COL,HOU,1,2,2020
2020-08-18,DET,CHA,4,10,2020
2020-08-18,TOR,BAL,8,7,2020
2020-08-18,OAK,ARI,1,10,2020
2020-08-18,CLE,PIT,6,3,2020
2020-08-18,NYN,MIA,8,3,2020
2020-08-18,SEA,LAN,1,2,2020
2020-08-18,SLN,CHN,3,6,2020
2020-08-18,WAS,ATL,8,5,2020
2020-08-18,SFN,ANA,8,2,2020
2020-08-19,LAN,SEA,4,6,2020
2020-08-19,TBA,NYA,4,2,2020
2020-08-19,MIL,MIN,9,3,2020
2020-08-19,CIN,KCA,5,0,2020
2020-08-19,CIN,KCA,0,4,2020
2020-08-19,DET,CHA,3,5,2020
2020-08-19,PHI,BOS,3,6,2020
2020-08-19,ARI,OAK,1,4,2020
2020-08-19,ANA,SFN,2,7,2020
2020-08-19,TEX,SDN,3,6,2020
2020-08-19,CLE,PIT,6,1,2020
2020-08-19,NYN,MIA,5,3,2020
2020-08-19,HOU,COL,13,6,2020
2020-08-19,SLN,CHN,2,4,2020
2020-08-19,SLN,CHN,9,3,2020
2020-08-19,TOR,BAL,5,2,2020
2020-08-20,PHI,TOR,8,9,2020
2020-08-20,PHI,TOR,2,3,2020
2020-08-20,LAN,SEA,6,1,2020
2020-08-20,ARI,OAK,1,5,2020
2020-08-20,TBA,NYA,10,5,2020
2020-08-20,MIL,MIN,1,7,2020
2020-08-20,BOS,BAL,7,1,2020
2020-08-20,CIN,SLN,4,5,2020
2020-08-20,ANA,SFN,5,10,2020
2020-08-20,TEX,SDN,7,8,2020
2020-08-20,CLE,PIT,2,0,2020
2020-08-20,HOU,COL,10,8,2020
2020-08-20,DET,CHA,0,9,2020
2020-08-21,BOS,BAL,8,5,2020
2020-08-21,TOR,TBA,6,5,2020
2020-08-21,TEX,SEA,4,7,2020
2020-08-21,ANA,OAK,3,5,2020
2020-08-21,MIN,KCA,2,7,2020
2020-08-21,DET,CLE,10,5,2020
2020-08-21,MIA,WAS,3,2,2020
2020-08-21,PHI,ATL,2,11,2020
2020-08-21,ARI,SFN,2,6,2020
2020-08-21,HOU,SDN,3,4,2020
2020-08-21,MIL,PIT,2,7,2020
2020-08-21,COL,LAN,1,5,2020
2020-08-21,CHA,CHN,10,1,2020
2020-08-21,CIN,SLN,4,2,2020
2020-08-22,TOR,TBA,1,2,2020
2020-08-22,TEX,SEA,1,10,2020
2020-08-22,ANA,OAK,4,3,2020
2020-08-22,MIN,KCA,7,2,2020
2020-08-22,DET,CLE,1,6,2020
2020-08-22,BOS,BAL,4,5,2020
2020-08-22,MIA,WAS,5,3,2020
2020-08-22,MIA,WAS,4,5,2020
2020-08-22,ARI,SFN,1,5,2020
2020-08-22,HOU,SDN,2,13,2020
2020-08-22,MIL,PIT,5,12,2020
2020-08-22,COL,LAN,3,4,2020
2020-08-22,CHA,CHN,7,4,2020
2020-08-22,PHI,ATL,5,6,2020
2020-08-22,CIN,SLN,0,3,2020
2020-08-23,BOS,BAL,4,5,2020
2020-08-23,TOR,TBA,4,5,2020
2020-08-23,TEX,SEA,1,4,2020
2020-08-23,ANA,OAK,4,5,2020
2020-08-23,MIN,KCA,5,4,2020
2020-08-23,DET,CLE,7,4,2020
2020-08-23,MIA,WAS,3,9,2020
2020-08-23,PHI,ATL,5,4,2020
2020-08-23,ARI,SFN,1,6,2020
2020-08-23,HOU,SDN,3,5,2020
2020-08-23,MIL,PIT,4,5,2020
2020-08-23,COL,LAN,3,11,2020
2020-08-23,CHA,CHN,1,2,2020
2020-08-23,CIN,SLN,2,6,2020
2020-08-24,OAK,TEX,2,3,2020
2020-08-24,TOR,TBA,6,4,2020
2020-08-24,ANA,HOU,4,11,2020
2020-08-24,CHN,DET,9,3,2020
2020-08-24,MIN,CLE,3,2,2020
2020-08-24,MIA,WAS,11,8,2020
2020-08-24,KCA,SLN,3,9,2020
2020-08-24,CIN,MIL,2,4,2020
2020-08-24,COL,ARI,3,2,2020
2020-08-25,OAK,TEX,10,3,2020
2020-08-25,BOS,TOR,9,7,2020
2020-08-25,ANA,HOU,12,5,2020
2020-08-25,ANA,HOU,3,6,2020
2020-08-25,CHN,DET,1,7,2020
2020-08-25,MIN,CLE,2,4,2020
2020-08-25,PIT,CHA,0,4,2020
2020-08-25,BAL,TBA,2,4,2020
2020-08-25,KCA,SLN,5,4,2020
2020-08-25,LAN,SFN,8,10,2020
2020-08-25,SEA,SDN,8,3,2020
2020-08-25,MIA,NYN,3,0,2020
2020-08-25,MIA,NYN,4,0,2020
2020-08-25,CIN,MIL,2,3,2020
2020-08-25,COL,ARI,5,4,2020
2020-08-25,PHI,WAS,8,3,2020
2020-08-26,BOS,TOR,1,9,2020
2020-08-26,OAK,TEX,3,1,2020
2020-08-26,BAL,TBA,3,4,2020
2020-08-26,MIN,CLE,3,6,2020
2020-08-26,PIT,CHA,3,10,2020
2020-08-26,CHN,DET,6,7,2020
2020-08-26,KCA,SLN,5,6,2020
2020-08-26,MIA,NYN,4,5,2020
2020-08-26,NYA,ATL,1,2,2020
2020-08-26,NYA,ATL,1,5,2020
2020-08-26,COL,ARI,8,7,2020
2020-08-26,PHI,WAS,3,2,2020
2020-08-27,PIT,SLN,2,0,2020
2020-08-27,PIT,SLN,4,3,2020
2020-08-27,LAN,SFN,2,0,2020
2020-08-27,LAN,SFN,7,0,2020
2020-08-27,SEA,SDN,8,3,2020
2020-08-27,CIN,MIL,6,0,2020
2020-08-27,CIN,MIL,6,1,2020
2020-08-27,SEA,SDN,7,10,2020
2020-08-28,WAS,BOS,10,2,2020
2020-08-28,LAN,TEX,2,6,2020
2020-08-28,BAL,TOR,4,5,2020
2020-08-28,NYN,NYA,6,4,2020
2020-08-28,KCA,CHA,5,6,2020
2020-08-28,SEA,ANA,2,3,2020
2020-08-28,NYN,NYA,4,3,2020
2020-08-28,ATL,PHI,4,7,2020
2020-08-28,SFN,ARI,4,7,2020
2020-08-28,CHN,CIN,5,6,2020
2020-08-28,CLE,SLN,14,2,2020
2020-08-28,TBA,MIA,2,0,2020
2020-08-28,PIT,MIL,1,9,2020
2020-08-28,SDN,COL,10,4,2020
2020-08-29,BAL,TOR,0,5,2020
2020-08-29,LAN,TEX,7,4,2020
2020-08-29,NYN,NYA,1,2,2020
2020-08-29,OAK,HOU,3,6,2020
2020-08-29,OAK,HOU,2,4,2020
2020-08-29,MIN,DET,2,4,2020
2020-08-29,MIN,DET,2,8,2020
2020-08-29,WAS,BOS,3,5,2020
2020-08-29,KCA,CHA,9,6,2020
2020-08-29,CLE,SLN,2,1,2020
2020-08-29,ATL,PHI,1,4,2020
2020-08-29,PIT,MIL,6,7,2020
2020-08-29,TBA,MIA,4,0,2020
2020-08-29,SDN,COL,3,4,2020
2020-08-29,CHN,CIN,5,6,2020
2020-08-29,CHN,CIN,3,0,2020
2020-08-29,SFN,ARI,5,2,2020
2020-08-29,SEA,ANA,3,16,2020
2020-08-30,WAS,BOS,5,9,2020
2020-08-30,LAN,TEX,7,2,2020
2020-08-30,NYN,NYA,2,5,2020
2020-08-30,BAL,TOR,5,6,2020
2020-08-30,MIN,DET,2,3,2020
2020-08-30,SEA,ANA,2,1,2020
2020-08-30,NYN,NYA,7,8,2020
2020-08-30,ATL,PHI,12,10,2020
2020-08-30,CLE,SLN,2,7,2020
2020-08-30,SFN,ARI,4,1,2020
2020-08-30,CHN,CIN,10,1,2020
2020-08-30,KCA,CHA,2,5,2020
2020-08-30,TBA,MIA,12,7,2020
2020-08-30,SDN,COL,13,2,2020
2020-08-30,PIT,MIL,5,1,2020
2020-08-31,TBA,NYA,5,3,2020
2020-08-31,CHA,MIN,8,5,2020
2020-08-31,CLE,KCA,1,2,2020
2020-08-31,ATL,BOS,6,3,2020
2020-08-31,SEA,ANA,2,1,2020
2020-08-31,BAL,TOR,4,3,2020
2020-08-31,MIA,NYN,5,3,2020
2020-08-31,PIT,MIL,5,6,2020
2020-08-31,SDN,COL,6,0,2020
2020-08-31,SLN,CIN,7,5,2020
2020-08-31,WAS,PHI,6,8,2020
2020-09-01,TBA,NYA,3,5,2020
2020-09-01,CHA,MIN,2,3,2020
2020-09-01,CLE,KCA,10,1,2020
2020-09-01,TEX,HOU,6,5,2020
2020-09-01,ATL,BOS,10,3,2020
2020-09-01,NYN,BAL,5,9,2020
2020-09-01,CHN,PIT,8,7,2020
2020-09-01,DET,MIL,12,1,2020
2020-09-01,TOR,MIA,2,3,2020
2020-09-01,SFN,COL,23,5,2020
2020-09-01,SLN,CIN,16,2,2020
2020-09-01,WAS,PHI,0,6,2020
2020-09-01,ARI,LAN,3,6,2020
2020-09-02,NYN,BAL,9,4,2020
2020-09-02,TBA,NYA,5,2,2020
2020-09-02,CHA,MIN,1,8,2020
2020-09-02,CLE,KCA,5,0,2020
2020-09-02,TEX,HOU,1,2,2020
2020-09-02,ATL,BOS,7,5,2020
2020-09-02,SDN,ANA,11,4,2020
2020-09-02,WAS,PHI,0,3,2020
2020-09-02,DET,MIL,5,8,2020
2020-09-02,TOR,MIA,2,1,2020
2020-09-02,ARI,LAN,2,3,2020
2020-09-02,SFN,COL,6,9,2020
2020-09-02,SLN,CIN,3,4,2020
2020-09-02,CHN,PIT,8,2,2020
2020-09-03,CHA,KCA,11,6,2020
2020-09-03,TEX,HOU,4,8,2020
2020-09-03,SDN,ANA,0,2,2020
2020-09-03,TOR,BOS,6,2,2020
2020-09-03,WAS,PHI,5,6,2020
2020-09-03,NYA,NYN,7,9,2020
2020-09-03,ARI,LAN,1,5,2020
2020-09-03,CHN,PIT,2,6,2020
2020-09-04,TOR,BOS,8,7,2020
2020-09-04,MIA,TBA,4,5,2020
2020-09-04,TEX,SEA,3,6,2020
2020-09-04,SDN,OAK,7,0,2020
2020-09-04,DET,MIN,2,3,2020
2020-09-04,DET,MIN,0,2,2020
2020-09-04,CHA,KCA,7,4,2020
2020-09-04,MIL,CLE,7,1,2020
2020-09-04,TOR,BOS,2,3,2020
2020-09-04,NYA,BAL,3,6,2020
2020-09-04,CIN,PIT,3,4,2020
2020-09-04,HOU,ANA,5,6,2020
2020-09-04,NYA,BAL,6,5,2020
2020-09-04,WAS,ATL,10,9,2020
2020-09-04,SLN,CHN,1,4,2020
2020-09-04,COL,LAN,6,10,2020
2020-09-04,WAS,ATL,1,7,2020
2020-09-04,CIN,PIT,4,2,2020
2020-09-04,ARI,SFN,6,5,2020
2020-09-04,PHI,NYN,5,3,2020
2020-09-05,TOR,BOS,8,9,2020
2020-09-05,MIA,TBA,7,3,2020
2020-09-05,TEX,SEA,3,5,2020
2020-09-05,SDN,OAK,4,8,2020
2020-09-05,DET,MIN,3,4,2020
2020-09-05,CHA,KCA,5,3,2020
2020-09-05,MIL,CLE,3,4,2020
2020-09-05,NYA,BAL,1,6,2020
2020-09-05,WAS,ATL,10,4,2020
2020-09-05,HOU,ANA,9,10,2020
2020-09-05,ARI,SFN,3,4,2020
2020-09-05,CIN,PIT,6,2,2020
2020-09-05,PHI,NYN,1,5,2020
2020-09-05,COL,LAN,5,2,2020
2020-09-05,SLN,CHN,5,1,2020
2020-09-05,SLN,CHN,4,2,2020
2020-09-05,HOU,ANA,6,7,2020
2020-09-06,MIA,TBA,4,5,2020
2020-09-06,TEX,SEA,3,4,2020
2020-09-06,SDN,OAK,5,3,2020
2020-09-06,DET,MIN,10,8,2020
2020-09-06,CHA,KCA,8,2,2020
2020-09-06,MIL,CLE,1,4,2020
2020-09-06,TOR,BOS,10,8,2020
2020-09-06,ARI,SFN,2,4,2020
2020-09-06,HOU,ANA,5,9,2020
2020-09-06,CIN,PIT,2,3,2020
2020-09-06,PHI,NYN,1,14,2020
2020-09-06,COL,LAN,7,6,2020
2020-09-06,SLN,CHN,7,3,2020
2020-09-06,WAS,ATL,3,10,2020
2020-09-06,NYA,BAL,1,5,2020
2020-09-07,NYA,TOR,7,12,2020
2020-09-07,TEX,SEA,4,8,2020
2020-09-07,HOU,OAK,0,6,2020
2020-09-07,DET,MIN,2,6,2020
2020-09-07,KCA,CLE,2,5,2020
2020-09-07,COL,SDN,0,1,2020
2020-09-07,ARI,SFN,2,4,2020
2020-09-07,PHI,NYN,9,8,2020
2020-09-07,SLN,CHN,1,5,2020
2020-09-07,MIA,ATL,5,4,2020
2020-09-07,TBA,WAS,1,6,2020
2020-09-08,NYA,TOR,1,2,2020
2020-09-08,ANA,TEX,1,7,2020
2020-09-08,HOU,OAK,5,4,2020
2020-09-08,HOU,OAK,2,4,2020
2020-09-08,MIL,DET,3,8,2020
2020-09-08,KCA,CLE,8,6,2020
2020-09-08,TBA,WAS,3,5,2020
2020-09-08,MIN,SLN,4,6,2020
2020-09-08,MIN,SLN,7,3,2020
2020-09-08,SEA,SFN,5,6,2020
2020-09-08,COL,SDN,5,14,2020
2020-09-08,CHA,PIT,4,5,2020
2020-09-08,BOS,PHI,5,2,2020
2020-09-08,BOS,PHI,5,6,2020
2020-09-08,BAL,NYN,11,2,2020
2020-09-08,CIN,CHN,0,3,2020
2020-09-08,MIA,ATL,8,0,2020
2020-09-08,LAN,ARI,10,9,2020
2020-09-09,NYA,TOR,7,2,2020
2020-09-09,HOU,OAK,2,3,2020
2020-09-09,MIL,DET,19,0,2020
2020-09-09,KCA,CLE,3,0,2020
2020-09-09,SEA,SFN,1,10,2020
2020-09-09,ANA,TEX,3,7,2020
2020-09-09,CHA,PIT,8,1,2020
2020-09-09,BAL,NYN,6,7,2020
2020-09-09,CIN,CHN,3,0,2020
2020-09-09,MIA,ATL,9,29,2020
2020-09-09,LAN,ARI,6,4,2020
2020-09-09,COL,SDN,3,5,2020
2020-09-10,ANA,TEX,6,2,2020
2020-09-10,BOS,TBA,4,3,2020
2020-09-10,HOU,OAK,1,3,2020
2020-09-10,KCA,CLE,11,1,2020
2020-09-10,ATL,WAS,7,6,2020
2020-09-10,DET,SLN,6,3,2020
2020-09-10,DET,SLN,2,12,2020
2020-09-10,SFN,SDN,1,6,2020
2020-09-10,PHI,MIA,6,7,2020
2020-09-10,CIN,CHN,5,8,2020
2020-09-10,LAN,ARI,2,5,2020
2020-09-11,OAK,TEX,10,6,2020
2020-09-11,BOS,TBA,1,11,2020
2020-09-11,NYN,TOR,18,1,2020
2020-09-11,BAL,NYA,1,10,2020
2020-09-11,BAL,NYA,0,6,2020
2020-09-11,CLE,MIN,1,3,2020
2020-09-11,PIT,KCA,3,4,2020
2020-09-11,PHI,MIA,11,0,2020
2020-09-11,ATL,WAS,7,8,2020
2020-09-11,CIN,SLN,3,1,2020
2020-09-11,CHN,MIL,0,1,2020
2020-09-11,PHI,MIA,3,5,2020
2020-09-11,ANA,COL,4,8,2020
2020-09-11,SEA,ARI,3,4,2020
2020-09-11,DET,CHA,3,4,2020
2020-09-12,NYN,TOR,2,3,2020
2020-09-12,OAK,TEX,10,1,2020
2020-09-12,OAK,TEX,2,5,2020
2020-09-12,BOS,TBA,4,5,2020
2020-09-12,BAL,NYA,1,2,2020
2020-09-12,CLE,MIN,4,8,2020
2020-09-12,DET,CHA,0,14,2020
2020-09-12,PIT,KCA,4,7,2020
2020-09-12,CIN,SLN,1,7,2020
2020-09-12,CHN,MIL,4,2,2020
2020-09-12,PHI,MIA,12,6,2020
2020-09-12,HOU,LAN,7,5,2020
2020-09-12,ANA,COL,5,2,2020
2020-09-12,SEA,ARI,7,3,2020
2020-09-12,ATL,WAS,2,1,2020
2020-09-13,NYN,TOR,3,7,2020
2020-09-13,OAK,TEX,3,6,2020
2020-09-13,BOS,TBA,6,3,2020
2020-09-13,CLE,MIN,5,7,2020
2020-09-13,PIT,KCA,0,11,2020
2020-09-13,DET,CHA,2,5,2020
2020-09-13,ATL,WAS,8,4,2020
2020-09-13,CIN,SLN,10,5,2020
2020-09-13,BAL,NYA,1,3,2020
2020-09-13,SFN,SDN,0,6,2020
2020-09-13,CHN,MIL,12,0,2020
2020-09-13,PHI,MIA,1,8,2020
2020-09-13,PHI,MIA,1,2,2020
2020-09-13,HOU,LAN,1,8,2020
2020-09-13,ANA,COL,5,3,2020
2020-09-13,SEA,ARI,7,3,2020
2020-09-13,SFN,SDN,1,3,2020
2020-09-14,OAK,SEA,9,0,2020
2020-09-14,OAK,SEA,5,6,2020
2020-09-14,MIN,CHA,1,3,2020
2020-09-14,ATL,BAL,1,14,2020
2020-09-14,LAN,SDN,2,7,2020
2020-09-14,SLN,MIL,3,2,2020
2020-09-14,PHI,MIA,2,6,2020
2020-09-14,PIT,CIN,4,9,2020
2020-09-14,PIT,CIN,1,3,2020
2020-09-14,SLN,MIL,1,2,2020
2020-09-15,ATL,BAL,5,1,2020
2020-09-15,WAS,TBA,1,6,2020
2020-09-15,TOR,NYA,6,20,2020
2020-09-15,TEX,HOU,1,4,2020
2020-09-15,KCA,DET,0,6,2020
2020-09-15,MIN,CHA,2,6,2020
2020-09-15,ARI,ANA,9,8,2020
2020-09-15,CLE,CHN,5,6,2020
2020-09-15,NYN,PHI,1,4,2020
2020-09-15,SLN,MIL,3,18,2020
2020-09-15,BOS,MIA,2,0,2020
2020-09-15,OAK,COL,1,3,2020
2020-09-15,PIT,CIN,1,4,2020
2020-09-15,LAN,SDN,3,1,2020
2020-09-16,WAS,TBA,4,2,2020
2020-09-16,TOR,NYA,2,13,2020
2020-09-16,TEX,HOU,1,0,2020
2020-09-16,KCA,DET,4,0,2020
2020-09-16,MIN,CHA,5,1,2020
2020-09-16,ATL,BAL,1,5,2020
2020-09-16,ARI,ANA,9,6,2020
2020-09-16,SEA,SFN,3,9,2020
2020-09-16,LAN,SDN,7,5,2020
2020-09-16,SLN,MIL,0,6,2020
2020-09-16,SLN,MIL,4,2,2020
2020-09-16,BOS,MIA,4,8,2020
2020-09-16,OAK,COL,3,1,2020
2020-09-16,PIT,CIN,0,1,2020
2020-09-16,CLE,CHN,2,3,2020
2020-09-16,NYN,PHI,5,4,2020
2020-09-17,TBA,BAL,10,6,2020
2020-09-17,TOR,NYA,7,10,2020
2020-09-17,TEX,HOU,1,2,2020
2020-09-17,CLE,DET,10,3,2020
2020-09-17,MIN,CHA,3,4,2020
2020-09-17,TBA,BAL,3,1,2020
2020-09-17,NYN,PHI,10,6,2020
2020-09-17,SEA,SFN,4,6,2020
2020-09-17,SLN,PIT,1,5,2020
2020-09-17,ARI,ANA,3,7,2020
2020-09-17,BOS,MIA,5,3,2020
2020-09-17,LAN,COL,9,3,2020
2020-09-18,SFN,OAK,0,6,2020
2020-09-18,ARI,HOU,6,3,2020
2020-09-18,CLE,DET,1,0,2020
2020-09-18,NYA,BOS,6,5,2020
2020-09-18,TBA,BAL,2,1,2020
2020-09-18,TEX,ANA,2,6,2020
2020-09-18,SEA,SDN,1,6,2020
2020-09-18,SLN,PIT,7,2,2020
2020-09-18,SLN,PIT,6,5,2020
2020-09-18,TOR,PHI,0,7,2020
2020-09-18,ATL,NYN,15,2,2020
2020-09-18,KCA,MIL,5,9,2020
2020-09-18,WAS,MIA,3,14,2020
2020-09-18,WAS,MIA,5,0,2020
2020-09-18,LAN,COL,15,6,2020
2020-09-18,CHA,CIN,1,7,2020
2020-09-18,MIN,CHN,0,1,2020
2020-09-18,TOR,PHI,7,8,2020
2020-09-19,SEA,SDN,4,1,2020
2020-09-19,SFN,OAK,0,6,2020
2020-09-19,CLE,DET,2,5,2020
2020-09-19,NYA,BOS,8,0,2020
2020-09-19,TBA,BAL,3,1,2020
2020-09-19,TEX,ANA,3,4,2020
2020-09-19,SLN,PIT,5,4,2020
2020-09-19,ARI,HOU,2,3,2020
2020-09-19,ATL,NYN,2,7,2020
2020-09-19,KCA,MIL,0,5,2020
2020-09-19,WAS,MIA,3,7,2020
2020-09-19,LAN,COL,6,1,2020
2020-09-19,CHA,CIN,5,0,2020
2020-09-19,MIN,CHN,8,1,2020
2020-09-19,TOR,PHI,1,3,2020
2020-09-20,SFN,OAK,14,2,2020
2020-09-20,ARI,HOU,2,3,2020
2020-09-20,NYA,BOS,2,10,2020
2020-09-20,TBA,BAL,1,2,2020
2020-09-20,TEX,ANA,7,2,2020
2020-09-20,SEA,SDN,4,7,2020
2020-09-20,SLN,PIT,2,1,2020
2020-09-20,CLE,DET,7,4,2020
2020-09-20,ATL,NYN,7,0,2020
2020-09-20,KCA,MIL,3,5,2020
2020-09-20,WAS,MIA,15,0,2020
2020-09-20,WAS,MIA,1,2,2020
2020-09-20,LAN,COL,3,6,2020
2020-09-20,CHA,CIN,3,7,2020
2020-09-20,MIN,CHN,4,0,2020
2020-09-20,TOR,PHI,6,3,2020
2020-09-21,NYA,TOR,5,11,2020
2020-09-21,HOU,SEA,1,6,2020
2020-09-21,SLN,KCA,1,4,2020
2020-09-21,CHA,CLE,4,7,2020
2020-09-21,TEX,ANA,5,8,2020
2020-09-21,PHI,WAS,1,5,2020
2020-09-21,CHN,PIT,5,0,2020
2020-09-21,TBA,NYN,2,1,2020
2020-09-21,MIL,CIN,3,6,2020
2020-09-21,MIA,ATL,4,5,2020
2020-09-21,COL,SFN,7,2,2020
2020-09-22,PHI,WAS,7,8,2020
2020-09-22,NYA,TOR,12,1,2020
2020-09-22,HOU,SEA,6,1,2020
2020-09-22,DET,MIN,4,5,2020
2020-09-22,SLN,KCA,5,0,2020
2020-09-22,CHA,CLE,3,5,2020
2020-09-22,BAL,BOS,3,8,2020
2020-09-22,PHI,WAS,1,5,2020
2020-09-22,TEX,ARI,0,7,2020
2020-09-22,ANA,SDN,4,2,2020
2020-09-22,CHN,PIT,2,3,2020
2020-09-22,TBA,NYN,2,5,2020
2020-09-22,OAK,LAN,2,7,2020
2020-09-22,MIL,CIN,3,2,2020
2020-09-22,MIA,ATL,1,11,2020
2020-09-22,COL,SFN,2,5,2020
2020-09-23,NYA,TOR,1,14,2020
2020-09-23,HOU,SEA,2,3,2020
2020-09-23,DET,MIN,6,7,2020
2020-09-23,SLN,KCA,3,12,2020
2020-09-23,CHA,CLE,2,3,2020
2020-09-23,BAL,BOS,1,9,2020
2020-09-23,PHI,WAS,12,3,2020
2020-09-23,ANA,SDN,5,2,2020
2020-09-23,CHN,PIT,1,2,2020
2020-09-23,TBA,NYN,8,5,2020
2020-09-23,OAK,LAN,6,4,2020
2020-09-23,MIL,CIN,1,6,2020
2020-09-23,MIA,ATL,4,9,2020
2020-09-23,TEX,ARI,3,7,2020
2020-09-23,COL,SFN,2,7,2020
2020-09-24,NYA,TOR,1,4,2020
2020-09-24,HOU,TEX,12,4,2020
2020-09-24,DET,KCA,7,8,2020
2020-09-24,CHA,CLE,4,5,2020
2020-09-24,NYN,WAS,3,2,2020
2020-09-24,BAL,BOS,13,1,2020
2020-09-24,COL,SFN,5,4,2020
2020-09-24,CHN,PIT,0,7,2020
2020-09-24,OAK,LAN,1,5,2020
2020-09-24,MIA,ATL,4,2,2020
2020-09-24,MIL,SLN,2,4,2020
2020-09-25,BAL,TOR,5,10,2020
2020-09-25,HOU,TEX,4,5,2020
2020-09-25,PHI,TBA,4,6,2020
2020-09-25,SEA,OAK,1,3,2020
2020-09-25,MIA,NYA,4,3,2020
2020-09-25,CIN,MIN,7,2,2020
2020-09-25,DET,KCA,2,3,2020
2020-09-25,CHN,CHA,10,0,2020
2020-09-25,PIT,CLE,3,4,2020
2020-09-25,MIL,SLN,3,0,2020
2020-09-25,SDN,SFN,6,5,2020
2020-09-25,SDN,SFN,4,5,2020
2020-09-25,ANA,LAN,5,9,2020
2020-09-25,BOS,ATL,7,8,2020
2020-09-25,COL,ARI,5,11,2020
2020-09-25,COL,ARI,0,4,2020
2020-09-25,MIL,SLN,1,9,2020
2020-09-26,DET,KCA,4,3,2020
2020-09-26,HOU,TEX,1,6,2020
2020-09-26,PHI,TBA,3,4,2020
2020-09-26,SEA,OAK,12,3,2020
2020-09-26,SEA,OAK,5,1,2020
2020-09-26,MIA,NYA,4,11,2020
2020-09-26,CIN,MIN,3,7,2020
2020-09-26,PIT,CLE,8,0,2020
2020-09-26,BAL,TOR,2,5,2020
2020-09-26,NYN,WAS,3,5,2020
2020-09-26,COL,ARI,10,3,2020
2020-09-26,BOS,ATL,8,2,2020
2020-09-26,ANA,LAN,6,7,2020
2020-09-26,CHN,CHA,5,9,2020
2020-09-26,MIL,SLN,3,0,2020
2020-09-26,SDN,SFN,6,2,2020
2020-09-26,NYN,WAS,3,4,2020
2020-09-27,BAL,TOR,7,5,2020
2020-09-27,PHI,TBA,0,5,2020
2020-09-27,SEA,OAK,2,6,2020
2020-09-27,MIA,NYA,5,0,2020
2020-09-27,CIN,MIN,5,3,2020
2020-09-27,DET,KCA,1,3,2020
2020-09-27,PIT,CLE,6,8,2020
2020-09-27,HOU,TEX,4,8,2020
2020-09-27,NYN,WAS,5,15,2020
2020-09-27,MIL,SLN,2,5,2020
2020-09-27,SDN,SFN,5,4,2020
2020-09-27,ANA,LAN,0,5,2020
2020-09-27,BOS,ATL,9,1,2020
2020-09-27,COL,ARI,3,11,2020
2020-09-27,CHN,CHA,10,8,2020
2021-04-01,SFN,SEA,7,8,2021
2021-04-01,HOU,OAK,8,1,2021
2021-04-01,TOR,NYA,3,2,2021
2021-04-01,TEX,KCA,10,14,2021
2021-04-01,CLE,DET,2,3,2021
2021-04-01,CHA,ANA,3,4,2021
2021-04-01,MIN,MIL,5,6,2021
2021-04-01,ATL,PHI,2,3,2021
2021-04-01,TBA,MIA,1,0,2021
2021-04-01,LAN,COL,5,8,2021
2021-04-01,SLN,CIN,11,6,2021
2021-04-01,PIT,CHN,5,3,2021
2021-04-01,ARI,SDN,7,8,2021
2021-04-02,BAL,BOS,3,0,2021
2021-04-02,HOU,OAK,9,5,2021
2021-04-02,SFN,SEA,6,3,2021
2021-04-02,CHA,ANA,12,8,2021
2021-04-02,TBA,MIA,6,4,2021
2021-04-02,LAN,COL,11,6,2021
2021-04-02,ARI,SDN,2,4,2021
2021-04-03,SFN,SEA,0,4,2021
2021-04-03,HOU,OAK,9,1,2021
2021-04-03,TOR,NYA,3,5,2021
2021-04-03,TEX,KCA,4,11,2021
2021-04-03,CLE,DET,2,5,2021
2021-04-03,CHA,ANA,3,5,2021
2021-04-03,BAL,BOS,4,2,2021
2021-04-03,ATL,PHI,0,4,2021
2021-04-03,MIN,MIL,2,0,2021
2021-04-03,TBA,MIA,7,12,2021
2021-04-03,LAN,COL,6,5,2021
2021-04-03,SLN,CIN,6,9,2021
2021-04-03,PIT,CHN,1,5,2021
2021-04-03,ARI,SDN,0,7,2021
2021-04-04,BAL,BOS,11,3,2021
2021-04-04,HOU,OAK,9,2,2021
2021-04-04,TOR,NYA,3,1,2021
2021-04-04,TEX,KCA,7,3,2021
2021-04-04,CLE,DET,9,3,2021
2021-04-04,CHA,ANA,4,7,2021
2021-04-04,PIT,CHN,3,4,2021
2021-04-04,ATL,PHI,1,2,2021
2021-04-04,MIN,MIL,8,2,2021
2021-04-04,LAN,COL,4,2,2021
2021-04-04,SLN,CIN,1,12,2021
2021-04-04,ARI,SDN,3,1,2021
2021-04-05,TOR,TEX,6,2,2021
2021-04-05,CHA,SEA,6,0,2021
2021-04-05,LAN,OAK,10,3,2021
2021-04-05,BAL,NYA,0,7,2021
2021-04-05,MIN,DET,15,6,2021
2021-04-05,KCA,CLE,3,0,2021
2021-04-05,HOU,ANA,6,7,2021
2021-04-05,SFN,SDN,3,2,2021
2021-04-05,NYN,PHI,3,5,2021
2021-04-05,SLN,MIA,4,1,2021
2021-04-05,PIT,CIN,3,5,2021
2021-04-05,MIL,CHN,3,5,2021
2021-04-05,TBA,BOS,2,11,2021
2021-04-06,CHA,SEA,10,4,2021
2021-04-06,LAN,OAK,5,1,2021
2021-04-06,BAL,NYA,2,7,2021
2021-04-06,MIN,DET,3,4,2021
2021-04-06,TBA,BOS,5,6,2021
2021-04-06,HOU,ANA,4,2,2021
2021-04-06,TOR,TEX,4,7,2021
2021-04-06,SFN,SDN,1,3,2021
2021-04-06,NYN,PHI,8,4,2021
2021-04-06,SLN,MIA,4,2,2021
2021-04-06,ARI,COL,10,8,2021
2021-04-06,PIT,CIN,1,14,2021
2021-04-06,MIL,CHN,4,0,2021
2021-04-06,ATL,WAS,5,6,2021
2021-04-07,TOR,TEX,1,2,2021
2021-04-07,CHA,SEA,4,8,2021
2021-04-07,LAN,OAK,3,4,2021
2021-04-07,BAL,NYA,4,3,2021
2021-04-07,MIN,DET,3,2,2021
2021-04-07,KCA,CLE,2,4,2021
2021-04-07,TBA,BOS,2,9,2021
2021-04-07,SFN,SDN,3,2,2021
2021-04-07,ATL,WAS,7,6,2021
2021-04-07,NYN,PHI,2,8,2021
2021-04-07,SLN,MIA,7,0,2021
2021-04-07,ARI,COL,0,8,2021
2021-04-07,PIT,CIN,4,11,2021
2021-04-07,MIL,CHN,4,2,2021
2021-04-07,ATL,WAS,2,0,2021
2021-04-08,OAK,HOU,2,6,2021
2021-04-08,SEA,MIN,2,10,2021
2021-04-08,ANA,TOR,7,5,2021
2021-04-08,KCA,CHA,0,6,2021
2021-04-08,MIA,NYN,2,3,2021
2021-04-08,MIL,SLN,1,3,2021
2021-04-08,CHN,PIT,4,2,2021
2021-04-08,ARI,COL,3,7,2021
2021-04-08,BOS,BAL,7,3,2021
2021-04-09,ANA,TOR,7,1,2021
2021-04-09,SDN,TEX,3,0,2021
2021-04-09,NYA,TBA,5,10,2021
2021-04-09,DET,CLE,1,4,2021
2021-04-09,OAK,HOU,6,2,2021
2021-04-09,WAS,LAN,0,1,2021
2021-04-09,PHI,ATL,1,8,2021
2021-04-09,CIN,ARI,6,5,2021
2021-04-09,COL,SFN,1,3,2021
2021-04-10,DET,CLE,3,11,2021
2021-04-10,SDN,TEX,7,4,2021
2021-04-10,NYA,TBA,0,4,2021
2021-04-10,SEA,MIN,4,3,2021
2021-04-10,ANA,TOR,1,15,2021
2021-04-10,OAK,HOU,7,3,2021
2021-04-10,BOS,BAL,6,4,2021
2021-04-10,MIA,NYN,3,0,2021
2021-04-10,COL,SFN,3,4,2021
2021-04-10,CHN,PIT,2,8,2021
2021-04-10,WAS,LAN,5,9,2021
2021-04-10,PHI,ATL,4,5,2021
2021-04-10,CIN,ARI,3,8,2021
2021-04-10,MIL,SLN,9,5,2021
2021-04-11,KCA,CHA,4,3,2021
2021-04-11,SDN,TEX,2,0,2021
2021-04-11,NYA,TBA,8,4,2021
2021-04-11,SEA,MIN,8,6,2021
2021-04-11,DET,CLE,2,5,2021
2021-04-11,BOS,BAL,14,9,2021
2021-04-11,CHN,PIT,1,7,2021
2021-04-11,COL,SFN,0,4,2021
2021-04-11,MIL,SLN,9,3,2021
2021-04-11,MIA,NYN,5,6,2021
2021-04-11,WAS,LAN,0,3,2021
2021-04-11,PHI,ATL,7,6,2021
2021-04-11,CIN,ARI,0,7,2021
2021-04-12,NYA,TOR,3,1,2021
2021-04-12,TEX,TBA,0,1,2021
2021-04-12,ANA,KCA,10,3,2021
2021-04-12,DET,HOU,6,2,2021
2021-04-12,WAS,SLN,5,2,2021
2021-04-12,CLE,CHA,3,4,2021
2021-04-12,SDN,PIT,6,2,2021
2021-04-12,CHN,MIL,3,6,2021
2021-04-12,MIA,ATL,5,3,2021
2021-04-12,OAK,ARI,9,5,2021
2021-04-12,CIN,SFN,3,0,2021
2021-04-13,SEA,BAL,4,3,2021
2021-04-13,NYA,TOR,3,7,2021
2021-04-13,TEX,TBA,8,3,2021
2021-04-13,ANA,KCA,2,3,2021
2021-04-13,DET,HOU,8,2,2021
2021-04-13,CLE,CHA,2,0,2021
2021-04-13,SEA,BAL,6,7,2021
2021-04-13,WAS,SLN,3,14,2021
2021-04-13,BOS,MIN,4,2,2021
2021-04-13,SDN,PIT,4,8,2021
2021-04-13,PHI,NYN,0,4,2021
2021-04-13,PHI,NYN,3,4,2021
2021-04-13,CHN,MIL,3,2,2021
2021-04-13,COL,LAN,0,7,2021
2021-04-13,MIA,ATL,14,8,2021
2021-04-13,OAK,ARI,7,5,2021
2021-04-13,CIN,SFN,6,7,2021
2021-04-14,NYA,TOR,4,5,2021
2021-04-14,TEX,TBA,5,1,2021
2021-04-14,BOS,MIN,7,1,2021
2021-04-14,ANA,KCA,1,6,2021
2021-04-14,DET,HOU,6,4,2021
2021-04-14,CLE,CHA,0,8,2021
2021-04-14,BOS,MIN,3,2,2021
2021-04-14,CIN,SFN,0,3,2021
2021-04-14,SDN,PIT,1,5,2021
2021-04-14,PHI,NYN,1,5,2021
2021-04-14,CHN,MIL,0,7,2021
2021-04-14,COL,LAN,2,4,2021
2021-04-14,MIA,ATL,6,5,2021
2021-04-14,WAS,SLN,6,0,2021
2021-04-15,TEX,TBA,6,4,2021
2021-04-15,DET,OAK,4,8,2021
2021-04-15,BOS,MIN,3,4,2021
2021-04-15,TOR,KCA,5,7,2021
2021-04-15,CLE,CHA,4,2,2021
2021-04-15,SEA,BAL,4,2,2021
2021-04-15,ARI,WAS,11,6,2021
2021-04-15,SDN,PIT,8,3,2021
2021-04-15,COL,LAN,5,7,2021
2021-04-15,MIA,ATL,6,7,2021
2021-04-15,SEA,BAL,2,1,2021
2021-04-16,MIN,ANA,3,10,2021
2021-04-16,HOU,SEA,5,6,2021
2021-04-16,DET,OAK,0,3,2021
2021-04-16,TBA,NYA,8,2,2021
2021-04-16,ARI,WAS,0,1,2021
2021-04-16,BAL,TEX,5,2,2021
2021-04-16,SLN,PHI,2,9,2021
2021-04-16,PIT,MIL,6,1,2021
2021-04-16,SFN,MIA,1,4,2021
2021-04-16,CLE,CIN,3,10,2021
2021-04-16,ATL,CHN,5,2,2021
2021-04-16,LAN,SDN,11,6,2021
2021-04-17,BAL,TEX,6,1,2021
2021-04-17,HOU,SEA,1,0,2021
2021-04-17,TBA,NYA,6,3,2021
2021-04-17,TOR,KCA,2,3,2021
2021-04-17,TOR,KCA,5,1,2021
2021-04-17,CHA,BOS,4,7,2021
2021-04-17,ARI,WAS,2,6,2021
2021-04-17,DET,OAK,0,7,2021
2021-04-17,SLN,PHI,9,4,2021
2021-04-17,PIT,MIL,1,7,2021
2021-04-17,SFN,MIA,6,7,2021
2021-04-17,NYN,COL,2,7,2021
2021-04-17,NYN,COL,4,3,2021
2021-04-17,CLE,CIN,2,3,2021
2021-04-17,ATL,CHN,4,13,2021
2021-04-17,LAN,SDN,2,0,2021
2021-04-18,BAL,TEX,0,1,2021
2021-04-18,HOU,SEA,2,7,2021
2021-04-18,DET,OAK,2,3,2021
2021-04-18,TBA,NYA,4,2,2021
2021-04-18,TOR,KCA,0,2,2021
2021-04-18,CHA,BOS,5,1,2021
2021-04-18,CHA,BOS,3,2,2021
2021-04-18,PIT,MIL,6,5,2021
2021-04-18,LAN,SDN,2,5,2021
2021-04-18,SLN,PHI,0,2,2021
2021-04-18,SFN,MIA,1,0,2021
2021-04-18,NYN,COL,2,1,2021
2021-04-18,CLE,CIN,6,3,2021
2021-04-18,ATL,CHN,13,4,2021
2021-04-18,ARI,WAS,5,2,2021
2021-04-19,LAN,SEA,3,4,2021
2021-04-19,TBA,KCA,4,1,2021
2021-04-19,CHA,BOS,4,11,2021
2021-04-19,MIL,SDN,3,1,2021
2021-04-19,SLN,WAS,12,5,2021
2021-04-19,SFN,PHI,2,0,2021
2021-04-19,TEX,ANA,6,4,2021
2021-04-20,MIN,OAK,0,1,2021
2021-04-20,MIN,OAK,0,7,2021
2021-04-20,ATL,NYA,1,3,2021
2021-04-20,TBA,KCA,14,7,2021
2021-04-20,CHA,CLE,8,5,2021
2021-04-20,TOR,BOS,2,4,2021
2021-04-20,TEX,ANA,2,6,2021
2021-04-20,LAN,SEA,1,0,2021
2021-04-20,MIL,SDN,6,0,2021
2021-04-20,SFN,PHI,10,7,2021
2021-04-20,BAL,MIA,7,5,2021
2021-04-20,HOU,COL,2,6,2021
2021-04-20,ARI,CIN,5,4,2021
2021-04-20,NYN,CHN,1,3,2021
2021-04-20,SLN,WAS,2,3,2021
2021-04-21,MIN,OAK,12,13,2021
2021-04-21,ATL,NYA,4,1,2021
2021-04-21,TBA,KCA,8,9,2021
2021-04-21,PIT,DET,2,5,2021
2021-04-21,PIT,DET,3,2,2021
2021-04-21,TOR,BOS,6,3,2021
2021-04-21,TEX,ANA,7,4,2021
2021-04-21,MIL,SDN,4,2,2021
2021-04-21,SFN,PHI,5,6,2021
2021-04-21,BAL,MIA,0,3,2021
2021-04-21,HOU,COL,3,6,2021
2021-04-21,ARI,CIN,8,5,2021
2021-04-21,NYN,CHN,4,16,2021
2021-04-21,SLN,WAS,0,1,2021
2021-04-22,NYA,CLE,6,3,2021
2021-04-22,ANA,HOU,2,8,2021
2021-04-22,PIT,DET,4,2,2021
2021-04-22,SEA,BOS,7,3,2021
2021-04-22,NYN,CHN,3,4,2021
2021-04-22,SDN,LAN,3,2,2021
2021-04-22,ARI,CIN,14,11,2021
2021-04-22,MIA,SFN,0,3,2021
2021-04-23,TOR,TBA,5,3,2021
2021-04-23,PIT,MIN,0,2,2021
2021-04-23,ANA,HOU,4,5,2021
2021-04-23,KCA,DET,6,2,2021
2021-04-23,NYA,CLE,5,3,2021
2021-04-23,SEA,BOS,5,6,2021
2021-04-23,OAK,BAL,3,1,2021
2021-04-23,TEX,CHA,7,9,2021
2021-04-23,MIA,SFN,3,5,2021
2021-04-23,WAS,NYN,0,6,2021
2021-04-23,SDN,LAN,6,1,2021
2021-04-23,PHI,COL,4,5,2021
2021-04-23,MIL,CHN,2,15,2021
2021-04-23,ARI,ATL,4,5,2021
2021-04-23,CIN,SLN,4,5,2021
2021-04-24,TEX,CHA,1,2,2021
2021-04-24,TOR,TBA,3,5,2021
2021-04-24,PIT,MIN,6,2,2021
2021-04-24,ANA,HOU,2,16,2021
2021-04-24,KCA,DET,2,1,2021
2021-04-24,NYA,CLE,2,1,2021
2021-04-24,SEA,BOS,8,2,2021
2021-04-24,PHI,COL,7,5,2021
2021-04-24,CIN,SLN,0,2,2021
2021-04-24,MIA,SFN,5,2,2021
2021-04-24,WAS,NYN,7,1,2021
2021-04-24,SDN,LAN,4,5,2021
2021-04-24,MIL,CHN,4,3,2021
2021-04-24,OAK,BAL,7,2,2021
2021-04-25,SEA,BOS,3,5,2021
2021-04-25,TOR,TBA,1,0,2021
2021-04-25,PIT,MIN,6,2,2021
2021-04-25,ANA,HOU,4,2,2021
2021-04-25,KCA,DET,4,0,2021
2021-04-25,NYA,CLE,3,7,2021
2021-04-25,TEX,CHA,4,8,2021
2021-04-25,OAK,BAL,1,8,2021
2021-04-25,ARI,ATL,5,0,2021
2021-04-25,MIA,SFN,3,4,2021
2021-04-25,WAS,NYN,0,4,2021
2021-04-25,SDN,LAN,8,7,2021
2021-04-25,PHI,COL,2,12,2021
2021-04-25,MIL,CHN,6,0,2021
2021-04-25,ARI,ATL,7,0,2021
2021-04-25,CIN,SLN,2,5,2021
2021-04-26,ANA,TEX,9,4,2021
2021-04-26,OAK,TBA,2,1,2021
2021-04-26,SEA,HOU,2,5,2021
2021-04-26,KCA,DET,3,2,2021
2021-04-26,MIN,CLE,3,5,2021
2021-04-26,NYA,BAL,2,4,2021
2021-04-26,COL,SFN,0,12,2021
2021-04-26,MIA,MIL,8,0,2021
2021-04-26,CIN,LAN,5,3,2021
2021-04-26,CHN,ATL,7,8,2021
2021-04-26,PHI,SLN,2,1,2021
2021-04-27,WAS,TOR,5,9,2021
2021-04-27,ANA,TEX,1,6,2021
2021-04-27,OAK,TBA,3,4,2021
2021-04-27,SEA,HOU,0,2,2021
2021-04-27,MIN,CLE,4,7,2021
2021-04-27,DET,CHA,5,2,2021
2021-04-27,PHI,SLN,2,5,2021
2021-04-27,NYA,BAL,5,1,2021
2021-04-27,KCA,PIT,1,2,2021
2021-04-27,BOS,NYN,2,1,2021
2021-04-27,MIA,MIL,4,5,2021
2021-04-27,CIN,LAN,6,5,2021
2021-04-27,CHN,ATL,0,5,2021
2021-04-27,SDN,ARI,1,5,2021
2021-04-27,COL,SFN,7,5,2021
2021-04-28,WAS,TOR,8,2,2021
2021-04-28,ANA,TEX,4,3,2021
2021-04-28,SEA,HOU,5,7,2021
2021-04-28,MIN,CLE,10,2,2021
2021-04-28,NYA,BAL,7,0,2021
2021-04-28,PHI,SLN,5,3,2021
2021-04-28,OAK,TBA,0,2,2021
2021-04-28,KCA,PIT,9,6,2021
2021-04-28,BOS,NYN,1,0,2021
2021-04-28,MIA,MIL,6,2,2021
2021-04-28,CIN,LAN,0,8,2021
2021-04-28,CHN,ATL,0,10,2021
2021-04-28,SDN,ARI,12,3,2021
2021-04-28,COL,SFN,3,7,2021
2021-04-29,BOS,TEX,1,4,2021
2021-04-29,OAK,TBA,3,2,2021
2021-04-29,SEA,HOU,1,0,2021
2021-04-29,DET,CHA,0,11,2021
2021-04-29,DET,CHA,1,3,2021
2021-04-29,NYA,BAL,3,4,2021
2021-04-29,LAN,MIL,1,2,2021
2021-04-29,CHN,ATL,9,3,2021
2021-04-29,COL,ARI,3,5,2021
2021-04-29,PHI,SLN,3,4,2021
2021-04-30,DET,NYA,0,10,2021
2021-04-30,BOS,TEX,6,1,2021
2021-04-30,HOU,TBA,9,2,2021
2021-04-30,ATL,TOR,5,13,2021
2021-04-30,ANA,SEA,4,7,2021
2021-04-30,BAL,OAK,3,2,2021
2021-04-30,KCA,MIN,1,9,2021
2021-04-30,LAN,MIL,1,3,2021
2021-04-30,MIA,WAS,1,2,2021
2021-04-30,SFN,SDN,2,3,2021
2021-04-30,SLN,PIT,7,3,2021
2021-04-30,NYN,PHI,1,2,2021
2021-04-30,CHN,CIN,6,8,2021
2021-04-30,COL,ARI,2,7,2021
2021-04-30,CLE,CHA,5,3,2021
2021-05-01,ATL,TOR,5,6,2021
2021-05-01,BOS,TEX,6,8,2021
2021-05-01,HOU,TBA,3,1,2021
2021-05-01,ANA,SEA,10,5,2021
2021-05-01,BAL,OAK,8,4,2021
2021-05-01,DET,NYA,4,6,2021
2021-05-01,KCA,MIN,11,3,2021
2021-05-01,CLE,CHA,3,7,2021
2021-05-01,SFN,SDN,2,6,2021
2021-05-01,SLN,PIT,12,5,2021
2021-05-01,NYN,PHI,5,4,2021
2021-05-01,LAN,MIL,5,6,2021
2021-05-01,CHN,CIN,3,2,2021
2021-05-01,COL,ARI,14,6,2021
2021-05-01,MIA,WAS,2,7,2021
2021-05-02,DET,NYA,0,2,2021
2021-05-02,BOS,TEX,3,5,2021
2021-05-02,HOU,TBA,4,5,2021
2021-05-02,ANA,SEA,0,2,2021
2021-05-02,BAL,OAK,5,7,2021
2021-05-02,ATL,TOR,2,7,2021
2021-05-02,KCA,MIN,4,13,2021
2021-05-02,SLN,PIT,3,0,2021
2021-05-02,MIA,WAS,1,3,2021
2021-05-02,SFN,SDN,7,1,2021
2021-05-02,NYN,PHI,8,7,2021
2021-05-02,LAN,MIL,16,4,2021
2021-05-02,CHN,CIN,12,13,2021
2021-05-02,COL,ARI,4,8,2021
2021-05-02,CLE,CHA,5,0,2021
2021-05-03,BAL,SEA,5,3,2021
2021-05-03,TOR,OAK,4,5,2021
2021-05-03,TEX,MIN,5,6,2021
2021-05-03,CLE,KCA,8,6,2021
2021-05-03,NYN,SLN,5,6,2021
2021-05-03,PIT,SDN,0,2,2021
2021-05-03,MIL,PHI,3,4,2021
2021-05-03,TBA,ANA,7,3,2021
2021-05-04,TBA,ANA,8,3,2021
2021-05-04,BAL,SEA,2,5,2021
2021-05-04,TOR,OAK,1,4,2021
2021-05-04,HOU,NYA,3,7,2021
2021-05-04,TEX,MIN,6,3,2021
2021-05-04,CLE,KCA,7,3,2021
2021-05-04,DET,BOS,7,11,2021
2021-05-04,ATL,WAS,6,1,2021
2021-05-04,SFN,COL,6,8,2021
2021-05-04,MIL,PHI,5,6,2021
2021-05-04,ARI,MIA,3,9,2021
2021-05-04,SFN,COL,12,4,2021
2021-05-04,CHA,CIN,9,0,2021
2021-05-04,LAN,CHN,3,4,2021
2021-05-04,LAN,CHN,1,7,2021
2021-05-04,PIT,SDN,2,1,2021
2021-05-05,TBA,ANA,3,1,2021
2021-05-05,BAL,SEA,6,0,2021
2021-05-05,TOR,OAK,9,4,2021
2021-05-05,HOU,NYA,3,6,2021
2021-05-05,TEX,MIN,3,1,2021
2021-05-05,CLE,KCA,5,4,2021
2021-05-05,DET,BOS,6,5,2021
2021-05-05,ATL,WAS,5,3,2021
2021-05-05,LAN,CHN,5,6,2021
2021-05-05,NYN,SLN,1,4,2021
2021-05-05,PIT,SDN,2,4,2021
2021-05-05,MIL,PHI,4,5,2021
2021-05-05,ARI,MIA,0,8,2021
2021-05-05,SFN,COL,5,6,2021
2021-05-05,CHA,CIN,0,1,2021
2021-05-05,NYN,SLN,7,2,2021
2021-05-06,TOR,OAK,10,4,2021
2021-05-06,HOU,NYA,7,4,2021
2021-05-06,TEX,MIN,4,3,2021
2021-05-06,CLE,KCA,4,0,2021
2021-05-06,DET,BOS,9,12,2021
2021-05-06,TBA,ANA,8,3,2021
2021-05-06,NYN,SLN,4,1,2021
2021-05-06,MIL,PHI,0,2,2021
2021-05-06,ARI,MIA,1,3,2021
2021-05-06,ATL,WAS,3,2,2021
2021-05-07,CIN,CLE,3,0,2021
2021-05-07,SEA,TEX,5,4,2021
2021-05-07,WAS,NYA,11,4,2021
2021-05-07,CHA,KCA,3,0,2021
2021-05-07,TOR,HOU,4,10,2021
2021-05-07,MIN,DET,7,3,2021
2021-05-07,BOS,BAL,6,2,2021
2021-05-07,TBA,OAK,1,2,2021
2021-05-07,COL,SLN,0,5,2021
2021-05-07,PHI,ATL,12,2,2021
2021-05-07,PIT,CHN,2,3,2021
2021-05-07,LAN,ANA,2,9,2021
2021-05-07,ARI,NYN,4,5,2021
2021-05-07,SDN,SFN,4,5,2021
2021-05-07,MIL,MIA,1,6,2021
2021-05-08,SEA,TEX,8,9,2021
2021-05-08,WAS,NYA,3,4,2021
2021-05-08,TOR,HOU,8,4,2021
2021-05-08,MIN,DET,3,7,2021
2021-05-08,CIN,CLE,2,9,2021
2021-05-08,BOS,BAL,11,6,2021
2021-05-08,TBA,OAK,3,6,2021
2021-05-08,COL,SLN,8,9,2021
2021-05-08,LAN,ANA,14,11,2021
2021-05-08,PHI,ATL,7,8,2021
2021-05-08,PIT,CHN,2,3,2021
2021-05-08,CHA,KCA,9,1,2021
2021-05-08,MIL,MIA,6,2,2021
2021-05-08,ARI,NYN,2,4,2021
2021-05-08,SDN,SFN,1,7,2021
2021-05-09,SEA,TEX,2,10,2021
2021-05-09,TBA,OAK,4,3,2021
2021-05-09,WAS,NYA,2,3,2021
2021-05-09,CHA,KCA,9,3,2021
2021-05-09,TOR,HOU,4,7,2021
2021-05-09,BOS,BAL,4,3,2021
2021-05-09,COL,SLN,0,2,2021
2021-05-09,SDN,SFN,11,1,2021
2021-05-09,MIL,MIA,2,1,2021
2021-05-09,PIT,CHN,6,5,2021
2021-05-09,PHI,ATL,1,6,2021
2021-05-09,LAN,ANA,1,2,2021
2021-05-09,ARI,NYN,2,4,2021
2021-05-10,BOS,BAL,1,4,2021
2021-05-10,ANA,HOU,5,4,2021
2021-05-10,TEX,SFN,1,3,2021
2021-05-10,MIA,ARI,2,5,2021
2021-05-10,CIN,PIT,14,1,2021
2021-05-11,NYA,TBA,3,1,2021
2021-05-11,ANA,HOU,1,5,2021
2021-05-11,KCA,DET,7,8,2021
2021-05-11,CHN,CLE,2,3,2021
2021-05-11,MIN,CHA,3,9,2021
2021-05-11,PHI,WAS,6,2,2021
2021-05-11,TEX,SFN,2,4,2021
2021-05-11,OAK,BOS,3,2,2021
2021-05-11,BAL,NYN,2,3,2021
2021-05-11,SLN,MIL,6,1,2021
2021-05-11,SEA,LAN,4,6,2021
2021-05-11,SDN,COL,8,1,2021
2021-05-11,TOR,ATL,5,3,2021
2021-05-11,MIA,ARI,3,11,2021
2021-05-11,CIN,PIT,2,7,2021
2021-05-12,OAK,BOS,4,1,2021
2021-05-12,ANA,HOU,1,9,2021
2021-05-12,NYA,TBA,1,0,2021
2021-05-12,KCA,DET,2,4,2021
2021-05-12,CHN,CLE,1,2,2021
2021-05-12,MIN,CHA,8,13,2021
2021-05-12,PHI,WAS,5,2,2021
2021-05-12,TOR,ATL,4,1,2021
2021-05-12,BAL,NYN,1,7,2021
2021-05-12,SLN,MIL,1,4,2021
2021-05-12,SEA,LAN,1,7,2021
2021-05-12,SDN,COL,2,3,2021
2021-05-12,SDN,COL,5,3,2021
2021-05-12,MIA,ARI,3,2,2021
2021-05-12,CIN,PIT,5,1,2021
2021-05-13,MIN,CHA,2,4,2021
2021-05-13,NYA,TBA,1,9,2021
2021-05-13,CLE,SEA,4,2,2021
2021-05-13,TEX,HOU,3,4,2021
2021-05-13,KCA,DET,3,4,2021
2021-05-13,OAK,BOS,1,8,2021
2021-05-13,SFN,PIT,3,1,2021
2021-05-13,PHI,WAS,1,5,2021
2021-05-13,SLN,MIL,2,0,2021
2021-05-13,CIN,COL,8,13,2021
2021-05-13,TOR,ATL,8,4,2021
2021-05-13,MIA,ARI,5,1,2021
2021-05-14,PHI,TOR,5,1,2021
2021-05-14,NYN,TBA,2,3,2021
2021-05-14,CLE,SEA,3,7,2021
2021-05-14,OAK,MIN,6,1,2021
2021-05-14,TEX,HOU,4,10,2021
2021-05-14,CHN,DET,4,2,2021
2021-05-14,KCA,CHA,1,3,2021
2021-05-14,KCA,CHA,6,2,2021
2021-05-14,NYA,BAL,5,4,2021
2021-05-14,SLN,SDN,4,5,2021
2021-05-14,SFN,PIT,2,3,2021
2021-05-14,ATL,MIL,6,3,2021
2021-05-14,MIA,LAN,6,9,2021
2021-05-14,CIN,COL,6,9,2021
2021-05-14,WAS,ARI,17,2,2021
2021-05-14,ANA,BOS,3,4,2021
2021-05-15,KCA,CHA,5,1,2021
2021-05-15,PHI,TOR,0,4,2021
2021-05-15,NYN,TBA,5,12,2021
2021-05-15,OAK,MIN,4,5,2021
2021-05-15,TEX,HOU,5,6,2021
2021-05-15,CHN,DET,8,9,2021
2021-05-15,ANA,BOS,0,9,2021
2021-05-15,CLE,SEA,3,7,2021
2021-05-15,SLN,SDN,3,13,2021
2021-05-15,SFN,PIT,6,8,2021
2021-05-15,ATL,MIL,5,1,2021
2021-05-15,MIA,LAN,0,7,2021
2021-05-15,CIN,COL,6,5,2021
2021-05-15,WAS,ARI,4,11,2021
2021-05-15,NYA,BAL,8,2,2021
2021-05-16,PHI,TOR,8,10,2021
2021-05-16,NYN,TBA,1,7,2021
2021-05-16,CLE,SEA,2,3,2021
2021-05-16,TEX,HOU,2,6,2021
2021-05-16,CHN,DET,5,1,2021
2021-05-16,KCA,CHA,3,4,2021
2021-05-16,ANA,BOS,6,5,2021
2021-05-16,OAK,MIN,7,6,2021
2021-05-16,SLN,SDN,3,5,2021
2021-05-16,SFN,PIT,4,1,2021
2021-05-16,ATL,MIL,9,10,2021
2021-05-16,MIA,LAN,3,2,2021
2021-05-16,CIN,COL,7,6,2021
2021-05-16,WAS,ARI,3,0,2021
2021-05-16,NYA,BAL,6,10,2021
2021-05-17,NYA,TEX,2,5,2021
2021-05-17,DET,SEA,4,1,2021
2021-05-17,CHA,MIN,16,4,2021
2021-05-17,CLE,ANA,4,7,2021
2021-05-17,COL,SDN,0,7,2021
2021-05-17,SFN,CIN,6,3,2021
2021-05-17,WAS,CHN,3,7,2021
2021-05-17,NYN,ATL,3,1,2021
2021-05-17,ARI,LAN,1,3,2021
2021-05-18,MIL,KCA,0,2,2021
2021-05-18,BOS,TOR,0,8,2021
2021-05-18,NYA,TEX,7,4,2021
2021-05-18,DET,SEA,5,0,2021
2021-05-18,HOU,OAK,5,6,2021
2021-05-18,CHA,MIN,4,5,2021
2021-05-18,TBA,BAL,13,6,2021
2021-05-18,PIT,SLN,2,5,2021
2021-05-18,CLE,ANA,6,5,2021
2021-05-18,COL,SDN,1,2,2021
2021-05-18,MIA,PHI,3,8,2021
2021-05-18,ARI,LAN,1,9,2021
2021-05-18,SFN,CIN,4,2,2021
2021-05-18,WAS,CHN,3,6,2021
2021-05-18,NYN,ATL,4,3,2021
2021-05-19,NYA,TEX,2,0,2021
2021-05-19,DET,SEA,6,2,2021
2021-05-19,HOU,OAK,8,1,2021
2021-05-19,CHA,MIN,2,1,2021
2021-05-19,MIL,KCA,4,6,2021
2021-05-19,TBA,BAL,9,7,2021
2021-05-19,CLE,ANA,3,2,2021
2021-05-19,PIT,SLN,5,8,2021
2021-05-19,COL,SDN,0,3,2021
2021-05-19,BOS,TOR,7,3,2021
2021-05-19,ARI,LAN,2,4,2021
2021-05-19,SFN,CIN,4,0,2021
2021-05-19,WAS,CHN,4,3,2021
2021-05-19,NYN,ATL,4,5,2021
2021-05-19,MIA,PHI,3,1,2021
2021-05-20,TBA,BAL,10,1,2021
2021-05-20,BOS,TOR,8,7,2021
2021-05-20,MIN,ANA,6,3,2021
2021-05-20,HOU,OAK,8,4,2021
2021-05-20,MIN,ANA,1,7,2021
2021-05-20,NYA,TEX,2,0,2021
2021-05-20,ARI,LAN,2,3,2021
2021-05-20,SFN,CIN,19,4,2021
2021-05-20,WAS,CHN,2,5,2021
2021-05-20,PIT,ATL,6,4,2021
2021-05-20,MIA,PHI,6,0,2021
2021-05-21,TBA,TOR,9,7,2021
2021-05-21,HOU,TEX,5,7,2021
2021-05-21,DET,KCA,7,5,2021
2021-05-21,MIN,CLE,10,0,2021
2021-05-21,OAK,ANA,8,4,2021
2021-05-21,BAL,WAS,2,4,2021
2021-05-21,CHN,SLN,12,3,2021
2021-05-21,CHA,NYA,1,2,2021
2021-05-21,SEA,SDN,1,16,2021
2021-05-21,BOS,PHI,11,3,2021
2021-05-21,NYN,MIA,6,5,2021
2021-05-21,ARI,COL,1,7,2021
2021-05-21,MIL,CIN,4,9,2021
2021-05-21,PIT,ATL,1,20,2021
2021-05-21,LAN,SFN,2,1,2021
2021-05-22,CHA,NYA,0,7,2021
2021-05-22,DET,KCA,5,7,2021
2021-05-22,MIN,CLE,3,5,2021
2021-05-22,OAK,ANA,6,2,2021
2021-05-22,BAL,WAS,9,12,2021
2021-05-22,CHN,SLN,1,2,2021
2021-05-22,NYN,MIA,1,3,2021
2021-05-22,SEA,SDN,4,6,2021
2021-05-22,BOS,PHI,4,3,2021
2021-05-22,ARI,COL,6,7,2021
2021-05-22,MIL,CIN,4,3,2021
2021-05-22,PIT,ATL,1,6,2021
2021-05-22,HOU,TEX,4,8,2021
2021-05-22,LAN,SFN,6,3,2021
2021-05-22,TBA,TOR,3,1,2021
2021-05-23,TBA,TOR,6,4,2021
2021-05-23,MIN,CLE,8,5,2021
2021-05-23,OAK,ANA,5,6,2021
2021-05-23,CHA,NYA,4,5,2021
2021-05-23,HOU,TEX,2,3,2021
2021-05-23,DET,KCA,2,3,2021
2021-05-23,BAL,WAS,5,6,2021
2021-05-23,BOS,PHI,2,6,2021
2021-05-23,LAN,SFN,11,5,2021
2021-05-23,SEA,SDN,2,9,2021
2021-05-23,NYN,MIA,1,5,2021
2021-05-23,ARI,COL,3,4,2021
2021-05-23,MIL,CIN,9,4,2021
2021-05-23,PIT,ATL,1,7,2021
2021-05-23,CHN,SLN,2,1,2021
2021-05-24,TBA,TOR,14,8,2021
2021-05-24,SEA,OAK,4,2,2021
2021-05-24,BAL,MIN,3,8,2021
2021-05-24,CLE,DET,6,5,2021
2021-05-24,SLN,CHA,1,5,2021
2021-05-24,COL,NYN,3,2,2021
2021-05-24,SDN,MIL,3,5,2021
2021-05-24,PHI,MIA,6,9,2021
2021-05-25,KCA,TBA,2,1,2021
2021-05-25,SEA,OAK,4,3,2021
2021-05-25,TOR,NYA,6,2,2021
2021-05-25,BAL,MIN,4,7,2021
2021-05-25,LAN,HOU,9,2,2021
2021-05-25,CLE,DET,4,1,2021
2021-05-25,SLN,CHA,3,8,2021
2021-05-25,SDN,MIL,7,1,2021
2021-05-25,TEX,ANA,5,11,2021
2021-05-25,CIN,WAS,2,1,2021
2021-05-25,CHN,PIT,4,3,2021
2021-05-25,COL,NYN,1,3,2021
2021-05-25,PHI,MIA,2,0,2021
2021-05-25,SFN,ARI,8,0,2021
2021-05-25,ATL,BOS,3,1,2021
2021-05-26,CLE,DET,0,1,2021
2021-05-26,KCA,TBA,1,2,2021
2021-05-26,SEA,OAK,3,6,2021
2021-05-26,BAL,MIN,2,3,2021
2021-05-26,LAN,HOU,2,5,2021
2021-05-26,SLN,CHA,4,0,2021
2021-05-26,SFN,ARI,5,4,2021
2021-05-26,TEX,ANA,8,9,2021
2021-05-26,CIN,WAS,3,5,2021
2021-05-26,CHN,PIT,4,1,2021
2021-05-26,SDN,MIL,2,1,2021
2021-05-26,PHI,MIA,2,4,2021
2021-05-26,ATL,BOS,5,9,2021
2021-05-27,KCA,TBA,2,7,2021
2021-05-27,TEX,SEA,0,5,2021
2021-05-27,ANA,OAK,0,5,2021
2021-05-27,TOR,NYA,3,5,2021
2021-05-27,TOR,NYA,2,0,2021
2021-05-27,CLE,DET,5,2,2021
2021-05-27,BAL,CHA,1,5,2021
2021-05-27,CHN,PIT,5,3,2021
2021-05-27,COL,NYN,2,4,2021
2021-05-27,COL,NYN,0,1,2021
2021-05-27,SDN,MIL,5,6,2021
2021-05-27,PHI,MIA,3,2,2021
2021-05-27,SFN,LAN,3,4,2021
2021-05-27,SLN,ARI,5,4,2021
2021-05-27,CIN,WAS,3,0,2021
2021-05-28,SDN,HOU,10,3,2021
2021-05-28,TEX,SEA,2,3,2021
2021-05-28,ANA,OAK,1,3,2021
2021-05-28,NYA,DET,2,3,2021
2021-05-28,KCA,MIN,8,3,2021
2021-05-28,MIA,BOS,2,5,2021
2021-05-28,SFN,LAN,8,5,2021
2021-05-28,TOR,CLE,11,2,2021
2021-05-28,CIN,CHN,0,1,2021
2021-05-28,SLN,ARI,8,6,2021
2021-05-29,PHI,TBA,3,5,2021
2021-05-29,TEX,SEA,2,3,2021
2021-05-29,ANA,OAK,4,0,2021
2021-05-29,KCA,MIN,5,6,2021
2021-05-29,SDN,HOU,11,8,2021
2021-05-29,NYA,DET,1,6,2021
2021-05-29,BAL,CHA,1,3,2021
2021-05-29,BAL,CHA,4,7,2021
2021-05-29,MIA,BOS,1,3,2021
2021-05-29,MIL,WAS,6,2,2021
2021-05-29,MIL,WAS,4,1,2021
2021-05-29,COL,PIT,0,4,2021
2021-05-29,COL,PIT,0,7,2021
2021-05-29,ATL,NYN,2,13,2021
2021-05-29,SFN,LAN,11,6,2021
2021-05-29,CIN,CHN,2,10,2021
2021-05-29,SLN,ARI,7,4,2021
2021-05-30,PHI,TBA,2,6,2021
2021-05-30,ANA,OAK,4,2,2021
2021-05-30,KCA,MIN,6,3,2021
2021-05-30,SDN,HOU,4,7,2021
2021-05-30,NYA,DET,2,6,2021
2021-05-30,TOR,CLE,5,6,2021
2021-05-30,TEX,SEA,2,4,2021
2021-05-30,BAL,CHA,1,3,2021
2021-05-30,MIL,WAS,3,0,2021
2021-05-30,COL,PIT,4,3,2021
2021-05-30,SFN,LAN,5,4,2021
2021-05-30,CIN,CHN,5,1,2021
2021-05-30,SLN,ARI,2,9,2021
2021-05-30,TOR,CLE,4,1,2021
2021-05-31,OAK,SEA,5,6,2021
2021-05-31,PIT,KCA,3,7,2021
2021-05-31,BOS,HOU,2,11,2021
2021-05-31,CHA,CLE,1,3,2021
2021-05-31,CHA,CLE,8,6,2021
2021-05-31,MIN,BAL,3,2,2021
2021-05-31,TBA,NYA,3,1,2021
2021-05-31,DET,MIL,2,3,2021
2021-05-31,SLN,LAN,4,9,2021
2021-05-31,PHI,CIN,1,11,2021
2021-05-31,SDN,CHN,2,7,2021
2021-05-31,WAS,ATL,3,5,2021
2021-05-31,NYN,ARI,6,2,2021
2021-05-31,ANA,SFN,1,6,2021
2021-06-01,MIA,TOR,1,5,2021
2021-06-01,OAK,SEA,12,6,2021
2021-06-01,TBA,NYA,3,5,2021
2021-06-01,PIT,KCA,5,10,2021
2021-06-01,BOS,HOU,1,5,2021
2021-06-01,CHA,CLE,5,6,2021
2021-06-01,MIN,BAL,4,7,2021
2021-06-01,SLN,LAN,3,2,2021
2021-06-01,DET,MIL,10,7,2021
2021-06-01,TEX,COL,2,3,2021
2021-06-01,PHI,CIN,17,3,2021
2021-06-01,SDN,CHN,3,4,2021
2021-06-01,WAS,ATL,11,6,2021
2021-06-01,NYN,ARI,5,6,2021
2021-06-01,ANA,SFN,8,1,2021
2021-06-02,BOS,HOU,1,2,2021
2021-06-02,MIA,TOR,5,6,2021
2021-06-02,TBA,NYA,3,4,2021
2021-06-02,MIN,BAL,3,6,2021
2021-06-02,OAK,SEA,6,0,2021
2021-06-02,TEX,COL,3,6,2021
2021-06-02,SDN,CHN,1,6,2021
2021-06-02,WAS,ATL,5,3,2021
2021-06-02,NYN,ARI,7,6,2021
2021-06-02,SLN,LAN,3,14,2021
2021-06-03,TBA,NYA,9,2,2021
2021-06-03,MIN,KCA,5,6,2021
2021-06-03,BOS,HOU,5,1,2021
2021-06-03,DET,CHA,1,4,2021
2021-06-03,SEA,ANA,6,2,2021
2021-06-03,CIN,SLN,4,2,2021
2021-06-03,NYN,SDN,3,4,2021
2021-06-03,MIA,PIT,3,5,2021
2021-06-03,ARI,MIL,4,7,2021
2021-06-03,TEX,COL,6,11,2021
2021-06-03,WAS,ATL,1,5,2021
2021-06-03,CHN,SFN,2,7,2021
2021-06-04,CLE,BAL,1,3,2021
2021-06-04,HOU,TOR,13,1,2021
2021-06-04,TBA,TEX,4,5,2021
2021-06-04,BOS,NYA,5,2,2021
2021-06-04,MIN,KCA,5,14,2021
2021-06-04,DET,CHA,8,9,2021
2021-06-04,SEA,ANA,2,3,2021
2021-06-04,ARI,MIL,1,5,2021
2021-06-04,CHN,SFN,5,8,2021
2021-06-04,NYN,SDN,0,2,2021
2021-06-04,MIA,PIT,2,9,2021
2021-06-04,WAS,PHI,2,1,2021
2021-06-04,OAK,COL,9,5,2021
2021-06-04,LAN,ATL,9,5,2021
2021-06-04,CIN,SLN,6,4,2021
2021-06-05,CLE,BAL,10,4,2021
2021-06-05,TBA,TEX,3,0,2021
2021-06-05,BOS,NYA,7,3,2021
2021-06-05,MIN,KCA,5,4,2021
2021-06-05,HOU,TOR,2,6,2021
2021-06-05,DET,CHA,4,3,2021
2021-06-05,SEA,ANA,5,12,2021
2021-06-05,WAS,PHI,2,5,2021
2021-06-05,CHN,SFN,3,4,2021
2021-06-05,NYN,SDN,4,0,2021
2021-06-05,MIA,PIT,7,8,2021
2021-06-05,ARI,MIL,5,7,2021
2021-06-05,OAK,COL,6,3,2021
2021-06-05,LAN,ATL,4,6,2021
2021-06-05,CIN,SLN,5,2,2021
2021-06-06,HOU,TOR,6,3,2021
2021-06-06,TBA,TEX,7,1,2021
2021-06-06,BOS,NYA,6,5,2021
2021-06-06,MIN,KCA,2,1,2021
2021-06-06,DET,CHA,0,3,2021
2021-06-06,CLE,BAL,5,18,2021
2021-06-06,CIN,SLN,8,7,2021
2021-06-06,SEA,ANA,9,5,2021
2021-06-06,NYN,SDN,6,2,2021
2021-06-06,MIA,PIT,3,1,2021
2021-06-06,WAS,PHI,6,12,2021
2021-06-06,ARI,MIL,0,2,2021
2021-06-06,OAK,COL,1,3,2021
2021-06-06,LAN,ATL,2,4,2021
2021-06-06,CHN,SFN,4,3,2021
2021-06-07,MIA,BOS,3,5,2021
2021-06-07,KCA,ANA,3,8,2021
2021-06-07,CHN,SDN,4,9,2021
2021-06-08,SFN,TEX,9,4,2021
2021-06-08,WAS,TBA,1,3,2021
2021-06-08,ARI,OAK,2,5,2021
2021-06-08,NYA,MIN,8,4,2021
2021-06-08,SEA,DET,3,5,2021
2021-06-08,TOR,CHA,1,6,2021
2021-06-08,HOU,BOS,7,1,2021
2021-06-08,CLE,SLN,10,1,2021
2021-06-08,KCA,ANA,1,8,2021
2021-06-08,CHN,SDN,7,1,2021
2021-06-08,LAN,PIT,5,3,2021
2021-06-08,ATL,PHI,9,5,2021
2021-06-08,COL,MIA,2,6,2021
2021-06-08,MIL,CIN,5,1,2021
2021-06-08,NYN,BAL,3,10,2021
2021-06-09,SFN,TEX,3,4,2021
2021-06-09,WAS,TBA,9,7,2021
2021-06-09,ARI,OAK,0,4,2021
2021-06-09,SEA,DET,9,6,2021
2021-06-09,TOR,CHA,6,2,2021
2021-06-09,HOU,BOS,8,3,2021
2021-06-09,NYN,BAL,14,1,2021
2021-06-09,NYA,MIN,9,6,2021
2021-06-09,CLE,SLN,2,8,2021
2021-06-09,CHN,SDN,3,1,2021
2021-06-09,LAN,PIT,2,1,2021
2021-06-09,ATL,PHI,1,2,2021
2021-06-09,COL,MIA,4,3,2021
2021-06-09,MIL,CIN,3,7,2021
2021-06-09,KCA,ANA,1,6,2021
2021-06-10,KCA,OAK,6,1,2021
2021-06-10,NYA,MIN,5,7,2021
2021-06-10,SEA,DET,3,8,2021
2021-06-10,TOR,CHA,2,5,2021
2021-06-10,HOU,BOS,8,12,2021
2021-06-10,ATL,PHI,3,4,2021
2021-06-10,COL,MIA,4,11,2021
2021-06-10,MIL,CIN,7,2,2021
2021-06-10,LAN,PIT,6,3,2021
2021-06-11,TOR,BOS,5,6,2021
2021-06-11,KCA,OAK,3,4,2021
2021-06-11,HOU,MIN,6,4,2021
2021-06-11,BAL,TBA,2,4,2021
2021-06-11,CHA,DET,5,4,2021
2021-06-11,SEA,CLE,0,7,2021
2021-06-11,SFN,WAS,1,0,2021
2021-06-11,COL,CIN,5,11,2021
2021-06-11,PIT,MIL,4,7,2021
2021-06-11,ATL,MIA,3,4,2021
2021-06-11,TEX,LAN,1,12,2021
2021-06-11,SLN,CHN,5,8,2021
2021-06-11,ANA,ARI,6,5,2021
2021-06-11,SDN,NYN,2,3,2021
2021-06-12,BAL,TBA,4,5,2021
2021-06-12,KCA,OAK,2,11,2021
2021-06-12,HOU,MIN,2,5,2021
2021-06-12,CHA,DET,15,2,2021
2021-06-12,SEA,CLE,4,5,2021
2021-06-12,TOR,BOS,7,2,2021
2021-06-12,SFN,WAS,2,1,2021
2021-06-12,SFN,WAS,0,2,2021
2021-06-12,SDN,NYN,1,4,2021
2021-06-12,PIT,MIL,4,7,2021
2021-06-12,ATL,MIA,2,4,2021
2021-06-12,TEX,LAN,12,1,2021
2021-06-12,COL,CIN,3,10,2021
2021-06-12,SLN,CHN,2,7,2021
2021-06-12,ANA,ARI,8,7,2021
2021-06-12,NYA,PHI,7,8,2021
2021-06-13,TOR,BOS,18,4,2021
2021-06-13,KCA,OAK,3,6,2021
2021-06-13,HOU,MIN,14,3,2021
2021-06-13,CHA,DET,4,1,2021
2021-06-13,SEA,CLE,6,2,2021
2021-06-13,BAL,TBA,1,7,2021
2021-06-13,SFN,WAS,0,5,2021
2021-06-13,ATL,MIA,6,4,2021
2021-06-13,SDN,NYN,7,3,2021
2021-06-13,PIT,MIL,2,5,2021
2021-06-13,TEX,LAN,3,5,2021
2021-06-13,COL,CIN,2,6,2021
2021-06-13,SLN,CHN,0,2,2021
2021-06-13,ANA,ARI,10,3,2021
2021-06-13,NYA,PHI,0,7,2021
2021-06-14,MIN,SEA,3,4,2021
2021-06-14,ANA,OAK,5,8,2021
2021-06-14,DET,KCA,10,3,2021
2021-06-14,BAL,CLE,3,4,2021
2021-06-14,TBA,CHA,5,2,2021
2021-06-14,TOR,BOS,1,2,2021
2021-06-14,PIT,WAS,2,3,2021
2021-06-14,MIA,SLN,2,4,2021
2021-06-14,ARI,SFN,2,5,2021
2021-06-14,CHN,NYN,2,5,2021
2021-06-14,CIN,MIL,10,2,2021
2021-06-14,PHI,LAN,1,3,2021
2021-06-14,SDN,COL,2,3,2021
2021-06-15,NYA,TOR,6,5,2021
2021-06-15,ANA,OAK,4,6,2021
2021-06-15,DET,KCA,4,3,2021
2021-06-15,TEX,HOU,3,6,2021
2021-06-15,BAL,CLE,2,7,2021
2021-06-15,TBA,CHA,0,3,2021
2021-06-15,PIT,WAS,1,8,2021
2021-06-15,MIN,SEA,0,10,2021
2021-06-15,ARI,SFN,8,9,2021
2021-06-15,CHN,NYN,2,3,2021
2021-06-15,CIN,MIL,2,1,2021
2021-06-15,PHI,LAN,3,5,2021
2021-06-15,SDN,COL,4,8,2021
2021-06-15,BOS,ATL,10,8,2021
2021-06-15,MIA,SLN,1,2,2021
2021-06-16,NYA,TOR,3,2,2021
2021-06-16,MIN,SEA,7,2,2021
2021-06-16,DET,KCA,6,5,2021
2021-06-16,TEX,HOU,4,8,2021
2021-06-16,BAL,CLE,7,8,2021
2021-06-16,TBA,CHA,7,8,2021
2021-06-16,PIT,WAS,1,3,2021
2021-06-16,ANA,OAK,4,8,2021
2021-06-16,ARI,SFN,7,13,2021
2021-06-16,CHN,NYN,3,6,2021
2021-06-16,CIN,MIL,2,1,2021
2021-06-16,PHI,LAN,2,0,2021
2021-06-16,SDN,COL,7,8,2021
2021-06-16,BOS,ATL,10,8,2021
2021-06-16,MIA,SLN,0,1,2021
2021-06-17,NYA,TOR,8,4,2021
2021-06-17,TBA,SEA,5,6,2021
2021-06-17,CHA,HOU,2,10,2021
2021-06-17,BAL,CLE,3,10,2021
2021-06-17,DET,ANA,5,7,2021
2021-06-17,ARI,SFN,3,10,2021
2021-06-17,CHN,NYN,2,0,2021
2021-06-17,MIL,COL,3,7,2021
2021-06-17,SLN,ATL,0,4,2021
2021-06-17,CIN,SDN,4,6,2021
2021-06-18,TOR,BAL,1,7,2021
2021-06-18,MIN,TEX,7,5,2021
2021-06-18,TBA,SEA,1,5,2021
2021-06-18,OAK,NYA,5,3,2021
2021-06-18,BOS,KCA,3,5,2021
2021-06-18,CHA,HOU,1,2,2021
2021-06-18,DET,ANA,3,11,2021
2021-06-18,NYN,WAS,0,1,2021
2021-06-18,PHI,SFN,3,5,2021
2021-06-18,CIN,SDN,2,8,2021
2021-06-18,CLE,PIT,10,11,2021
2021-06-18,MIL,COL,5,6,2021
2021-06-18,MIA,CHN,10,2,2021
2021-06-18,SLN,ATL,1,9,2021
2021-06-18,LAN,ARI,3,0,2021
2021-06-19,MIN,TEX,3,2,2021
2021-06-19,TBA,SEA,5,6,2021
2021-06-19,OAK,NYA,5,7,2021
2021-06-19,BOS,KCA,7,1,2021
2021-06-19,CHA,HOU,3,7,2021
2021-06-19,TOR,BAL,10,7,2021
2021-06-19,DET,ANA,3,8,2021
2021-06-19,NYN,WAS,2,6,2021
2021-06-19,NYN,WAS,5,1,2021
2021-06-19,PHI,SFN,13,6,2021
2021-06-19,CIN,SDN,5,7,2021
2021-06-19,CLE,PIT,3,6,2021
2021-06-19,MIL,COL,6,5,2021
2021-06-19,MIA,CHN,11,1,2021
2021-06-19,LAN,ARI,9,3,2021
2021-06-20,MIN,TEX,4,2,2021
2021-06-20,TBA,SEA,2,6,2021
2021-06-20,OAK,NYA,1,2,2021
2021-06-20,BOS,KCA,3,7,2021
2021-06-20,TOR,BAL,7,4,2021
2021-06-20,DET,ANA,5,3,2021
2021-06-20,NYN,WAS,2,5,2021
2021-06-20,CHA,HOU,2,8,2021
2021-06-20,CIN,SDN,2,3,2021
2021-06-20,CLE,PIT,2,1,2021
2021-06-20,MIL,COL,7,6,2021
2021-06-20,PHI,SFN,2,11,2021
2021-06-20,MIA,CHN,0,2,2021
2021-06-20,SLN,ATL,0,1,2021
2021-06-20,SLN,ATL,9,1,2021
2021-06-20,LAN,ARI,9,8,2021
2021-06-21,OAK,TEX,3,8,2021
2021-06-21,CIN,MIN,5,7,2021
2021-06-21,HOU,BAL,10,2,2021
2021-06-21,LAN,SDN,2,6,2021
2021-06-21,ATL,NYN,1,0,2021
2021-06-21,ATL,NYN,2,4,2021
2021-06-21,CLE,CHN,4,0,2021
2021-06-21,MIL,ARI,1,5,2021
2021-06-22,BOS,TBA,9,5,2021
2021-06-22,COL,SEA,1,2,2021
2021-06-22,OAK,TEX,13,6,2021
2021-06-22,KCA,NYA,6,5,2021
2021-06-22,CIN,MIN,10,7,2021
2021-06-22,SLN,DET,2,8,2021
2021-06-22,HOU,BAL,3,1,2021
2021-06-22,TOR,MIA,2,1,2021
2021-06-22,LAN,SDN,2,3,2021
2021-06-22,CHA,PIT,3,6,2021
2021-06-22,WAS,PHI,3,2,2021
2021-06-22,ATL,NYN,3,0,2021
2021-06-22,CLE,CHN,1,7,2021
2021-06-22,MIL,ARI,5,0,2021
2021-06-22,SFN,ANA,5,0,2021
2021-06-23,HOU,BAL,13,0,2021
2021-06-23,BOS,TBA,2,8,2021
2021-06-23,COL,SEA,5,2,2021
2021-06-23,KCA,NYA,5,6,2021
2021-06-23,SLN,DET,2,6,2021
2021-06-23,SFN,ANA,9,3,2021
2021-06-23,OAK,TEX,3,5,2021
2021-06-23,CHA,PIT,4,3,2021
2021-06-23,WAS,PHI,13,12,2021
2021-06-23,ATL,NYN,3,7,2021
2021-06-23,TOR,MIA,3,1,2021
2021-06-23,MIL,ARI,3,2,2021
2021-06-23,LAN,SDN,3,5,2021
2021-06-24,BAL,TOR,0,9,2021
2021-06-24,OAK,TEX,5,1,2021
2021-06-24,BOS,TBA,0,1,2021
2021-06-24,KCA,NYA,1,8,2021
2021-06-24,CLE,MIN,4,1,2021
2021-06-24,PIT,SLN,8,2,2021
2021-06-24,WAS,MIA,7,3,2021
2021-06-24,CHN,LAN,4,0,2021
2021-06-24,ATL,CIN,3,5,2021
2021-06-24,HOU,DET,12,3,2021
2021-06-25,NYA,BOS,3,5,2021
2021-06-25,BAL,TOR,6,5,2021
2021-06-25,KCA,TEX,4,9,2021
2021-06-25,ANA,TBA,3,4,2021
2021-06-25,CLE,MIN,7,8,2021
2021-06-25,SEA,CHA,9,3,2021
2021-06-25,PIT,SLN,5,4,2021
2021-06-25,WAS,MIA,2,11,2021
2021-06-25,ARI,SDN,5,11,2021
2021-06-25,PHI,NYN,2,1,2021
2021-06-25,PHI,NYN,1,2,2021
2021-06-25,COL,MIL,4,5,2021
2021-06-25,CHN,LAN,2,6,2021
2021-06-25,ATL,CIN,3,2,2021
2021-06-25,OAK,SFN,0,2,2021
2021-06-26,SEA,CHA,3,2,2021
2021-06-26,BAL,TOR,4,12,2021
2021-06-26,KCA,TEX,0,8,2021
2021-06-26,ANA,TBA,3,13,2021
2021-06-26,HOU,DET,3,2,2021
2021-06-26,HOU,DET,1,3,2021
2021-06-26,NYA,BOS,2,4,2021
2021-06-26,PIT,SLN,1,3,2021
2021-06-26,OAK,SFN,5,6,2021
2021-06-26,ARI,SDN,10,1,2021
2021-06-26,PHI,NYN,3,4,2021
2021-06-26,COL,MIL,4,10,2021
2021-06-26,WAS,MIA,2,3,2021
2021-06-26,CHN,LAN,2,3,2021
2021-06-26,ATL,CIN,1,4,2021
2021-06-27,BAL,TOR,2,5,2021
2021-06-27,KCA,TEX,1,4,2021
2021-06-27,CLE,MIN,2,8,2021
2021-06-27,HOU,DET,1,2,2021
2021-06-27,SEA,CHA,5,7,2021
2021-06-27,NYA,BOS,2,9,2021
2021-06-27,PIT,SLN,7,2,2021
2021-06-27,ANA,TBA,6,4,2021
2021-06-27,ARI,SDN,4,5,2021
2021-06-27,PHI,NYN,4,2,2021
2021-06-27,COL,MIL,0,5,2021
2021-06-27,WAS,MIA,5,1,2021
2021-06-27,CHN,LAN,1,7,2021
2021-06-27,ATL,CIN,4,0,2021
2021-06-27,OAK,SFN,6,2,2021
2021-06-28,ANA,NYA,5,3,2021
2021-06-28,BAL,HOU,9,7,2021
2021-06-28,DET,CLE,5,13,2021
2021-06-28,KCA,BOS,5,6,2021
2021-06-28,NYN,WAS,4,8,2021
2021-06-28,ARI,SLN,1,7,2021
2021-06-28,SFN,LAN,2,3,2021
2021-06-28,PIT,COL,0,2,2021
2021-06-28,PHI,CIN,4,12,2021
2021-06-28,CHN,MIL,4,14,2021
2021-06-29,KCA,BOS,6,7,2021
2021-06-29,TEX,OAK,5,4,2021
2021-06-29,ANA,NYA,5,11,2021
2021-06-29,SEA,TOR,3,9,2021
2021-06-29,BAL,HOU,13,3,2021
2021-06-29,MIN,CHA,6,7,2021
2021-06-29,TBA,WAS,3,4,2021
2021-06-29,PIT,COL,0,8,2021
2021-06-29,MIA,PHI,3,4,2021
2021-06-29,CHN,MIL,1,2,2021
2021-06-29,SFN,LAN,1,3,2021
2021-06-29,SDN,CIN,5,4,2021
2021-06-29,NYN,ATL,4,3,2021
2021-06-29,ARI,SLN,2,3,2021
2021-06-30,SEA,TOR,9,7,2021
2021-06-30,ANA,NYA,11,8,2021
2021-06-30,BAL,HOU,5,2,2021
2021-06-30,DET,CLE,7,1,2021
2021-06-30,DET,CLE,9,4,2021
2021-06-30,MIN,CHA,3,13,2021
2021-06-30,KCA,BOS,2,6,2021
2021-06-30,TEX,OAK,1,3,2021
2021-06-30,ARI,SLN,4,7,2021
2021-06-30,MIA,PHI,11,6,2021
2021-06-30,CHN,MIL,7,15,2021
2021-06-30,PIT,COL,2,6,2021
2021-06-30,SDN,CIN,7,5,2021
2021-06-30,NYN,ATL,2,20,2021
2021-06-30,TBA,WAS,6,15,2021
2021-07-01,SEA,TOR,7,2,2021
2021-07-01,TEX,OAK,8,3,2021
2021-07-01,HOU,CLE,7,2,2021
2021-07-01,MIN,CHA,5,8,2021
2021-07-01,KCA,BOS,1,15,2021
2021-07-01,LAN,WAS,6,2,2021
2021-07-01,SLN,COL,2,5,2021
2021-07-01,SDN,CIN,4,5,2021
2021-07-01,NYN,ATL,3,4,2021
2021-07-01,SFN,ARI,3,5,2021
2021-07-01,MIL,PIT,7,2,2021
2021-07-02,HOU,CLE,6,3,2021
2021-07-02,TEX,SEA,4,5,2021
2021-07-02,BOS,OAK,3,2,2021
2021-07-02,TBA,TOR,1,11,2021
2021-07-02,MIN,KCA,4,7,2021
2021-07-02,CHA,DET,8,2,2021
2021-07-02,BAL,ANA,7,8,2021
2021-07-02,CHN,CIN,1,2,2021
2021-07-02,MIL,PIT,7,2,2021
2021-07-02,SDN,PHI,3,4,2021
2021-07-02,SLN,COL,9,3,2021
2021-07-02,MIA,ATL,0,1,2021
2021-07-02,SFN,ARI,11,4,2021
2021-07-02,LAN,WAS,10,5,2021
2021-07-03,TBA,TOR,3,6,2021
2021-07-03,TEX,SEA,7,3,2021
2021-07-03,BOS,OAK,6,7,2021
2021-07-03,NYN,NYA,8,3,2021
2021-07-03,MIN,KCA,3,6,2021
2021-07-03,CHA,DET,5,11,2021
2021-07-03,BAL,ANA,1,4,2021
2021-07-03,HOU,CLE,3,2,2021
2021-07-03,MIL,PIT,11,2,2021
2021-07-03,SDN,PHI,2,4,2021
2021-07-03,SLN,COL,2,3,2021
2021-07-03,CHN,CIN,2,3,2021
2021-07-03,MIA,ATL,3,2,2021
2021-07-03,SFN,ARI,6,5,2021
2021-07-03,LAN,WAS,5,3,2021
2021-07-04,CHA,DET,5,6,2021
2021-07-04,TBA,TOR,5,1,2021
2021-07-04,TEX,SEA,1,4,2021
2021-07-04,BOS,OAK,1,0,2021
2021-07-04,NYN,NYA,2,4,2021
2021-07-04,NYN,NYA,10,5,2021
2021-07-04,MIN,KCA,6,2,2021
2021-07-04,HOU,CLE,4,3,2021
2021-07-04,CHN,CIN,2,3,2021
2021-07-04,LAN,WAS,5,1,2021
2021-07-04,MIL,PIT,0,2,2021
2021-07-04,SDN,PHI,11,1,2021
2021-07-04,SLN,COL,2,3,2021
2021-07-04,BAL,ANA,5,6,2021
2021-07-04,MIA,ATL,7,8,2021
2021-07-04,SFN,ARI,5,2,2021
2021-07-05,DET,TEX,7,3,2021
2021-07-05,CLE,TBA,8,9,2021
2021-07-05,CHA,MIN,5,8,2021
2021-07-05,CIN,KCA,6,2,2021
2021-07-05,BOS,ANA,5,4,2021
2021-07-05,WAS,SDN,7,5,2021
2021-07-05,ATL,PIT,1,11,2021
2021-07-05,MIL,NYN,2,4,2021
2021-07-05,LAN,MIA,4,5,2021
2021-07-05,PHI,CHN,13,3,2021
2021-07-05,SLN,SFN,5,3,2021
2021-07-06,OAK,HOU,6,9,2021
2021-07-06,DET,TEX,5,10,2021
2021-07-06,NYA,SEA,12,1,2021
2021-07-06,CHA,MIN,4,1,2021
2021-07-06,CIN,KCA,6,7,2021
2021-07-06,TOR,BAL,5,7,2021
2021-07-06,PHI,CHN,15,10,2021
2021-07-06,SLN,SFN,6,5,2021
2021-07-06,WAS,SDN,4,7,2021
2021-07-06,ATL,PIT,1,2,2021
2021-07-06,LAN,MIA,1,2,2021
2021-07-06,COL,ARI,3,4,2021
2021-07-06,BOS,ANA,3,5,2021
2021-07-07,OAK,HOU,3,4,2021
2021-07-07,DET,TEX,5,3,2021
2021-07-07,CLE,TBA,0,4,2021
2021-07-07,CLE,TBA,1,8,2021
2021-07-07,NYA,SEA,5,4,2021
2021-07-07,CHA,MIN,6,1,2021
2021-07-07,CIN,KCA,5,2,2021
2021-07-07,TOR,BAL,10,2,2021
2021-07-07,COL,ARI,4,6,2021
2021-07-07,SLN,SFN,2,5,2021
2021-07-07,WAS,SDN,15,5,2021
2021-07-07,ATL,PIT,14,3,2021
2021-07-07,MIL,NYN,5,0,2021
2021-07-07,MIL,NYN,3,4,2021
2021-07-07,LAN,MIA,6,9,2021
2021-07-07,PHI,CHN,3,8,2021
2021-07-07,BOS,ANA,4,5,2021
2021-07-08,NYA,SEA,0,4,2021
2021-07-08,DET,MIN,3,5,2021
2021-07-08,OAK,HOU,2,1,2021
2021-07-08,KCA,CLE,4,7,2021
2021-07-08,CIN,MIL,3,5,2021
2021-07-08,LAN,MIA,6,1,2021
2021-07-08,PHI,CHN,8,0,2021
2021-07-08,COL,ARI,9,3,2021
2021-07-08,WAS,SDN,8,9,2021
2021-07-09,PHI,BOS,5,11,2021
2021-07-09,OAK,TEX,2,3,2021
2021-07-09,TOR,TBA,1,7,2021
2021-07-09,DET,MIN,2,4,2021
2021-07-09,NYA,HOU,4,0,2021
2021-07-09,KCA,CLE,1,2,2021
2021-07-09,CHA,BAL,12,1,2021
2021-07-09,ANA,SEA,3,7,2021
2021-07-09,COL,SDN,2,4,2021
2021-07-09,PIT,NYN,4,13,2021
2021-07-09,CIN,MIL,2,0,2021
2021-07-09,ATL,MIA,5,0,2021
2021-07-09,WAS,SFN,3,5,2021
2021-07-09,ARI,LAN,5,2,2021
2021-07-09,SLN,CHN,5,10,2021
2021-07-10,OAK,TEX,8,4,2021
2021-07-10,ANA,SEA,0,2,2021
2021-07-10,DET,MIN,4,9,2021
2021-07-10,NYA,HOU,1,0,2021
2021-07-10,KCA,CLE,6,14,2021
2021-07-10,PHI,BOS,11,2,2021
2021-07-10,CHA,BAL,8,3,2021
2021-07-10,TOR,TBA,2,5,2021
2021-07-10,COL,SDN,3,0,2021
2021-07-10,PIT,NYN,2,4,2021
2021-07-10,PIT,NYN,6,2,2021
2021-07-10,CIN,MIL,4,3,2021
2021-07-10,ATL,MIA,5,4,2021
2021-07-10,ARI,LAN,1,22,2021
2021-07-10,SLN,CHN,6,0,2021
2021-07-10,WAS,SFN,4,10,2021
2021-07-11,OAK,TEX,4,1,2021
2021-07-11,TOR,TBA,3,1,2021
2021-07-11,ANA,SEA,7,1,2021
2021-07-11,DET,MIN,9,12,2021
2021-07-11,NYA,HOU,7,8,2021
2021-07-11,PHI,BOS,5,4,2021
2021-07-11,WAS,SFN,1,3,2021
2021-07-11,COL,SDN,3,1,2021
2021-07-11,PIT,NYN,6,5,2021
2021-07-11,CIN,MIL,3,1,2021
2021-07-11,ATL,MIA,4,7,2021
2021-07-11,ARI,LAN,4,7,2021
2021-07-11,CHA,BAL,7,5,2021
2021-07-16,SEA,ANA,6,5,2021
2021-07-16,TEX,TOR,2,10,2021
2021-07-16,CLE,OAK,4,5,2021
2021-07-16,BOS,NYA,4,0,2021
2021-07-16,BAL,KCA,2,9,2021
2021-07-16,HOU,CHA,7,1,2021
2021-07-16,SDN,WAS,24,8,2021
2021-07-16,CHN,ARI,5,1,2021
2021-07-16,NYN,PIT,1,4,2021
2021-07-16,MIA,PHI,7,0,2021
2021-07-16,MIA,PHI,2,5,2021
2021-07-16,LAN,COL,10,4,2021
2021-07-16,MIL,CIN,11,6,2021
2021-07-16,TBA,ATL,7,6,2021
2021-07-16,SFN,SLN,7,2,2021
2021-07-17,CLE,OAK,3,2,2021
2021-07-17,BOS,NYA,1,3,2021
2021-07-17,BAL,KCA,8,4,2021
2021-07-17,MIN,DET,4,5,2021
2021-07-17,MIN,DET,0,1,2021
2021-07-17,HOU,CHA,1,10,2021
2021-07-17,SEA,ANA,4,9,2021
2021-07-17,SDN,WAS,10,4,2021
2021-07-17,NYN,PIT,7,9,2021
2021-07-17,MIA,PHI,2,4,2021
2021-07-17,LAN,COL,9,2,2021
2021-07-17,MIL,CIN,7,4,2021
2021-07-17,TBA,ATL,0,9,2021
2021-07-17,CHN,ARI,4,2,2021
2021-07-17,SFN,SLN,1,3,2021
2021-07-18,HOU,CHA,0,4,2021
2021-07-18,TEX,TOR,0,5,2021
2021-07-18,CLE,OAK,4,2,2021
2021-07-18,BOS,NYA,1,9,2021
2021-07-18,BAL,KCA,5,0,2021
2021-07-18,TEX,TOR,0,10,2021
2021-07-18,MIN,DET,0,7,2021
2021-07-18,SEA,ANA,7,4,2021
2021-07-18,MIA,PHI,4,7,2021
2021-07-18,SFN,SLN,1,2,2021
2021-07-18,NYN,PIT,7,6,2021
2021-07-18,LAN,COL,5,6,2021
2021-07-18,MIL,CIN,8,0,2021
2021-07-18,TBA,ATL,7,5,2021
2021-07-18,CHN,ARI,4,6,2021
2021-07-18,SDN,WAS,7,8,2021
2021-07-19,BOS,TOR,13,4,2021
2021-07-19,BAL,TBA,6,1,2021
2021-07-19,ANA,OAK,1,4,2021
2021-07-19,CLE,HOU,3,4,2021
2021-07-19,TEX,DET,0,14,2021
2021-07-19,MIN,CHA,3,5,2021
2021-07-19,MIN,CHA,3,2,2021
2021-07-19,MIA,WAS,1,18,2021
2021-07-19,CHN,SLN,3,8,2021
2021-07-19,SFN,LAN,7,2,2021
2021-07-19,NYN,CIN,15,11,2021
2021-07-19,PIT,ARI,2,4,2021
2021-07-20,BAL,TBA,3,9,2021
2021-07-20,PHI,NYA,4,6,2021
2021-07-20,CLE,HOU,3,9,2021
2021-07-20,TEX,DET,1,4,2021
2021-07-20,MIN,CHA,5,9,2021
2021-07-20,MIA,WAS,3,6,2021
2021-07-20,ANA,OAK,0,6,2021
2021-07-20,KCA,MIL,5,2,2021
2021-07-20,SFN,LAN,6,8,2021
2021-07-20,SEA,COL,6,4,2021
2021-07-20,NYN,CIN,3,4,2021
2021-07-20,SDN,ATL,1,2,2021
2021-07-20,PIT,ARI,6,11,2021
2021-07-20,CHN,SLN,7,6,2021
2021-07-21,BOS,TOR,7,4,2021
2021-07-21,BAL,TBA,4,5,2021
2021-07-21,PHI,NYA,5,6,2021
2021-07-21,TEX,DET,2,4,2021
2021-07-21,MIN,CHA,7,2,2021
2021-07-21,MIA,WAS,3,1,2021
2021-07-21,CHN,SLN,2,3,2021
2021-07-21,CLE,HOU,5,4,2021
2021-07-21,SFN,LAN,4,2,2021
2021-07-21,SEA,COL,3,6,2021
2021-07-21,NYN,CIN,7,0,2021
2021-07-21,SDN,ATL,6,5,2021
2021-07-21,SDN,ATL,3,2,2021
2021-07-21,PIT,ARI,4,6,2021
2021-07-21,KCA,MIL,6,3,2021
2021-07-22,OAK,SEA,4,1,2021
2021-07-22,ANA,MIN,3,2,2021
2021-07-22,TEX,DET,5,7,2021
2021-07-22,TBA,CLE,5,4,2021
2021-07-22,NYA,BOS,4,5,2021
2021-07-22,ATL,PHI,7,2,2021
2021-07-22,SDN,MIA,3,2,2021
2021-07-22,SFN,LAN,5,3,2021
2021-07-22,CHN,SLN,2,3,2021
2021-07-23,OAK,SEA,3,4,2021
2021-07-23,ANA,MIN,4,5,2021
2021-07-23,DET,KCA,3,5,2021
2021-07-23,TEX,HOU,3,7,2021
2021-07-23,TBA,CLE,10,5,2021
2021-07-23,NYA,BOS,2,6,2021
2021-07-23,PIT,SFN,6,4,2021
2021-07-23,WAS,BAL,1,6,2021
2021-07-23,TOR,NYN,0,3,2021
2021-07-23,CHA,MIL,1,7,2021
2021-07-23,SDN,MIA,5,2,2021
2021-07-23,COL,LAN,9,6,2021
2021-07-23,SLN,CIN,5,6,2021
2021-07-23,ARI,CHN,3,8,2021
2021-07-23,ATL,PHI,1,5,2021
2021-07-24,OAK,SEA,4,5,2021
2021-07-24,ANA,MIN,2,1,2021
2021-07-24,DET,KCA,8,9,2021
2021-07-24,TEX,HOU,1,4,2021
2021-07-24,TBA,CLE,8,2,2021
2021-07-24,NYA,BOS,4,3,2021
2021-07-24,WAS,BAL,3,5,2021
2021-07-24,PIT,SFN,10,2,2021
2021-07-24,ATL,PHI,15,3,2021
2021-07-24,TOR,NYN,10,3,2021
2021-07-24,CHA,MIL,1,6,2021
2021-07-24,SDN,MIA,2,3,2021
2021-07-24,COL,LAN,0,1,2021
2021-07-24,SLN,CIN,3,5,2021
2021-07-24,ARI,CHN,7,3,2021
2021-07-25,ANA,MIN,6,2,2021
2021-07-25,DET,KCA,1,6,2021
2021-07-25,OAK,SEA,3,4,2021
2021-07-25,TBA,CLE,2,3,2021
2021-07-25,NYA,BOS,4,5,2021
2021-07-25,WAS,BAL,4,5,2021
2021-07-25,PIT,SFN,1,6,2021
2021-07-25,TEX,HOU,1,3,2021
2021-07-25,TOR,NYN,4,5,2021
2021-07-25,CHA,MIL,3,1,2021
2021-07-25,SDN,MIA,3,9,2021
2021-07-25,COL,LAN,2,3,2021
2021-07-25,SLN,CIN,10,6,2021
2021-07-25,ARI,CHN,1,5,2021
2021-07-25,ATL,PHI,1,2,2021
2021-07-26,HOU,SEA,8,11,2021
2021-07-26,DET,MIN,5,6,2021
2021-07-26,CHA,KCA,3,4,2021
2021-07-26,TOR,BOS,4,5,2021
2021-07-26,COL,ANA,2,6,2021
2021-07-26,WAS,PHI,5,6,2021
2021-07-26,ATL,NYN,0,1,2021
2021-07-26,ATL,NYN,2,0,2021
2021-07-26,CIN,CHN,5,6,2021
2021-07-27,NYA,TBA,4,3,2021
2021-07-27,HOU,SEA,8,6,2021
2021-07-27,ARI,TEX,4,5,2021
2021-07-27,DET,MIN,6,5,2021
2021-07-27,CHA,KCA,5,3,2021
2021-07-27,SLN,CLE,4,2,2021
2021-07-27,MIA,BAL,7,3,2021
2021-07-27,WAS,PHI,6,4,2021
2021-07-27,LAN,SFN,1,2,2021
2021-07-27,OAK,SDN,4,7,2021
2021-07-27,MIL,PIT,9,0,2021
2021-07-27,ATL,NYN,12,5,2021
2021-07-27,CIN,CHN,7,4,2021
2021-07-27,COL,ANA,12,3,2021
2021-07-28,TOR,BOS,1,4,2021
2021-07-28,ARI,TEX,3,2,2021
2021-07-28,NYA,TBA,3,1,2021
2021-07-28,HOU,SEA,11,4,2021
2021-07-28,CHA,KCA,2,3,2021
2021-07-28,SLN,CLE,2,7,2021
2021-07-28,TOR,BOS,4,1,2021
2021-07-28,DET,MIN,17,14,2021
2021-07-28,COL,ANA,7,8,2021
2021-07-28,LAN,SFN,8,0,2021
2021-07-28,OAK,SDN,10,4,2021
2021-07-28,MIA,BAL,7,8,2021
2021-07-28,MIL,PIT,7,3,2021
2021-07-28,ATL,NYN,1,2,2021
2021-07-28,CIN,CHN,8,2,2021
2021-07-29,NYA,TBA,0,14,2021
2021-07-29,CHA,KCA,0,5,2021
2021-07-29,BAL,DET,2,6,2021
2021-07-29,TOR,BOS,13,1,2021
2021-07-29,OAK,ANA,4,0,2021
2021-07-29,LAN,SFN,0,5,2021
2021-07-29,COL,SDN,0,3,2021
2021-07-29,MIL,PIT,12,0,2021
2021-07-29,WAS,PHI,8,11,2021
2021-07-29,WAS,PHI,3,1,2021
2021-07-29,ATL,NYN,6,3,2021
2021-07-29,CIN,CHN,7,4,2021
2021-07-30,SEA,TEX,9,5,2021
2021-07-30,BOS,TBA,3,7,2021
2021-07-30,BAL,DET,4,3,2021
2021-07-30,CLE,CHA,4,6,2021
2021-07-30,OAK,ANA,2,0,2021
2021-07-30,CHN,WAS,3,4,2021
2021-07-30,MIN,SLN,1,5,2021
2021-07-30,KCA,TOR,4,6,2021
2021-07-30,COL,SDN,9,4,2021
2021-07-30,PHI,PIT,0,7,2021
2021-07-30,CIN,NYN,6,2,2021
2021-07-30,NYA,MIA,3,1,2021
2021-07-30,MIL,ATL,9,5,2021
2021-07-30,LAN,ARI,5,6,2021
2021-07-30,HOU,SFN,9,6,2021
2021-07-31,KCA,TOR,0,4,2021
2021-07-31,BOS,TBA,5,9,2021
2021-07-31,BAL,DET,5,2,2021
2021-07-31,CLE,CHA,12,11,2021
2021-07-31,OAK,ANA,0,1,2021
2021-07-31,CHN,WAS,6,3,2021
2021-07-31,MIN,SLN,8,1,2021
2021-07-31,SEA,TEX,4,5,2021
2021-07-31,COL,SDN,5,3,2021
2021-07-31,PHI,PIT,2,3,2021
2021-07-31,CIN,NYN,4,5,2021
2021-07-31,NYA,MIA,4,2,2021
2021-07-31,MIL,ATL,1,8,2021
2021-07-31,LAN,ARI,8,3,2021
2021-07-31,HOU,SFN,6,8,2021
2021-08-01,KCA,TOR,1,5,2021
2021-08-01,SEA,TEX,3,4,2021
2021-08-01,BOS,TBA,2,3,2021
2021-08-01,BAL,DET,2,6,2021
2021-08-01,CLE,CHA,1,2,2021
2021-08-01,OAK,ANA,8,3,2021
2021-08-01,CHN,WAS,5,6,2021
2021-08-01,COL,SDN,1,8,2021
2021-08-01,HOU,SFN,3,5,2021
2021-08-01,PHI,PIT,15,4,2021
2021-08-01,CIN,NYN,7,1,2021
2021-08-01,NYA,MIA,3,1,2021
2021-08-01,MIL,ATL,2,1,2021
2021-08-01,LAN,ARI,13,0,2021
2021-08-01,MIN,SLN,3,7,2021
2021-08-02,SEA,TBA,8,2,2021
2021-08-02,CLE,TOR,5,2,2021
2021-08-02,ANA,TEX,1,4,2021
2021-08-02,BAL,NYA,7,1,2021
2021-08-02,PHI,WAS,7,5,2021
2021-08-02,PIT,MIL,2,6,2021
2021-08-02,NYN,MIA,3,6,2021
2021-08-02,SFN,ARI,11,8,2021
2021-08-03,CLE,TOR,2,7,2021
2021-08-03,ANA,TEX,11,3,2021
2021-08-03,SEA,TBA,4,2,2021
2021-08-03,SDN,OAK,8,1,2021
2021-08-03,BAL,NYA,1,13,2021
2021-08-03,KCA,CHA,1,7,2021
2021-08-03,PHI,WAS,5,4,2021
2021-08-03,BOS,DET,2,4,2021
2021-08-03,PIT,MIL,8,5,2021
2021-08-03,NYN,MIA,4,5,2021
2021-08-03,HOU,LAN,3,0,2021
2021-08-03,CHN,COL,6,13,2021
2021-08-03,MIN,CIN,7,5,2021
2021-08-03,SFN,ARI,1,3,2021
2021-08-03,ATL,SLN,6,1,2021
2021-08-04,BOS,DET,4,1,2021
2021-08-04,CLE,TOR,6,8,2021
2021-08-04,ANA,TEX,2,1,2021
2021-08-04,SEA,TBA,3,4,2021
2021-08-04,SDN,OAK,4,5,2021
2021-08-04,BAL,NYA,3,10,2021
2021-08-04,KCA,CHA,9,1,2021
2021-08-04,MIN,CIN,5,6,2021
2021-08-04,ATL,SLN,7,4,2021
2021-08-04,PIT,MIL,2,4,2021
2021-08-04,NYN,MIA,5,3,2021
2021-08-04,HOU,LAN,5,7,2021
2021-08-04,CHN,COL,3,2,2021
2021-08-04,SFN,ARI,7,1,2021
2021-08-04,PHI,WAS,9,5,2021
2021-08-05,BOS,DET,1,8,2021
2021-08-05,CLE,TOR,0,3,2021
2021-08-05,ANA,TEX,5,0,2021
2021-08-05,SEA,NYA,3,5,2021
2021-08-05,MIN,HOU,5,3,2021
2021-08-05,KCA,CHA,3,2,2021
2021-08-05,SFN,ARI,5,4,2021
2021-08-05,ATL,SLN,8,4,2021
2021-08-05,NYN,MIA,2,4,2021
2021-08-05,CHN,COL,5,6,2021
2021-08-05,PIT,CIN,4,7,2021
2021-08-05,PHI,WAS,7,6,2021
2021-08-06,BOS,TOR,4,12,2021
2021-08-06,TEX,OAK,1,4,2021
2021-08-06,SEA,NYA,2,3,2021
2021-08-06,MIN,HOU,5,4,2021
2021-08-06,DET,CLE,1,6,2021
2021-08-06,TBA,BAL,10,6,2021
2021-08-06,ARI,SDN,8,5,2021
2021-08-06,KCA,SLN,2,4,2021
2021-08-06,SFN,MIL,1,2,2021
2021-08-06,ANA,LAN,4,3,2021
2021-08-06,MIA,COL,2,14,2021
2021-08-06,PIT,CIN,0,10,2021
2021-08-06,CHA,CHN,8,6,2021
2021-08-06,WAS,ATL,4,8,2021
2021-08-06,NYN,PHI,2,4,2021
2021-08-07,TBA,BAL,12,3,2021
2021-08-07,BOS,TOR,2,1,2021
2021-08-07,BOS,TOR,0,1,2021
2021-08-07,SEA,NYA,4,5,2021
2021-08-07,MIN,HOU,0,4,2021
2021-08-07,DET,CLE,2,1,2021
2021-08-07,KCA,SLN,2,5,2021
2021-08-07,TEX,OAK,3,12,2021
2021-08-07,NYN,PHI,3,5,2021
2021-08-07,SFN,MIL,9,6,2021
2021-08-07,ANA,LAN,3,5,2021
2021-08-07,MIA,COL,4,7,2021
2021-08-07,PIT,CIN,3,11,2021
2021-08-07,ARI,SDN,2,6,2021
2021-08-07,CHA,CHN,4,0,2021
2021-08-07,WAS,ATL,3,2,2021
2021-08-08,BOS,TOR,8,9,2021
2021-08-08,TEX,OAK,3,6,2021
2021-08-08,SEA,NYA,2,0,2021
2021-08-08,MIN,HOU,7,5,2021
2021-08-08,DET,CLE,5,7,2021
2021-08-08,KCA,SLN,6,5,2021
2021-08-08,ARI,SDN,0,2,2021
2021-08-08,TBA,BAL,9,6,2021
2021-08-08,SFN,MIL,5,4,2021
2021-08-08,ANA,LAN,2,8,2021
2021-08-08,MIA,COL,8,13,2021
2021-08-08,PIT,CIN,2,3,2021
2021-08-08,CHA,CHN,9,3,2021
2021-08-08,WAS,ATL,4,5,2021
2021-08-08,NYN,PHI,0,3,2021
2021-08-09,CHA,MIN,11,1,2021
2021-08-09,NYA,KCA,8,6,2021
2021-08-09,MIA,SDN,3,8,2021
2021-08-09,CIN,CLE,3,9,2021
2021-08-10,TOR,ANA,4,0,2021
2021-08-10,TEX,SEA,5,4,2021
2021-08-10,CHA,MIN,3,4,2021
2021-08-10,NYA,KCA,4,8,2021
2021-08-10,COL,HOU,0,5,2021
2021-08-10,OAK,CLE,4,3,2021
2021-08-10,DET,BAL,9,4,2021
2021-08-10,TOR,ANA,3,6,2021
2021-08-10,TBA,BOS,8,4,2021
2021-08-10,MIA,SDN,5,6,2021
2021-08-10,SLN,PIT,4,1,2021
2021-08-10,LAN,PHI,5,0,2021
2021-08-10,WAS,NYN,7,8,2021
2021-08-10,MIL,CHN,6,3,2021
2021-08-10,MIL,CHN,4,2,2021
2021-08-10,CIN,ATL,2,3,2021
2021-08-10,ARI,SFN,7,8,2021
2021-08-11,TEX,SEA,1,2,2021
2021-08-11,NYA,KCA,5,2,2021
2021-08-11,COL,HOU,1,5,2021
2021-08-11,OAK,CLE,6,3,2021
2021-08-11,TBA,BOS,8,20,2021
2021-08-11,DET,BAL,5,2,2021
2021-08-11,CHA,MIN,0,1,2021
2021-08-11,ARI,SFN,2,7,2021
2021-08-11,MIA,SDN,7,0,2021
2021-08-11,SLN,PIT,4,0,2021
2021-08-11,LAN,PHI,8,2,2021
2021-08-11,MIL,CHN,10,0,2021
2021-08-11,CIN,ATL,6,8,2021
2021-08-11,TOR,ANA,10,2,2021
2021-08-12,TEX,SEA,1,3,2021
2021-08-12,OAK,CLE,17,0,2021
2021-08-12,NYA,CHA,8,9,2021
2021-08-12,TBA,BOS,8,1,2021
2021-08-12,DET,BAL,6,4,2021
2021-08-12,TOR,ANA,3,6,2021
2021-08-12,COL,SFN,0,7,2021
2021-08-12,SLN,PIT,7,6,2021
2021-08-12,WAS,NYN,4,5,2021
2021-08-12,WAS,NYN,1,4,2021
2021-08-12,MIL,CHN,17,4,2021
2021-08-12,CIN,ATL,12,3,2021
2021-08-12,SDN,ARI,3,12,2021
2021-08-12,LAN,PHI,1,2,2021
2021-08-13,CLE,DET,7,4,2021
2021-08-13,TOR,SEA,2,3,2021
2021-08-13,TBA,MIN,10,4,2021
2021-08-13,OAK,TEX,6,8,2021
2021-08-13,SLN,KCA,6,0,2021
2021-08-13,BAL,BOS,1,8,2021
2021-08-13,LAN,NYN,6,5,2021
2021-08-13,ATL,WAS,4,2,2021
2021-08-13,COL,SFN,4,5,2021
2021-08-13,CIN,PHI,6,1,2021
2021-08-13,CHN,MIA,10,14,2021
2021-08-13,SDN,ARI,2,3,2021
2021-08-13,HOU,ANA,4,1,2021
2021-08-14,OAK,TEX,8,3,2021
2021-08-14,TOR,SEA,3,9,2021
2021-08-14,TBA,MIN,0,12,2021
2021-08-14,SLN,KCA,9,4,2021
2021-08-14,CLE,DET,4,6,2021
2021-08-14,NYA,CHA,7,5,2021
2021-08-14,BAL,BOS,2,16,2021
2021-08-14,HOU,ANA,8,2,2021
2021-08-14,COL,SFN,4,1,2021
2021-08-14,MIL,PIT,6,0,2021
2021-08-14,MIL,PIT,4,14,2021
2021-08-14,CIN,PHI,1,6,2021
2021-08-14,LAN,NYN,2,1,2021
2021-08-14,CHN,MIA,4,5,2021
2021-08-14,SDN,ARI,0,7,2021
2021-08-14,ATL,WAS,12,2,2021
2021-08-15,BAL,BOS,2,6,2021
2021-08-15,TOR,SEA,8,3,2021
2021-08-15,OAK,TEX,4,7,2021
2021-08-15,SLN,KCA,7,2,2021
2021-08-15,CLE,DET,11,0,2021
2021-08-15,NYA,CHA,5,3,2021
2021-08-15,HOU,ANA,1,3,2021
2021-08-15,TBA,MIN,4,5,2021
2021-08-15,COL,SFN,2,5,2021
2021-08-15,MIL,PIT,2,1,2021
2021-08-15,CIN,PHI,7,4,2021
2021-08-15,LAN,NYN,14,4,2021
2021-08-15,CHN,MIA,1,4,2021
2021-08-15,SDN,ARI,8,2,2021
2021-08-15,ATL,WAS,6,5,2021
2021-08-16,BAL,TBA,2,9,2021
2021-08-16,ANA,NYA,1,2,2021
2021-08-16,CLE,MIN,4,5,2021
2021-08-16,HOU,KCA,6,7,2021
2021-08-16,OAK,CHA,2,5,2021
2021-08-16,ATL,MIA,12,2,2021
2021-08-16,PIT,LAN,1,2,2021
2021-08-16,SDN,COL,5,6,2021
2021-08-16,CHN,CIN,5,14,2021
2021-08-16,NYN,SFN,5,7,2021
2021-08-17,ANA,DET,8,2,2021
2021-08-17,BAL,TBA,0,10,2021
2021-08-17,BOS,NYA,0,2,2021
2021-08-17,SEA,TEX,3,1,2021
2021-08-17,BOS,NYA,3,5,2021
2021-08-17,CLE,MIN,3,1,2021
2021-08-17,HOU,KCA,1,3,2021
2021-08-17,OAK,CHA,0,9,2021
2021-08-17,SDN,COL,3,7,2021
2021-08-17,MIL,SLN,2,0,2021
2021-08-17,NYN,SFN,2,3,2021
2021-08-17,ATL,MIA,2,0,2021
2021-08-17,PIT,LAN,3,4,2021
2021-08-17,CHN,CIN,2,1,2021
2021-08-17,PHI,ARI,2,3,2021
2021-08-17,TOR,WAS,6,12,2021
2021-08-18,ANA,DET,3,1,2021
2021-08-18,BAL,TBA,4,8,2021
2021-08-18,BOS,NYA,2,5,2021
2021-08-18,CLE,MIN,7,8,2021
2021-08-18,SEA,TEX,3,1,2021
2021-08-18,HOU,KCA,2,3,2021
2021-08-18,OAK,CHA,2,3,2021
2021-08-18,PIT,LAN,0,9,2021
2021-08-18,MIL,SLN,6,4,2021
2021-08-18,NYN,SFN,6,2,2021
2021-08-18,ATL,MIA,11,9,2021
2021-08-18,SDN,COL,5,7,2021
2021-08-18,CHN,CIN,7,1,2021
2021-08-18,PHI,ARI,2,4,2021
2021-08-18,TOR,WAS,5,8,2021
2021-08-19,SEA,TEX,9,8,2021
2021-08-19,BAL,TBA,2,7,2021
2021-08-19,MIN,NYA,5,7,2021
2021-08-19,HOU,KCA,6,3,2021
2021-08-19,ANA,DET,13,10,2021
2021-08-19,OAK,CHA,5,4,2021
2021-08-19,MIL,SLN,4,8,2021
2021-08-19,NYN,LAN,1,4,2021
2021-08-19,MIA,CIN,1,6,2021
2021-08-19,PHI,ARI,2,6,2021
2021-08-20,DET,TOR,4,1,2021
2021-08-20,CHA,TBA,7,5,2021
2021-08-20,SFN,OAK,1,4,2021
2021-08-20,MIN,NYA,2,10,2021
2021-08-20,SEA,HOU,3,12,2021
2021-08-20,ANA,CLE,1,9,2021
2021-08-20,TEX,BOS,0,6,2021
2021-08-20,ARI,COL,4,9,2021
2021-08-20,PIT,SLN,4,0,2021
2021-08-20,PHI,SDN,4,3,2021
2021-08-20,WAS,MIL,4,1,2021
2021-08-20,NYN,LAN,2,3,2021
2021-08-20,MIA,CIN,3,5,2021
2021-08-20,KCA,CHN,6,2,2021
2021-08-20,ATL,BAL,3,0,2021
2021-08-21,ANA,CLE,1,5,2021
2021-08-21,DET,TOR,0,3,2021
2021-08-21,CHA,TBA,4,8,2021
2021-08-21,SFN,OAK,6,5,2021
2021-08-21,MIN,NYA,1,7,2021
2021-08-21,SEA,HOU,1,15,2021
2021-08-21,TEX,BOS,10,1,2021
2021-08-21,WAS,MIL,6,9,2021
2021-08-21,PIT,SLN,5,4,2021
2021-08-21,PHI,SDN,3,4,2021
2021-08-21,NYN,LAN,3,4,2021
2021-08-21,ARI,COL,2,5,2021
2021-08-21,MIA,CIN,4,7,2021
2021-08-21,KCA,CHN,4,2,2021
2021-08-21,ATL,BAL,5,4,2021
2021-08-22,DET,TOR,5,3,2021
2021-08-22,CHA,TBA,0,9,2021
2021-08-22,SFN,OAK,2,1,2021
2021-08-22,ANA,CLE,0,3,2021
2021-08-22,ATL,BAL,3,1,2021
2021-08-22,PIT,SLN,0,3,2021
2021-08-22,SEA,HOU,6,3,2021
2021-08-22,WAS,MIL,3,7,2021
2021-08-22,NYN,LAN,7,2,2021
2021-08-22,ARI,COL,8,4,2021
2021-08-22,MIA,CIN,1,3,2021
2021-08-22,KCA,CHN,9,1,2021
2021-08-22,PHI,SDN,7,4,2021
2021-08-23,CHA,TOR,1,2,2021
2021-08-23,SEA,OAK,5,3,2021
2021-08-23,KCA,HOU,7,1,2021
2021-08-23,TEX,BOS,4,8,2021
2021-08-23,COL,CHN,4,6,2021
2021-08-23,NYA,ATL,5,1,2021
2021-08-23,ARI,PIT,5,6,2021
2021-08-24,ANA,BAL,14,8,2021
2021-08-24,CHA,TOR,5,2,2021
2021-08-24,SEA,OAK,5,1,2021
2021-08-24,KCA,HOU,0,4,2021
2021-08-24,TEX,CLE,7,3,2021
2021-08-24,MIN,BOS,9,11,2021
2021-08-24,DET,SLN,4,3,2021
2021-08-24,TBA,PHI,3,1,2021
2021-08-24,ARI,PIT,2,4,2021
2021-08-24,LAN,SDN,5,2,2021
2021-08-24,SFN,NYN,8,0,2021
2021-08-24,CIN,MIL,4,7,2021
2021-08-24,WAS,MIA,5,1,2021
2021-08-24,NYA,ATL,5,4,2021
2021-08-25,KCA,HOU,5,6,2021
2021-08-25,TEX,CLE,2,7,2021
2021-08-25,MIN,BOS,9,6,2021
2021-08-25,ANA,BAL,6,10,2021
2021-08-25,DET,SLN,2,3,2021
2021-08-25,LAN,SDN,5,3,2021
2021-08-25,CHA,TOR,1,3,2021
2021-08-25,TBA,PHI,7,4,2021
2021-08-25,SFN,NYN,3,2,2021
2021-08-25,CIN,MIL,1,4,2021
2021-08-25,WAS,MIA,3,4,2021
2021-08-25,COL,CHN,13,10,2021
2021-08-25,COL,CHN,2,5,2021
2021-08-25,ARI,PIT,5,2,2021
2021-08-26,CHA,TOR,10,7,2021
2021-08-26,KCA,SEA,6,4,2021
2021-08-26,NYA,OAK,7,6,2021
2021-08-26,TEX,CLE,6,10,2021
2021-08-26,MIN,BOS,2,12,2021
2021-08-26,ANA,BAL,1,13,2021
2021-08-26,LAN,SDN,4,0,2021
2021-08-26,ARI,PHI,8,7,2021
2021-08-26,SFN,NYN,3,2,2021
2021-08-26,CIN,MIL,5,1,2021
2021-08-26,WAS,MIA,5,7,2021
2021-08-26,SLN,PIT,7,11,2021
2021-08-27,BOS,CLE,4,3,2021
2021-08-27,KCA,SEA,8,7,2021
2021-08-27,NYA,OAK,8,2,2021
2021-08-27,HOU,TEX,5,4,2021
2021-08-27,MIL,MIN,0,2,2021
2021-08-27,TOR,DET,1,2,2021
2021-08-27,CHN,CHA,13,17,2021
2021-08-27,CIN,MIA,6,0,2021
2021-08-27,SDN,ANA,5,0,2021
2021-08-27,SLN,PIT,4,3,2021
2021-08-27,ARI,PHI,6,7,2021
2021-08-27,WAS,NYN,2,1,2021
2021-08-27,COL,LAN,4,2,2021
2021-08-27,SFN,ATL,5,6,2021
2021-08-27,TBA,BAL,6,3,2021
2021-08-28,HOU,TEX,5,2,2021
2021-08-28,KCA,SEA,4,2,2021
2021-08-28,NYA,OAK,2,3,2021
2021-08-28,MIL,MIN,4,6,2021
2021-08-28,TOR,DET,3,2,2021
2021-08-28,BOS,CLE,5,3,2021
2021-08-28,CHN,CHA,7,0,2021
2021-08-28,TBA,BAL,4,3,2021
2021-08-28,SLN,PIT,13,0,2021
2021-08-28,ARI,PHI,0,7,2021
2021-08-28,WAS,NYN,3,5,2021
2021-08-28,CIN,MIA,1,6,2021
2021-08-28,COL,LAN,2,5,2021
2021-08-28,SFN,ATL,5,0,2021
2021-08-28,SDN,ANA,2,10,2021
2021-08-29,BOS,CLE,5,7,2021
2021-08-29,KCA,SEA,3,4,2021
2021-08-29,HOU,TEX,2,13,2021
2021-08-29,NYA,OAK,1,3,2021
2021-08-29,MIL,MIN,6,2,2021
2021-08-29,TOR,DET,2,1,2021
2021-08-29,CHN,CHA,1,13,2021
2021-08-29,COL,LAN,5,0,2021
2021-08-29,SLN,PIT,3,4,2021
2021-08-29,ARI,PHI,4,7,2021
2021-08-29,WAS,NYN,4,9,2021
2021-08-29,CIN,MIA,1,2,2021
2021-08-29,SFN,ATL,0,9,2021
2021-08-29,TBA,BAL,12,8,2021
2021-08-30,BAL,TOR,3,7,2021
2021-08-30,COL,TEX,3,4,2021
2021-08-30,BOS,TBA,1,6,2021
2021-08-30,HOU,SEA,4,3,2021
2021-08-30,MIN,DET,3,2,2021
2021-08-30,NYA,ANA,7,8,2021
2021-08-30,PHI,WAS,7,4,2021
2021-08-30,MIL,SFN,3,1,2021
2021-08-30,ATL,LAN,3,5,2021
2021-08-30,SLN,CIN,3,1,2021
2021-08-30,SDN,ARI,7,5,2021
2021-08-31,BAL,TOR,4,2,2021
2021-08-31,BOS,TBA,5,8,2021
2021-08-31,HOU,SEA,0,4,2021
2021-08-31,CHN,MIN,3,1,2021
2021-08-31,CLE,KCA,7,2,2021
2021-08-31,OAK,DET,9,3,2021
2021-08-31,COL,TEX,3,4,2021
2021-08-31,NYA,ANA,4,6,2021
2021-08-31,PHI,WAS,12,6,2021
2021-08-31,MIL,SFN,6,2,2021
2021-08-31,MIA,NYN,1,3,2021
2021-08-31,ATL,LAN,2,3,2021
2021-08-31,SDN,ARI,3,0,2021
2021-08-31,PIT,CHA,2,4,2021
2021-09-01,BAL,TOR,4,5,2021
2021-09-01,COL,TEX,9,5,2021
2021-09-01,BOS,TBA,3,2,2021
2021-09-01,CHN,MIN,3,0,2021
2021-09-01,CLE,KCA,5,3,2021
2021-09-01,OAK,DET,6,8,2021
2021-09-01,HOU,SEA,0,1,2021
2021-09-01,NYA,ANA,4,1,2021
2021-09-01,MIL,SFN,5,2,2021
2021-09-01,ATL,LAN,3,4,2021
2021-09-01,SLN,CIN,2,12,2021
2021-09-01,SLN,CIN,5,4,2021
2021-09-01,SDN,ARI,3,8,2021
2021-09-01,PIT,CHA,3,6,2021
2021-09-02,BOS,TBA,4,0,2021
2021-09-02,CLE,KCA,4,2,2021
2021-09-02,OAK,DET,8,6,2021
2021-09-02,PHI,WAS,7,6,2021
2021-09-02,MIL,SFN,1,5,2021
2021-09-02,ATL,COL,6,5,2021
2021-09-02,PIT,CHN,5,6,2021
2021-09-02,MIA,NYN,3,4,2021
2021-09-03,NYN,WAS,6,2,2021
2021-09-03,OAK,TOR,10,11,2021
2021-09-03,BAL,NYA,3,4,2021
2021-09-03,CHA,KCA,2,7,2021
2021-09-03,CLE,BOS,5,8,2021
2021-09-03,TEX,ANA,2,3,2021
2021-09-03,LAN,SFN,2,3,2021
2021-09-03,MIN,TBA,3,5,2021
2021-09-03,SLN,MIL,15,4,2021
2021-09-03,PHI,MIA,3,10,2021
2021-09-03,ATL,COL,3,4,2021
2021-09-03,DET,CIN,15,5,2021
2021-09-03,PIT,CHN,5,6,2021
2021-09-03,SEA,ARI,6,5,2021
2021-09-03,HOU,SDN,6,3,2021
2021-09-04,OAK,TOR,8,10,2021
2021-09-04,MIN,TBA,4,11,2021
2021-09-04,BAL,NYA,4,3,2021
2021-09-04,CHA,KCA,10,7,2021
2021-09-04,CLE,BOS,3,4,2021
2021-09-04,TEX,ANA,1,4,2021
2021-09-04,NYN,WAS,3,4,2021
2021-09-04,NYN,WAS,11,9,2021
2021-09-04,LAN,SFN,6,1,2021
2021-09-04,HOU,SDN,2,10,2021
2021-09-04,SLN,MIL,0,4,2021
2021-09-04,PHI,MIA,2,3,2021
2021-09-04,ATL,COL,6,7,2021
2021-09-04,DET,CIN,4,7,2021
2021-09-04,PIT,CHN,6,7,2021
2021-09-04,SEA,ARI,8,5,2021
2021-09-05,MIN,TBA,6,5,2021
2021-09-05,OAK,TOR,0,8,2021
2021-09-05,CHA,KCA,0,6,2021
2021-09-05,CLE,BOS,11,5,2021
2021-09-05,TEX,ANA,7,3,2021
2021-09-05,NYN,WAS,13,6,2021
2021-09-05,LAN,SFN,4,6,2021
2021-09-05,BAL,NYA,8,7,2021
2021-09-05,SLN,MIL,5,6,2021
2021-09-05,PHI,MIA,4,3,2021
2021-09-05,ATL,COL,9,2,2021
2021-09-05,DET,CIN,4,1,2021
2021-09-05,PIT,CHN,8,11,2021
2021-09-05,SEA,ARI,10,4,2021
2021-09-05,HOU,SDN,3,4,2021
2021-09-06,TOR,NYA,8,0,2021
2021-09-06,SEA,HOU,2,11,2021
2021-09-06,MIN,CLE,5,2,2021
2021-09-06,TBA,BOS,11,10,2021
2021-09-06,KCA,BAL,3,2,2021
2021-09-06,TEX,ANA,4,0,2021
2021-09-06,NYN,WAS,3,4,2021
2021-09-06,LAN,SLN,5,1,2021
2021-09-06,DET,PIT,3,6,2021
2021-09-06,PHI,MIL,12,0,2021
2021-09-06,SFN,COL,10,5,2021
2021-09-06,CIN,CHN,3,4,2021
2021-09-07,TOR,NYA,5,1,2021
2021-09-07,CHA,OAK,6,3,2021
2021-09-07,SEA,HOU,4,5,2021
2021-09-07,MIN,CLE,3,0,2021
2021-09-07,TBA,BOS,12,7,2021
2021-09-07,KCA,BAL,3,7,2021
2021-09-07,LAN,SLN,7,2,2021
2021-09-07,WAS,ATL,5,8,2021
2021-09-07,DET,PIT,2,3,2021
2021-09-07,PHI,MIL,0,10,2021
2021-09-07,NYN,MIA,9,4,2021
2021-09-07,SFN,COL,12,3,2021
2021-09-07,CIN,CHN,4,3,2021
2021-09-07,TEX,ARI,3,1,2021
2021-09-07,ANA,SDN,4,0,2021
2021-09-08,KCA,BAL,8,9,2021
2021-09-08,TOR,NYA,6,3,2021
2021-09-08,SEA,HOU,8,5,2021
2021-09-08,CHA,OAK,1,5,2021
2021-09-08,MIN,CLE,3,0,2021
2021-09-08,TBA,BOS,1,2,2021
2021-09-08,LAN,SLN,4,5,2021
2021-09-08,CIN,CHN,1,4,2021
2021-09-08,DET,PIT,5,1,2021
2021-09-08,TEX,ARI,8,5,2021
2021-09-08,WAS,ATL,4,2,2021
2021-09-08,ANA,SDN,5,8,2021
2021-09-08,NYN,MIA,1,2,2021
2021-09-08,PHI,MIL,3,4,2021
2021-09-08,SFN,COL,7,4,2021
2021-09-09,CHA,OAK,1,3,2021
2021-09-09,TOR,NYA,6,4,2021
2021-09-09,KCA,BAL,6,0,2021
2021-09-09,MIN,CLE,1,4,2021
2021-09-09,COL,PHI,4,3,2021
2021-09-09,NYN,MIA,2,3,2021
2021-09-09,WAS,ATL,6,7,2021
2021-09-09,LAN,SLN,1,2,2021
2021-09-10,MIL,CLE,10,3,2021
2021-09-10,ARI,SEA,4,5,2021
2021-09-10,TEX,OAK,5,10,2021
2021-09-10,KCA,MIN,6,4,2021
2021-09-10,ANA,HOU,5,10,2021
2021-09-10,TBA,DET,4,10,2021
2021-09-10,BOS,CHA,3,4,2021
2021-09-10,WAS,PIT,3,4,2021
2021-09-10,CIN,SLN,4,2,2021
2021-09-10,COL,PHI,11,2,2021
2021-09-10,NYA,NYN,3,10,2021
2021-09-10,SDN,LAN,0,3,2021
2021-09-10,SFN,CHN,6,1,2021
2021-09-10,MIA,ATL,2,6,2021
2021-09-10,TOR,BAL,3,6,2021
2021-09-11,BOS,CHA,9,8,2021
2021-09-11,ARI,SEA,7,3,2021
2021-09-11,TEX,OAK,8,6,2021
2021-09-11,KCA,MIN,2,9,2021
2021-09-11,ANA,HOU,4,2,2021
2021-09-11,TBA,DET,7,2,2021
2021-09-11,TOR,BAL,11,2,2021
2021-09-11,MIL,CLE,3,0,2021
2021-09-11,CIN,SLN,4,6,2021
2021-09-11,WAS,PIT,7,10,2021
2021-09-11,COL,PHI,1,6,2021
2021-09-11,NYA,NYN,8,7,2021
2021-09-11,SDN,LAN,4,5,2021
2021-09-11,SFN,CHN,15,4,2021
2021-09-11,MIA,ATL,6,4,2021
2021-09-11,TOR,BAL,11,10,2021
2021-09-12,ARI,SEA,5,4,2021
2021-09-12,TEX,OAK,4,3,2021
2021-09-12,KCA,MIN,5,3,2021
2021-09-12,TBA,DET,7,8,2021
2021-09-12,MIL,CLE,11,1,2021
2021-09-12,BOS,CHA,1,2,2021
2021-09-12,TOR,BAL,22,7,2021
2021-09-12,ANA,HOU,1,3,2021
2021-09-12,WAS,PIT,6,2,2021
2021-09-12,COL,PHI,5,4,2021
2021-09-12,NYA,NYN,6,7,2021
2021-09-12,SDN,LAN,0,8,2021
2021-09-12,SFN,CHN,6,5,2021
2021-09-12,MIA,ATL,3,5,2021
2021-09-12,CIN,SLN,0,2,2021
2021-09-13,TBA,TOR,1,8,2021
2021-09-13,HOU,TEX,15,1,2021
2021-09-13,BOS,SEA,4,5,2021
2021-09-13,MIN,NYA,5,6,2021
2021-09-13,SDN,SFN,1,9,2021
2021-09-13,SLN,NYN,7,0,2021
2021-09-13,ARI,LAN,1,5,2021
2021-09-13,MIA,WAS,3,0,2021
2021-09-14,MIL,DET,0,1,2021
2021-09-14,TBA,TOR,2,0,2021
2021-09-14,HOU,TEX,1,8,2021
2021-09-14,BOS,SEA,8,4,2021
2021-09-14,CLE,MIN,3,6,2021
2021-09-14,CLE,MIN,3,1,2021
2021-09-14,OAK,KCA,7,10,2021
2021-09-14,ANA,CHA,3,9,2021
2021-09-14,SDN,SFN,1,6,2021
2021-09-14,MIA,WAS,2,8,2021
2021-09-14,NYA,BAL,7,2,2021
2021-09-14,CIN,PIT,5,6,2021
2021-09-14,CHN,PHI,6,3,2021
2021-09-14,SLN,NYN,7,6,2021
2021-09-14,ARI,LAN,4,8,2021
2021-09-14,COL,ATL,5,4,2021
2021-09-15,TBA,TOR,3,6,2021
2021-09-15,HOU,TEX,7,2,2021
2021-09-15,BOS,SEA,9,4,2021
2021-09-15,OAK,KCA,12,10,2021
2021-09-15,MIL,DET,1,4,2021
2021-09-15,ANA,CHA,3,2,2021
2021-09-15,NYA,BAL,4,3,2021
2021-09-15,CLE,MIN,12,3,2021
2021-09-15,SDN,SFN,9,6,2021
2021-09-15,CIN,PIT,4,5,2021
2021-09-15,CHN,PHI,5,6,2021
2021-09-15,SLN,NYN,11,4,2021
2021-09-15,ARI,LAN,3,5,2021
2021-09-15,COL,ATL,3,2,2021
2021-09-15,MIA,WAS,8,6,2021
2021-09-16,HOU,TEX,12,1,2021
2021-09-16,DET,TBA,2,5,2021
2021-09-16,OAK,KCA,7,2,2021
2021-09-16,ANA,CHA,9,3,2021
2021-09-16,NYA,BAL,2,3,2021
2021-09-16,CIN,PIT,1,0,2021
2021-09-16,CHN,PHI,8,17,2021
2021-09-16,SDN,SFN,7,4,2021
2021-09-17,ARI,HOU,3,4,2021
2021-09-17,CHA,TEX,8,0,2021
2021-09-17,DET,TBA,4,7,2021
2021-09-17,CLE,NYA,0,8,2021
2021-09-17,MIN,TOR,7,3,2021
2021-09-17,SEA,KCA,6,2,2021
2021-09-17,BAL,BOS,1,7,2021
2021-09-17,PHI,NYN,4,3,2021
2021-09-17,COL,WAS,9,8,2021
2021-09-17,SDN,SLN,2,8,2021
2021-09-17,ATL,SFN,5,6,2021
2021-09-17,CHN,MIL,5,8,2021
2021-09-17,PIT,MIA,2,1,2021
2021-09-17,LAN,CIN,1,3,2021
2021-09-17,OAK,ANA,5,4,2021
2021-09-18,MIN,TOR,2,6,2021
2021-09-18,CHA,TEX,1,2,2021
2021-09-18,DET,TBA,4,3,2021
2021-09-18,CLE,NYA,11,3,2021
2021-09-18,SEA,KCA,1,8,2021
2021-09-18,ARI,HOU,6,4,2021
2021-09-18,BAL,BOS,3,9,2021
2021-09-18,OAK,ANA,3,1,2021
2021-09-18,SDN,SLN,2,3,2021
2021-09-18,ATL,SFN,0,2,2021
2021-09-18,PHI,NYN,5,3,2021
2021-09-18,CHN,MIL,4,6,2021
2021-09-18,PIT,MIA,6,3,2021
2021-09-18,LAN,CIN,5,1,2021
2021-09-18,COL,WAS,6,0,2021
2021-09-19,ARI,HOU,6,7,2021
2021-09-19,CHA,TEX,7,2,2021
2021-09-19,DET,TBA,2,0,2021
2021-09-19,MIN,TOR,3,5,2021
2021-09-19,CLE,NYA,11,1,2021
2021-09-19,SEA,KCA,7,1,2021
2021-09-19,BAL,BOS,6,8,2021
2021-09-19,CHN,MIL,6,4,2021
2021-09-19,COL,WAS,0,3,2021
2021-09-19,LAN,CIN,8,5,2021
2021-09-19,PIT,MIA,5,6,2021
2021-09-19,OAK,ANA,3,2,2021
2021-09-19,ATL,SFN,3,0,2021
2021-09-19,SDN,SLN,7,8,2021
2021-09-19,PHI,NYN,2,3,2021
2021-09-20,TOR,TBA,4,6,2021
2021-09-20,SEA,OAK,4,2,2021
2021-09-20,TEX,NYA,3,4,2021
2021-09-20,CHA,DET,3,4,2021
2021-09-20,KCA,CLE,7,2,2021
2021-09-20,KCA,CLE,4,2,2021
2021-09-20,BAL,PHI,2,0,2021
2021-09-20,SLN,MIL,5,2,2021
2021-09-20,WAS,MIA,7,8,2021
2021-09-20,PIT,CIN,5,9,2021
2021-09-20,ATL,ARI,11,4,2021
2021-09-20,HOU,ANA,10,0,2021
2021-09-21,HOU,ANA,10,5,2021
2021-09-21,TOR,TBA,4,2,2021
2021-09-21,TEX,NYA,1,7,2021
2021-09-21,CHA,DET,3,5,2021
2021-09-21,KCA,CLE,1,4,2021
2021-09-21,NYN,BOS,3,6,2021
2021-09-21,SFN,SDN,6,5,2021
2021-09-21,SEA,OAK,5,2,2021
2021-09-21,SLN,MIL,2,1,2021
2021-09-21,WAS,MIA,7,1,2021
2021-09-21,LAN,COL,5,4,2021
2021-09-21,PIT,CIN,6,2,2021
2021-09-21,MIN,CHN,9,5,2021
2021-09-21,BAL,PHI,2,3,2021
2021-09-21,ATL,ARI,6,1,2021
2021-09-22,TOR,TBA,1,7,2021
2021-09-22,SEA,OAK,4,1,2021
2021-09-22,TEX,NYA,3,7,2021
2021-09-22,NYN,BOS,5,12,2021
2021-09-22,HOU,ANA,9,5,2021
2021-09-22,SFN,SDN,8,6,2021
2021-09-22,ATL,ARI,9,2,2021
2021-09-22,SLN,MIL,10,2,2021
2021-09-22,WAS,MIA,7,5,2021
2021-09-22,LAN,COL,5,10,2021
2021-09-22,MIN,CHN,5,4,2021
2021-09-22,BAL,PHI,3,4,2021
2021-09-23,SEA,OAK,6,5,2021
2021-09-23,TOR,MIN,2,7,2021
2021-09-23,CHA,CLE,3,5,2021
2021-09-23,CHA,CLE,7,2,2021
2021-09-23,HOU,ANA,2,3,2021
2021-09-23,TEX,BAL,0,3,2021
2021-09-23,PIT,PHI,6,12,2021
2021-09-23,SLN,MIL,8,5,2021
2021-09-23,LAN,COL,7,5,2021
2021-09-23,WAS,CIN,3,2,2021
2021-09-23,SFN,SDN,6,7,2021
2021-09-23,ATL,ARI,4,6,2021
2021-09-24,SEA,ANA,6,5,2021
2021-09-24,MIA,TBA,0,8,2021
2021-09-24,HOU,OAK,2,14,2021
2021-09-24,TOR,MIN,1,3,2021
2021-09-24,KCA,DET,3,1,2021
2021-09-24,CHA,CLE,1,0,2021
2021-09-24,NYA,BOS,8,3,2021
2021-09-24,TEX,BAL,8,5,2021
2021-09-24,ATL,SDN,4,0,2021
2021-09-24,NYN,MIL,1,5,2021
2021-09-24,SFN,COL,7,2,2021
2021-09-24,WAS,CIN,7,8,2021
2021-09-24,SLN,CHN,12,4,2021
2021-09-24,SLN,CHN,8,5,2021
2021-09-24,LAN,ARI,4,2,2021
2021-09-24,PIT,PHI,6,8,2021
2021-09-25,MIA,TBA,3,7,2021
2021-09-25,HOU,OAK,1,2,2021
2021-09-25,TOR,MIN,6,1,2021
2021-09-25,KCA,DET,1,5,2021
2021-09-25,CHA,CLE,0,6,2021
2021-09-25,NYA,BOS,5,3,2021
2021-09-25,TEX,BAL,2,3,2021
2021-09-25,SEA,ANA,1,14,2021
2021-09-25,ATL,SDN,10,8,2021
2021-09-25,PIT,PHI,0,3,2021
2021-09-25,NYN,MIL,1,2,2021
2021-09-25,SFN,COL,7,2,2021
2021-09-25,WAS,CIN,6,7,2021
2021-09-25,SLN,CHN,8,5,2021
2021-09-25,LAN,ARI,2,7,2021
2021-09-26,HOU,OAK,3,4,2021
2021-09-26,TOR,MIN,5,2,2021
2021-09-26,KCA,DET,2,1,2021
2021-09-26,CHA,CLE,5,2,2021
2021-09-26,MIA,TBA,2,3,2021
2021-09-26,TEX,BAL,7,4,2021
2021-09-26,SEA,ANA,5,1,2021
2021-09-26,NYA,BOS,6,3,2021
2021-09-26,PIT,PHI,6,0,2021
2021-09-26,NYN,MIL,4,8,2021
2021-09-26,SFN,COL,6,2,2021
2021-09-26,WAS,CIN,2,9,2021
2021-09-26,SLN,CHN,4,2,2021
2021-09-26,LAN,ARI,3,0,2021
2021-09-26,ATL,SDN,4,3,2021
2021-09-27,OAK,SEA,4,13,2021
2021-09-27,CHA,DET,8,7,2021
2021-09-27,KCA,CLE,3,8,2021
2021-09-27,WAS,COL,5,4,2021
2021-09-27,PIT,CIN,1,13,2021
2021-09-28,ANA,TEX,2,5,2021
2021-09-28,OAK,SEA,2,4,2021
2021-09-28,DET,MIN,2,3,2021
2021-09-28,CLE,KCA,4,6,2021
2021-09-28,NYA,TOR,7,2,2021
2021-09-28,TBA,HOU,3,4,2021
2021-09-28,CIN,CHA,1,7,2021
2021-09-28,BOS,BAL,2,4,2021
2021-09-28,MIA,NYN,1,2,2021
2021-09-28,ARI,SFN,4,6,2021
2021-09-28,CHN,PIT,6,8,2021
2021-09-28,MIA,NYN,2,5,2021
2021-09-28,SDN,LAN,1,2,2021
2021-09-28,WAS,COL,1,3,2021
2021-09-28,PHI,ATL,1,2,2021
2021-09-28,MIL,SLN,2,6,2021
2021-09-29,NYA,TOR,5,6,2021
2021-09-29,ANA,TEX,7,2,2021
2021-09-29,OAK,SEA,2,4,2021
2021-09-29,DET,MIN,2,5,2021
2021-09-29,CLE,KCA,5,10,2021
2021-09-29,CIN,CHA,1,6,2021
2021-09-29,TBA,HOU,7,0,2021
2021-09-29,BOS,BAL,6,0,2021
2021-09-29,ARI,SFN,0,1,2021
2021-09-29,CHN,PIT,3,2,2021
2021-09-29,MIA,NYN,3,2,2021
2021-09-29,SDN,LAN,9,11,2021
2021-09-29,WAS,COL,5,10,2021
2021-09-29,PHI,ATL,2,7,2021
2021-09-29,MIL,SLN,4,0,2021
2021-09-30,NYA,TOR,6,2,2021
2021-09-30,ANA,TEX,6,7,2021
2021-09-30,DET,MIN,10,7,2021
2021-09-30,CLE,KCA,6,1,2021
2021-09-30,TBA,HOU,2,3,2021
2021-09-30,BOS,BAL,2,6,2021
2021-09-30,MIL,SLN,3,4,2021
2021-09-30,ARI,SFN,4,5,2021
2021-09-30,CHN,PIT,9,0,2021
2021-09-30,MIA,NYN,3,12,2021
2021-09-30,SDN,LAN,3,8,2021
2021-09-30,PHI,ATL,3,5,2021
2021-10-01,BAL,TOR,4,6,2021
2021-10-01,ANA,SEA,2,1,2021
2021-10-01,TBA,NYA,4,3,2021
2021-10-01,MIN,KCA,6,11,2021
2021-10-01,OAK,HOU,8,6,2021
2021-10-01,DET,CHA,1,8,2021
2021-10-01,BOS,WAS,4,2,2021
2021-10-01,CLE,TEX,9,6,2021
2021-10-01,SDN,SFN,0,3,2021
2021-10-01,CIN,PIT,2,9,2021
2021-10-01,PHI,MIA,5,0,2021
2021-10-01,MIL,LAN,6,8,2021
2021-10-01,NYN,ATL,4,3,2021
2021-10-01,COL,ARI,9,7,2021
2021-10-01,CHN,SLN,3,4,2021
2021-10-02,BAL,TOR,1,10,2021
2021-10-02,CLE,TEX,2,7,2021
2021-10-02,TBA,NYA,12,2,2021
2021-10-02,MIN,KCA,4,0,2021
2021-10-02,OAK,HOU,4,10,2021
2021-10-02,DET,CHA,4,5,2021
2021-10-02,BOS,WAS,5,3,2021
2021-10-02,ANA,SEA,4,6,2021
2021-10-02,SDN,SFN,3,2,2021
2021-10-02,CIN,PIT,6,8,2021
2021-10-02,PHI,MIA,1,3,2021
2021-10-02,MIL,LAN,3,8,2021
2021-10-02,NYN,ATL,5,6,2021
2021-10-02,COL,ARI,2,11,2021
2021-10-02,CHN,SLN,6,5,2021
2021-10-03,BAL,TOR,4,12,2021
2021-10-03,CLE,TEX,6,0,2021
2021-10-03,ANA,SEA,7,3,2021
2021-10-03,TBA,NYA,0,1,2021
2021-10-03,MIN,KCA,7,3,2021
2021-10-03,OAK,HOU,6,7,2021
2021-10-03,DET,CHA,5,2,2021
2021-10-03,SDN,SFN,4,11,2021
2021-10-03,CHN,SLN,3,2,2021
2021-10-03,CIN,PIT,6,3,2021
2021-10-03,PHI,MIA,4,5,2021
2021-10-03,MIL,LAN,3,10,2021
2021-10-03,NYN,ATL,0,5,2021
2021-10-03,COL,ARI,4,5,2021
2021-10-03,BOS,WAS,7,5,2021
2022-04-07,HOU,ANA,3,1,2022
2022-04-07,CLE,KCA,1,3,2022
2022-04-07,NYN,WAS,5,1,2022
2022-04-07,SDN,ARI,2,4,2022
2022-04-07,MIL,CHN,4,5,2022
2022-04-07,CIN,ATL,6,3,2022
2022-04-07,PIT,SLN,0,9,2022
2022-04-08,TEX,TOR,8,10,2022
2022-04-08,BAL,TBA,1,2,2022
2022-04-08,BOS,NYA,5,6,2022
2022-04-08,SEA,MIN,2,1,2022
2022-04-08,HOU,ANA,13,6,2022
2022-04-08,CHA,DET,4,5,2022
2022-04-08,MIA,SFN,5,6,2022
2022-04-08,OAK,PHI,5,9,2022
2022-04-08,LAN,COL,5,3,2022
2022-04-08,CIN,ATL,6,7,2022
2022-04-08,SDN,ARI,3,0,2022
2022-04-08,NYN,WAS,7,3,2022
2022-04-09,CHA,DET,5,2,2022
2022-04-09,TEX,TOR,3,4,2022
2022-04-09,BAL,TBA,3,5,2022
2022-04-09,BOS,NYA,2,4,2022
2022-04-09,SEA,MIN,4,3,2022
2022-04-09,CLE,KCA,0,1,2022
2022-04-09,HOU,ANA,0,2,2022
2022-04-09,LAN,COL,2,3,2022
2022-04-09,PIT,SLN,2,6,2022
2022-04-09,MIA,SFN,2,1,2022
2022-04-09,OAK,PHI,2,4,2022
2022-04-09,MIL,CHN,0,9,2022
2022-04-09,CIN,ATL,1,2,2022
2022-04-09,SDN,ARI,5,2,2022
2022-04-09,NYN,WAS,5,0,2022
2022-04-10,CHA,DET,10,1,2022
2022-04-10,BAL,TBA,0,8,2022
2022-04-10,TEX,TOR,12,6,2022
2022-04-10,BOS,NYA,4,3,2022
2022-04-10,SEA,MIN,4,10,2022
2022-04-10,CLE,KCA,17,3,2022
2022-04-10,HOU,ANA,4,1,2022
2022-04-10,CIN,ATL,6,3,2022
2022-04-10,PIT,SLN,9,4,2022
2022-04-10,MIA,SFN,2,3,2022
2022-04-10,OAK,PHI,4,1,2022
2022-04-10,LAN,COL,4,9,2022
2022-04-10,MIL,CHN,5,4,2022
2022-04-10,SDN,ARI,10,5,2022
2022-04-10,NYN,WAS,2,4,2022
2022-04-11,COL,TEX,6,4,2022
2022-04-11,OAK,TBA,13,2,2022
2022-04-11,TOR,NYA,3,0,2022
2022-04-11,SEA,MIN,0,4,2022
2022-04-11,CLE,KCA,10,7,2022
2022-04-11,BOS,DET,1,3,2022
2022-04-11,MIA,ANA,2,6,2022
2022-04-11,SDN,SFN,4,2,2022
2022-04-11,NYN,PHI,4,5,2022
2022-04-11,WAS,ATL,11,2,2022
2022-04-11,MIL,BAL,0,2,2022
2022-04-12,MIL,BAL,5,4,2022
2022-04-12,OAK,TBA,8,9,2022
2022-04-12,TOR,NYA,0,4,2022
2022-04-12,LAN,MIN,7,2,2022
2022-04-12,BOS,DET,5,3,2022
2022-04-12,SEA,CHA,2,3,2022
2022-04-12,MIA,ANA,3,4,2022
2022-04-12,COL,TEX,4,1,2022
2022-04-12,SDN,SFN,2,13,2022
2022-04-12,CHN,PIT,2,1,2022
2022-04-12,NYN,PHI,2,0,2022
2022-04-12,CLE,CIN,10,5,2022
2022-04-12,WAS,ATL,4,16,2022
2022-04-12,HOU,ARI,2,1,2022
2022-04-12,KCA,SLN,5,6,2022
2022-04-13,TOR,NYA,6,4,2022
2022-04-13,LAN,MIN,7,0,2022
2022-04-13,BOS,DET,9,7,2022
2022-04-13,SEA,CHA,4,6,2022
2022-04-13,MIL,BAL,4,2,2022
2022-04-13,OAK,TBA,4,2,2022
2022-04-13,CHN,PIT,2,6,2022
2022-04-13,NYN,PHI,9,6,2022
2022-04-13,CLE,CIN,7,3,2022
2022-04-13,WAS,ATL,3,1,2022
2022-04-13,HOU,ARI,2,3,2022
2022-04-13,SDN,SFN,1,2,2022
2022-04-14,ANA,TEX,5,10,2022
2022-04-14,OAK,TBA,6,3,2022
2022-04-14,TOR,NYA,0,3,2022
2022-04-14,DET,KCA,4,2,2022
2022-04-14,SEA,CHA,5,1,2022
2022-04-14,ATL,SDN,1,12,2022
2022-04-14,SLN,MIL,1,5,2022
2022-04-14,PHI,MIA,3,4,2022
2022-04-14,CIN,LAN,3,9,2022
2022-04-14,CHN,COL,5,2,2022
2022-04-14,WAS,PIT,4,9,2022
2022-04-15,TBA,CHA,2,3,2022
2022-04-15,OAK,TOR,1,4,2022
2022-04-15,ANA,TEX,9,6,2022
2022-04-15,HOU,SEA,1,11,2022
2022-04-15,DET,KCA,2,1,2022
2022-04-15,SFN,CLE,4,1,2022
2022-04-15,MIN,BOS,8,4,2022
2022-04-15,PHI,MIA,1,7,2022
2022-04-15,ATL,SDN,5,2,2022
2022-04-15,WAS,PIT,7,2,2022
2022-04-15,ARI,NYN,3,10,2022
2022-04-15,SLN,MIL,10,1,2022
2022-04-15,CIN,LAN,1,3,2022
2022-04-15,CHN,COL,5,6,2022
2022-04-15,NYA,BAL,1,2,2022
2022-04-16,OAK,TOR,7,5,2022
2022-04-16,ANA,TEX,7,2,2022
2022-04-16,HOU,SEA,4,0,2022
2022-04-16,DET,KCA,1,3,2022
2022-04-16,SFN,CLE,4,2,2022
2022-04-16,TBA,CHA,2,3,2022
2022-04-16,MIN,BOS,0,4,2022
2022-04-16,ATL,SDN,5,2,2022
2022-04-16,WAS,PIT,4,6,2022
2022-04-16,ARI,NYN,3,2,2022
2022-04-16,SLN,MIL,2,1,2022
2022-04-16,PHI,MIA,10,3,2022
2022-04-16,CIN,LAN,2,5,2022
2022-04-16,CHN,COL,6,9,2022
2022-04-16,NYA,BAL,5,2,2022
2022-04-17,MIN,BOS,1,8,2022
2022-04-17,OAK,TOR,3,4,2022
2022-04-17,HOU,SEA,2,7,2022
2022-04-17,SFN,CLE,8,1,2022
2022-04-17,TBA,CHA,9,3,2022
2022-04-17,NYA,BAL,0,5,2022
2022-04-17,ANA,TEX,8,3,2022
2022-04-17,WAS,PIT,3,5,2022
2022-04-17,CHN,COL,6,4,2022
2022-04-17,CIN,LAN,1,9,2022
2022-04-17,ATL,SDN,1,2,2022
2022-04-17,SLN,MIL,5,6,2022
2022-04-17,ARI,NYN,0,5,2022
2022-04-17,PHI,MIA,3,11,2022
2022-04-18,BAL,OAK,1,5,2022
2022-04-18,MIN,BOS,8,3,2022
2022-04-18,CIN,SDN,1,4,2022
2022-04-18,ANA,HOU,3,8,2022
2022-04-18,ATL,LAN,4,7,2022
2022-04-18,PHI,COL,1,4,2022
2022-04-18,TBA,CHN,2,4,2022
2022-04-18,PIT,MIL,1,6,2022
2022-04-19,ARI,WAS,0,1,2022
2022-04-19,BAL,OAK,1,2,2022
2022-04-19,MIN,KCA,3,4,2022
2022-04-19,ANA,HOU,7,2,2022
2022-04-19,NYA,DET,4,2,2022
2022-04-19,TOR,BOS,1,2,2022
2022-04-19,TEX,SEA,2,6,2022
2022-04-19,ARI,WAS,1,6,2022
2022-04-19,SFN,NYN,4,5,2022
2022-04-19,SFN,NYN,1,3,2022
2022-04-19,PIT,MIL,2,5,2022
2022-04-19,ATL,LAN,3,1,2022
2022-04-19,PHI,COL,5,6,2022
2022-04-19,TBA,CHN,6,5,2022
2022-04-19,CIN,SDN,2,6,2022
2022-04-19,SLN,MIA,5,1,2022
2022-04-20,CHA,CLE,1,11,2022
2022-04-20,TEX,SEA,2,4,2022
2022-04-20,BAL,OAK,1,0,2022
2022-04-20,MIN,KCA,0,2,2022
2022-04-20,ANA,HOU,6,0,2022
2022-04-20,NYA,DET,5,3,2022
2022-04-20,CHA,CLE,1,2,2022
2022-04-20,TOR,BOS,6,1,2022
2022-04-20,CIN,SDN,0,6,2022
2022-04-20,SFN,NYN,5,2,2022
2022-04-20,PIT,MIL,2,4,2022
2022-04-20,SLN,MIA,2,0,2022
2022-04-20,ATL,LAN,1,5,2022
2022-04-20,PHI,COL,9,6,2022
2022-04-20,TBA,CHN,8,2,2022
2022-04-20,ARI,WAS,11,2,2022
2022-04-21,TEX,SEA,8,6,2022
2022-04-21,BAL,OAK,4,6,2022
2022-04-21,MIN,KCA,1,0,2022
2022-04-21,NYA,DET,0,3,2022
2022-04-21,CHA,CLE,3,6,2022
2022-04-21,TOR,BOS,3,2,2022
2022-04-21,ARI,WAS,4,3,2022
2022-04-21,SFN,NYN,2,6,2022
2022-04-21,SLN,MIA,0,5,2022
2022-04-21,PIT,CHN,4,3,2022
2022-04-22,KCA,SEA,1,4,2022
2022-04-22,BOS,TBA,4,3,2022
2022-04-22,TEX,OAK,8,1,2022
2022-04-22,CLE,NYA,1,4,2022
2022-04-22,CHA,MIN,1,2,2022
2022-04-22,TOR,HOU,4,3,2022
2022-04-22,BAL,ANA,5,3,2022
2022-04-22,MIA,ATL,0,3,2022
2022-04-22,LAN,SDN,6,1,2022
2022-04-22,MIL,PHI,2,4,2022
2022-04-22,SLN,CIN,4,2,2022
2022-04-22,PIT,CHN,4,2,2022
2022-04-22,NYN,ARI,6,5,2022
2022-04-22,SFN,WAS,7,1,2022
2022-04-23,BOS,TBA,2,3,2022
2022-04-23,KCA,SEA,7,13,2022
2022-04-23,TEX,OAK,2,0,2022
2022-04-23,CLE,NYA,4,5,2022
2022-04-23,CHA,MIN,2,9,2022
2022-04-23,TOR,HOU,3,2,2022
2022-04-23,COL,DET,3,2,2022
2022-04-23,COL,DET,0,13,2022
2022-04-23,BAL,ANA,5,4,2022
2022-04-23,LAN,SDN,2,3,2022
2022-04-23,MIL,PHI,5,3,2022
2022-04-23,SLN,CIN,5,0,2022
2022-04-23,PIT,CHN,0,21,2022
2022-04-23,MIA,ATL,9,7,2022
2022-04-23,NYN,ARI,2,5,2022
2022-04-23,SFN,WAS,5,2,2022
2022-04-24,BOS,TBA,2,5,2022
2022-04-24,KCA,SEA,4,5,2022
2022-04-24,TEX,OAK,0,2,2022
2022-04-24,CLE,NYA,2,10,2022
2022-04-24,TOR,HOU,7,8,2022
2022-04-24,COL,DET,6,2,2022
2022-04-24,BAL,ANA,6,7,2022
2022-04-24,CHA,MIN,4,6,2022
2022-04-24,LAN,SDN,10,2,2022
2022-04-24,MIL,PHI,1,0,2022
2022-04-24,SLN,CIN,1,4,2022
2022-04-24,PIT,CHN,4,3,2022
2022-04-24,MIA,ATL,5,4,2022
2022-04-24,NYN,ARI,6,2,2022
2022-04-24,SFN,WAS,12,3,2022
2022-04-25,BOS,TOR,2,6,2022
2022-04-25,HOU,TEX,2,6,2022
2022-04-25,CLE,ANA,0,3,2022
2022-04-25,NYN,SLN,5,2,2022
2022-04-25,SFN,MIL,4,2,2022
2022-04-25,LAN,ARI,4,0,2022
2022-04-25,COL,PHI,2,8,2022
2022-04-26,CLE,ANA,1,4,2022
2022-04-26,BOS,TOR,5,6,2022
2022-04-26,HOU,TEX,5,1,2022
2022-04-26,SEA,TBA,8,4,2022
2022-04-26,BAL,NYA,8,12,2022
2022-04-26,KCA,CHA,6,0,2022
2022-04-26,MIA,WAS,5,2,2022
2022-04-26,DET,MIN,4,5,2022
2022-04-26,OAK,SFN,2,8,2022
2022-04-26,MIL,PIT,12,8,2022
2022-04-26,COL,PHI,3,10,2022
2022-04-26,SDN,CIN,9,6,2022
2022-04-26,CHN,ATL,1,3,2022
2022-04-26,LAN,ARI,3,5,2022
2022-04-26,NYN,SLN,3,0,2022
2022-04-27,BOS,TOR,7,1,2022
2022-04-27,SEA,TBA,2,3,2022
2022-04-27,BAL,NYA,2,5,2022
2022-04-27,DET,MIN,0,5,2022
2022-04-27,KCA,CHA,3,7,2022
2022-04-27,CLE,ANA,5,9,2022
2022-04-27,MIA,WAS,2,1,2022
2022-04-27,HOU,TEX,4,3,2022
2022-04-27,OAK,SFN,1,0,2022
2022-04-27,MIL,PIT,3,1,2022
2022-04-27,COL,PHI,3,7,2022
2022-04-27,SDN,CIN,8,5,2022
2022-04-27,CHN,ATL,6,3,2022
2022-04-27,LAN,ARI,1,3,2022
2022-04-27,NYN,SLN,5,10,2022
2022-04-28,BOS,TOR,0,1,2022
2022-04-28,HOU,TEX,3,2,2022
2022-04-28,SEA,TBA,1,2,2022
2022-04-28,BAL,NYA,5,10,2022
2022-04-28,DET,MIN,1,7,2022
2022-04-28,KCA,CHA,5,2,2022
2022-04-28,CLE,ANA,1,4,2022
2022-04-28,ARI,SLN,3,8,2022
2022-04-28,MIL,PIT,3,2,2022
2022-04-28,COL,PHI,1,7,2022
2022-04-28,SDN,CIN,7,5,2022
2022-04-28,CHN,ATL,1,5,2022
2022-04-28,MIA,WAS,3,2,2022
2022-04-29,ANA,CHA,5,1,2022
2022-04-29,HOU,TOR,11,7,2022
2022-04-29,ATL,TEX,6,3,2022
2022-04-29,MIN,TBA,1,6,2022
2022-04-29,CLE,OAK,9,8,2022
2022-04-29,NYA,KCA,12,2,2022
2022-04-29,BOS,BAL,3,1,2022
2022-04-29,DET,LAN,1,5,2022
2022-04-29,WAS,SFN,14,4,2022
2022-04-29,SDN,PIT,7,3,2022
2022-04-29,PHI,NYN,0,3,2022
2022-04-29,CHN,MIL,1,11,2022
2022-04-29,SEA,MIA,6,8,2022
2022-04-29,ARI,SLN,6,2,2022
2022-04-29,CIN,COL,4,10,2022
2022-04-30,HOU,TOR,1,2,2022
2022-04-30,ATL,TEX,1,3,2022
2022-04-30,MIN,TBA,9,1,2022
2022-04-30,CLE,OAK,3,1,2022
2022-04-30,NYA,KCA,3,0,2022
2022-04-30,ANA,CHA,0,4,2022
2022-04-30,BOS,BAL,1,2,2022
2022-04-30,ARI,SLN,2,0,2022
2022-04-30,WAS,SFN,3,9,2022
2022-04-30,SDN,PIT,6,7,2022
2022-04-30,PHI,NYN,4,1,2022
2022-04-30,CHN,MIL,1,9,2022
2022-04-30,SEA,MIA,1,3,2022
2022-04-30,DET,LAN,5,1,2022
2022-04-30,CIN,COL,3,4,2022
2022-05-01,ATL,TEX,3,7,2022
2022-05-01,MIN,TBA,9,3,2022
2022-05-01,HOU,TOR,2,3,2022
2022-05-01,NYA,KCA,6,4,2022
2022-05-01,ANA,CHA,6,5,2022
2022-05-01,BOS,BAL,5,9,2022
2022-05-01,ARI,SLN,5,7,2022
2022-05-01,CLE,OAK,7,3,2022
2022-05-01,SDN,PIT,5,2,2022
2022-05-01,PHI,NYN,6,10,2022
2022-05-01,CHN,MIL,2,0,2022
2022-05-01,SEA,MIA,7,3,2022
2022-05-01,DET,LAN,3,6,2022
2022-05-01,CIN,COL,1,10,2022
2022-05-01,WAS,SFN,11,5,2022
2022-05-02,NYA,TOR,3,2,2022
2022-05-02,TBA,OAK,6,1,2022
2022-05-02,SEA,HOU,0,3,2022
2022-05-02,ANA,CHA,0,3,2022
2022-05-02,MIN,BAL,2,1,2022
2022-05-02,KCA,SLN,0,1,2022
2022-05-02,ATL,NYN,5,2,2022
2022-05-02,ARI,MIA,5,4,2022
2022-05-03,TBA,OAK,10,7,2022
2022-05-03,SLN,KCA,1,7,2022
2022-05-03,SEA,HOU,0,4,2022
2022-05-03,NYA,TOR,9,1,2022
2022-05-03,ANA,BOS,0,4,2022
2022-05-03,MIN,BAL,7,2,2022
2022-05-03,TEX,PHI,6,4,2022
2022-05-03,ARI,MIA,5,4,2022
2022-05-03,ATL,NYN,4,5,2022
2022-05-03,CIN,MIL,3,6,2022
2022-05-03,SFN,LAN,1,3,2022
2022-05-03,WAS,COL,10,2,2022
2022-05-03,CHA,CHN,3,1,2022
2022-05-03,ATL,NYN,0,3,2022
2022-05-04,SDN,CLE,5,6,2022
2022-05-04,NYA,TOR,1,2,2022
2022-05-04,TBA,OAK,3,0,2022
2022-05-04,SLN,KCA,10,0,2022
2022-05-04,SEA,HOU,2,7,2022
2022-05-04,PIT,DET,7,2,2022
2022-05-04,PIT,DET,2,3,2022
2022-05-04,SDN,CLE,5,4,2022
2022-05-04,CHA,CHN,4,3,2022
2022-05-04,MIN,BAL,4,9,2022
2022-05-04,WAS,COL,2,5,2022
2022-05-04,SFN,LAN,1,9,2022
2022-05-04,ARI,MIA,8,7,2022
2022-05-04,ANA,BOS,10,5,2022
2022-05-04,ATL,NYN,9,2,2022
2022-05-04,CIN,MIL,4,18,2022
2022-05-04,TEX,PHI,2,1,2022
2022-05-05,WAS,COL,7,9,2022
2022-05-05,CIN,MIL,5,10,2022
2022-05-05,NYN,PHI,8,7,2022
2022-05-05,MIA,SDN,1,2,2022
2022-05-05,SLN,SFN,7,1,2022
2022-05-05,MIN,BAL,3,5,2022
2022-05-05,ANA,BOS,8,0,2022
2022-05-05,TOR,CLE,5,6,2022
2022-05-05,DET,HOU,2,3,2022
2022-05-05,TBA,SEA,4,3,2022
2022-05-06,MIA,SDN,2,3,2022
2022-05-06,TBA,SEA,8,7,2022
2022-05-06,OAK,MIN,1,2,2022
2022-05-06,DET,HOU,2,3,2022
2022-05-06,CHA,BOS,4,2,2022
2022-05-06,MIL,ATL,6,3,2022
2022-05-06,SLN,SFN,3,2,2022
2022-05-06,COL,ARI,1,4,2022
2022-05-06,WAS,ANA,0,3,2022
2022-05-07,WAS,ANA,7,3,2022
2022-05-07,OAK,MIN,0,1,2022
2022-05-07,DET,HOU,2,3,2022
2022-05-07,TOR,CLE,2,8,2022
2022-05-07,TOR,CLE,8,3,2022
2022-05-07,CHA,BOS,3,1,2022
2022-05-07,TBA,SEA,8,2,2022
2022-05-07,SLN,SFN,7,13,2022
2022-05-07,PIT,CIN,8,5,2022
2022-05-07,PIT,CIN,2,9,2022
2022-05-07,LAN,CHN,6,2,2022
2022-05-07,LAN,CHN,7,0,2022
2022-05-07,MIL,ATL,2,3,2022
2022-05-07,COL,ARI,4,1,2022
2022-05-07,MIA,SDN,8,0,2022
2022-05-08,TBA,SEA,1,2,2022
2022-05-08,TEX,NYA,4,2,2022
2022-05-08,TEX,NYA,1,2,2022
2022-05-08,OAK,MIN,3,4,2022
2022-05-08,DET,HOU,0,5,2022
2022-05-08,TOR,CLE,3,4,2022
2022-05-08,CHA,BOS,3,2,2022
2022-05-08,KCA,BAL,2,4,2022
2022-05-08,KCA,BAL,6,4,2022
2022-05-08,SLN,SFN,3,4,2022
2022-05-08,MIA,SDN,2,3,2022
2022-05-08,NYN,PHI,6,1,2022
2022-05-08,NYN,PHI,2,3,2022
2022-05-08,PIT,CIN,3,7,2022
2022-05-08,LAN,CHN,7,1,2022
2022-05-08,MIL,ATL,2,9,2022
2022-05-08,COL,ARI,0,4,2022
2022-05-08,WAS,ANA,4,5,2022
2022-05-09,PHI,SEA,9,0,2022
2022-05-09,TEX,NYA,0,1,2022
2022-05-09,OAK,DET,2,0,2022
2022-05-09,CLE,CHA,12,9,2022
2022-05-09,KCA,BAL,1,6,2022
2022-05-09,TBA,ANA,3,11,2022
2022-05-09,CHN,SDN,6,0,2022
2022-05-09,LAN,PIT,1,5,2022
2022-05-09,MIL,CIN,5,10,2022
2022-05-09,MIA,ARI,3,4,2022
2022-05-09,COL,SFN,5,8,2022
2022-05-10,KCA,TEX,4,6,2022
2022-05-10,PHI,SEA,4,5,2022
2022-05-10,TOR,NYA,5,6,2022
2022-05-10,HOU,MIN,5,0,2022
2022-05-10,OAK,DET,4,1,2022
2022-05-10,OAK,DET,0,6,2022
2022-05-10,CLE,CHA,1,4,2022
2022-05-10,TBA,ANA,0,12,2022
2022-05-10,BAL,SLN,5,3,2022
2022-05-10,COL,SFN,2,9,2022
2022-05-10,CHN,SDN,4,5,2022
2022-05-10,LAN,PIT,11,1,2022
2022-05-10,MIL,CIN,5,4,2022
2022-05-10,BOS,ATL,9,4,2022
2022-05-10,MIA,ARI,3,9,2022
2022-05-10,NYN,WAS,4,2,2022
2022-05-11,TBA,ANA,4,2,2022
2022-05-11,PHI,SEA,4,2,2022
2022-05-11,KCA,TEX,8,2,2022
2022-05-11,HOU,MIN,11,3,2022
2022-05-11,OAK,DET,9,0,2022
2022-05-11,NYN,WAS,3,8,2022
2022-05-11,TOR,NYA,3,5,2022
2022-05-11,COL,SFN,1,7,2022
2022-05-11,CHN,SDN,7,5,2022
2022-05-11,LAN,PIT,3,5,2022
2022-05-11,MIL,CIN,11,14,2022
2022-05-11,BOS,ATL,3,5,2022
2022-05-11,MIA,ARI,11,3,2022
2022-05-11,BAL,SLN,1,10,2022
2022-05-12,KCA,TEX,1,3,2022
2022-05-12,HOU,MIN,5,0,2022
2022-05-12,OAK,DET,5,3,2022
2022-05-12,NYA,CHA,15,7,2022
2022-05-12,NYN,WAS,4,1,2022
2022-05-12,BAL,SLN,3,2,2022
2022-05-12,CIN,PIT,4,0,2022
2022-05-12,PHI,LAN,9,7,2022
2022-05-13,TOR,TBA,2,5,2022
2022-05-13,ANA,OAK,2,0,2022
2022-05-13,CLE,MIN,8,12,2022
2022-05-13,BOS,TEX,7,1,2022
2022-05-13,BAL,DET,2,4,2022
2022-05-13,NYA,CHA,10,4,2022
2022-05-13,HOU,WAS,6,1,2022
2022-05-13,PHI,LAN,12,10,2022
2022-05-13,CIN,PIT,8,2,2022
2022-05-13,SEA,NYN,2,1,2022
2022-05-13,MIL,MIA,2,1,2022
2022-05-13,KCA,COL,14,10,2022
2022-05-13,SDN,ATL,11,6,2022
2022-05-13,CHN,ARI,3,4,2022
2022-05-13,SFN,SLN,8,2,2022
2022-05-14,NYA,CHA,2,3,2022
2022-05-14,TOR,TBA,5,1,2022
2022-05-14,ANA,OAK,9,1,2022
2022-05-14,ANA,OAK,3,4,2022
2022-05-14,CLE,MIN,3,2,2022
2022-05-14,BAL,DET,0,3,2022
2022-05-14,BOS,TEX,11,3,2022
2022-05-14,HOU,WAS,6,13,2022
2022-05-14,SEA,NYN,4,5,2022
2022-05-14,CIN,PIT,1,3,2022
2022-05-14,CHN,ARI,4,2,2022
2022-05-14,SDN,ATL,5,6,2022
2022-05-14,SFN,SLN,0,4,2022
2022-05-14,PHI,LAN,8,3,2022
2022-05-14,KCA,COL,4,10,2022
2022-05-14,MIL,MIA,3,9,2022
2022-05-15,TOR,TBA,0,3,2022
2022-05-15,ANA,OAK,4,1,2022
2022-05-15,CLE,MIN,1,3,2022
2022-05-15,BAL,DET,1,5,2022
2022-05-15,NYA,CHA,5,1,2022
2022-05-15,HOU,WAS,8,0,2022
2022-05-15,SFN,SLN,6,15,2022
2022-05-15,BOS,TEX,1,7,2022
2022-05-15,SEA,NYN,8,7,2022
2022-05-15,MIL,MIA,7,3,2022
2022-05-15,PHI,LAN,4,5,2022
2022-05-15,KCA,COL,8,7,2022
2022-05-15,SDN,ATL,7,3,2022
2022-05-15,CHN,ARI,3,2,2022
2022-05-15,CIN,PIT,0,1,2022
2022-05-16,SEA,TOR,2,6,2022
2022-05-16,ANA,TEX,4,7,2022
2022-05-16,DET,TBA,3,2,2022
2022-05-16,MIN,OAK,3,1,2022
2022-05-16,CHA,KCA,5,3,2022
2022-05-16,HOU,BOS,3,6,2022
2022-05-16,WAS,MIA,2,8,2022
2022-05-16,ATL,MIL,0,1,2022
2022-05-16,SFN,COL,7,6,2022
2022-05-16,PIT,CHN,0,9,2022
2022-05-16,NYA,BAL,6,2,2022
2022-05-16,ARI,LAN,4,5,2022
2022-05-17,CHA,KCA,3,0,2022
2022-05-17,MIN,OAK,2,5,2022
2022-05-17,CHA,KCA,1,2,2022
2022-05-17,ARI,LAN,3,12,2022
2022-05-17,ANA,TEX,5,10,2022
2022-05-17,SEA,TOR,0,3,2022
2022-05-17,CIN,CLE,5,4,2022
2022-05-17,DET,TBA,1,8,2022
2022-05-17,HOU,BOS,13,4,2022
2022-05-17,ARI,LAN,6,7,2022
2022-05-17,SDN,PHI,3,0,2022
2022-05-17,SLN,NYN,4,3,2022
2022-05-17,SLN,NYN,1,3,2022
2022-05-17,ATL,MIL,3,0,2022
2022-05-17,WAS,MIA,1,5,2022
2022-05-17,SFN,COL,10,7,2022
2022-05-17,PIT,CHN,0,7,2022
2022-05-17,NYA,BAL,5,4,2022
2022-05-18,SEA,TOR,5,1,2022
2022-05-18,ANA,TEX,5,6,2022
2022-05-18,DET,TBA,1,6,2022
2022-05-18,MIN,OAK,14,4,2022
2022-05-18,CHA,KCA,2,6,2022
2022-05-18,HOU,BOS,1,5,2022
2022-05-18,NYA,BAL,3,2,2022
2022-05-18,ATL,MIL,6,7,2022
2022-05-18,SLN,NYN,4,11,2022
2022-05-18,WAS,MIA,5,4,2022
2022-05-18,ARI,LAN,3,5,2022
2022-05-18,SFN,COL,3,5,2022
2022-05-18,PIT,CHN,3,2,2022
2022-05-18,SDN,PHI,0,3,2022
2022-05-19,CIN,CLE,4,2,2022
2022-05-19,TEX,HOU,1,5,2022
2022-05-19,CHA,KCA,7,4,2022
2022-05-19,SEA,BOS,6,12,2022
2022-05-19,SDN,PHI,2,0,2022
2022-05-19,SLN,NYN,6,7,2022
2022-05-19,ARI,CHN,3,1,2022
2022-05-19,NYA,BAL,6,9,2022
2022-05-20,CIN,TOR,1,2,2022
2022-05-20,MIN,KCA,6,4,2022
2022-05-20,TEX,HOU,3,0,2022
2022-05-20,DET,CLE,1,6,2022
2022-05-20,SEA,BOS,3,7,2022
2022-05-20,OAK,ANA,4,2,2022
2022-05-20,TBA,BAL,6,8,2022
2022-05-20,SLN,PIT,5,3,2022
2022-05-20,LAN,PHI,4,1,2022
2022-05-20,WAS,MIL,0,7,2022
2022-05-20,ATL,MIA,5,3,2022
2022-05-20,ARI,CHN,10,6,2022
2022-05-20,SDN,SFN,8,7,2022
2022-05-21,TBA,BAL,6,1,2022
2022-05-21,CIN,TOR,1,3,2022
2022-05-21,CHA,NYA,5,7,2022
2022-05-21,MIN,KCA,9,2,2022
2022-05-21,TEX,HOU,1,2,2022
2022-05-21,SEA,BOS,5,6,2022
2022-05-21,OAK,ANA,3,5,2022
2022-05-21,NYN,COL,3,11,2022
2022-05-21,SLN,PIT,5,4,2022
2022-05-21,LAN,PHI,7,4,2022
2022-05-21,WAS,MIL,1,5,2022
2022-05-21,ATL,MIA,4,3,2022
2022-05-21,NYN,COL,5,1,2022
2022-05-21,ARI,CHN,7,6,2022
2022-05-21,SDN,SFN,2,1,2022
2022-05-22,SEA,BOS,4,8,2022
2022-05-22,CHA,NYA,5,0,2022
2022-05-22,CIN,TOR,3,2,2022
2022-05-22,CHA,NYA,3,1,2022
2022-05-22,MIN,KCA,7,6,2022
2022-05-22,TEX,HOU,2,5,2022
2022-05-22,DET,CLE,4,2,2022
2022-05-22,TBA,BAL,6,7,2022
2022-05-22,NYN,COL,2,0,2022
2022-05-22,SDN,SFN,10,1,2022
2022-05-22,SLN,PIT,18,4,2022
2022-05-22,LAN,PHI,3,4,2022
2022-05-22,WAS,MIL,8,2,2022
2022-05-22,ATL,MIA,3,4,2022
2022-05-22,ARI,CHN,4,5,2022
2022-05-22,OAK,ANA,1,4,2022
2022-05-23,OAK,SEA,6,7,2022
2022-05-23,BAL,NYA,6,4,2022
2022-05-23,DET,MIN,4,5,2022
2022-05-23,CLE,HOU,6,1,2022
2022-05-23,LAN,WAS,10,1,2022
2022-05-23,TOR,SLN,3,7,2022
2022-05-23,NYN,SFN,13,3,2022
2022-05-23,COL,PIT,1,2,2022
2022-05-23,CHN,CIN,7,4,2022
2022-05-23,PHI,ATL,7,3,2022
2022-05-23,KCA,ARI,5,9,2022
2022-05-23,MIL,SDN,2,3,2022
2022-05-24,MIA,TBA,0,4,2022
2022-05-24,OAK,SEA,7,5,2022
2022-05-24,BAL,NYA,6,7,2022
2022-05-24,DET,MIN,0,2,2022
2022-05-24,CLE,HOU,3,7,2022
2022-05-24,BOS,CHA,16,3,2022
2022-05-24,TEX,ANA,3,5,2022
2022-05-24,LAN,WAS,9,4,2022
2022-05-24,NYN,SFN,12,13,2022
2022-05-24,MIL,SDN,4,1,2022
2022-05-24,COL,PIT,2,1,2022
2022-05-24,CHN,CIN,11,4,2022
2022-05-24,PHI,ATL,5,6,2022
2022-05-24,KCA,ARI,6,8,2022
2022-05-24,TOR,SLN,8,1,2022
2022-05-25,MIA,TBA,4,5,2022
2022-05-25,BAL,NYA,0,2,2022
2022-05-25,DET,MIN,4,2,2022
2022-05-25,CLE,HOU,1,2,2022
2022-05-25,BOS,CHA,1,3,2022
2022-05-25,TEX,ANA,7,2,2022
2022-05-25,OAK,SEA,4,2,2022
2022-05-25,NYN,SFN,3,9,2022
2022-05-25,MIL,SDN,2,1,2022
2022-05-25,COL,PIT,5,10,2022
2022-05-25,CHN,CIN,3,4,2022
2022-05-25,PHI,ATL,4,8,2022
2022-05-25,LAN,WAS,0,1,2022
2022-05-26,NYA,TBA,7,2,2022
2022-05-26,TEX,OAK,4,1,2022
2022-05-26,KCA,MIN,3,2,2022
2022-05-26,CLE,DET,3,4,2022
2022-05-26,BOS,CHA,16,7,2022
2022-05-26,TOR,ANA,6,3,2022
2022-05-26,MIL,SLN,4,3,2022
2022-05-26,CHN,CIN,5,20,2022
2022-05-26,PHI,ATL,4,1,2022
2022-05-26,LAN,ARI,14,1,2022
2022-05-26,COL,WAS,3,7,2022
2022-05-27,BAL,BOS,12,8,2022
2022-05-27,HOU,SEA,1,6,2022
2022-05-27,TEX,OAK,8,5,2022
2022-05-27,NYA,TBA,2,0,2022
2022-05-27,KCA,MIN,7,10,2022
2022-05-27,TOR,ANA,4,3,2022
2022-05-27,SFN,CIN,1,5,2022
2022-05-27,PIT,SDN,3,4,2022
2022-05-27,PHI,NYN,6,8,2022
2022-05-27,MIA,ATL,4,6,2022
2022-05-27,LAN,ARI,6,4,2022
2022-05-27,MIL,SLN,2,4,2022
2022-05-28,NYA,TBA,1,3,2022
2022-05-28,HOU,SEA,0,6,2022
2022-05-28,TEX,OAK,11,4,2022
2022-05-28,KCA,MIN,7,3,2022
2022-05-28,CLE,DET,8,1,2022
2022-05-28,CHN,CHA,5,1,2022
2022-05-28,BAL,BOS,4,2,2022
2022-05-28,TOR,ANA,6,5,2022
2022-05-28,BAL,BOS,3,5,2022
2022-05-28,COL,WAS,7,13,2022
2022-05-28,MIL,SLN,3,8,2022
2022-05-28,PIT,SDN,4,2,2022
2022-05-28,PHI,NYN,2,8,2022
2022-05-28,SFN,CIN,2,3,2022
2022-05-28,MIA,ATL,4,1,2022
2022-05-28,LAN,ARI,3,2,2022
2022-05-28,COL,WAS,3,2,2022
2022-05-29,NYA,TBA,2,4,2022
2022-05-29,HOU,SEA,2,1,2022
2022-05-29,TEX,OAK,5,6,2022
2022-05-29,KCA,MIN,3,7,2022
2022-05-29,CLE,DET,1,2,2022
2022-05-29,CHN,CHA,4,5,2022
2022-05-29,TOR,ANA,11,10,2022
2022-05-29,BAL,BOS,2,12,2022
2022-05-29,MIL,SLN,8,0,2022
2022-05-29,PIT,SDN,2,4,2022
2022-05-29,PHI,NYN,4,5,2022
2022-05-29,SFN,CIN,6,4,2022
2022-05-29,MIA,ATL,3,6,2022
2022-05-29,LAN,ARI,3,1,2022
2022-05-29,COL,WAS,5,6,2022
2022-05-30,TBA,TEX,5,9,2022
2022-05-30,HOU,OAK,5,1,2022
2022-05-30,MIN,DET,5,7,2022
2022-05-30,KCA,CLE,3,7,2022
2022-05-30,BAL,BOS,10,0,2022
2022-05-30,SDN,SLN,3,6,2022
2022-05-30,SFN,PHI,5,4,2022
2022-05-30,WAS,NYN,5,13,2022
2022-05-30,PIT,LAN,6,5,2022
2022-05-30,MIA,COL,1,7,2022
2022-05-30,MIL,CHN,3,1,2022
2022-05-30,MIL,CHN,7,6,2022
2022-05-30,ATL,ARI,2,6,2022
2022-05-31,TBA,TEX,0,3,2022
2022-05-31,HOU,OAK,3,1,2022
2022-05-31,ANA,NYA,1,9,2022
2022-05-31,MIN,DET,0,4,2022
2022-05-31,MIN,DET,8,2,2022
2022-05-31,KCA,CLE,3,8,2022
2022-05-31,CIN,BOS,2,1,2022
2022-05-31,CHA,TOR,5,6,2022
2022-05-31,SDN,SLN,2,3,2022
2022-05-31,SFN,PHI,7,4,2022
2022-05-31,WAS,NYN,0,10,2022
2022-05-31,PIT,LAN,5,3,2022
2022-05-31,MIL,CHN,7,8,2022
2022-05-31,ATL,ARI,7,8,2022
2022-05-31,SEA,BAL,10,0,2022
2022-06-01,CHA,TOR,3,7,2022
2022-06-01,HOU,OAK,5,4,2022
2022-06-01,MIN,DET,0,5,2022
2022-06-01,KCA,CLE,0,4,2022
2022-06-01,CIN,BOS,1,7,2022
2022-06-01,SEA,BAL,2,9,2022
2022-06-01,SDN,SLN,2,5,2022
2022-06-01,TBA,TEX,4,3,2022
2022-06-01,WAS,NYN,0,5,2022
2022-06-01,PIT,LAN,8,4,2022
2022-06-01,MIA,COL,12,13,2022
2022-06-01,MIA,COL,14,1,2022
2022-06-01,MIL,CHN,3,4,2022
2022-06-01,ATL,ARI,6,0,2022
2022-06-01,SFN,PHI,5,6,2022
2022-06-02,CHA,TOR,3,8,2022
2022-06-02,TBA,TEX,3,1,2022
2022-06-02,ANA,NYA,1,2,2022
2022-06-02,ANA,NYA,1,6,2022
2022-06-02,MIN,DET,2,3,2022
2022-06-02,SEA,BAL,7,6,2022
2022-06-02,SDN,MIL,4,5,2022
2022-06-02,NYN,LAN,0,2,2022
2022-06-02,ATL,COL,13,6,2022
2022-06-02,WAS,CIN,1,8,2022
2022-06-02,SLN,CHN,5,7,2022
2022-06-02,SFN,MIA,0,3,2022
2022-06-03,HOU,KCA,10,3,2022
2022-06-03,MIN,TOR,9,3,2022
2022-06-03,SEA,TEX,4,3,2022
2022-06-03,CHA,TBA,3,6,2022
2022-06-03,BOS,OAK,7,2,2022
2022-06-03,DET,NYA,0,13,2022
2022-06-03,CLE,BAL,6,3,2022
2022-06-03,WAS,CIN,8,5,2022
2022-06-03,ANA,PHI,0,10,2022
2022-06-03,SDN,MIL,7,0,2022
2022-06-03,SFN,MIA,15,6,2022
2022-06-03,NYN,LAN,1,6,2022
2022-06-03,ATL,COL,3,1,2022
2022-06-03,ARI,PIT,8,6,2022
2022-06-03,SLN,CHN,14,5,2022
2022-06-04,MIN,TOR,3,12,2022
2022-06-04,SEA,TEX,2,3,2022
2022-06-04,CHA,TBA,3,2,2022
2022-06-04,DET,NYA,0,3,2022
2022-06-04,HOU,KCA,0,6,2022
2022-06-04,CLE,BAL,4,5,2022
2022-06-04,ARI,PIT,1,2,2022
2022-06-04,BOS,OAK,8,0,2022
2022-06-04,SDN,MIL,4,0,2022
2022-06-04,SFN,MIA,4,5,2022
2022-06-04,NYN,LAN,9,4,2022
2022-06-04,ATL,COL,6,2,2022
2022-06-04,WAS,CIN,10,8,2022
2022-06-04,SLN,CHN,7,4,2022
2022-06-04,SLN,CHN,1,6,2022
2022-06-04,ANA,PHI,2,7,2022
2022-06-05,MIN,TOR,8,6,2022
2022-06-05,SEA,TEX,6,5,2022
2022-06-05,CHA,TBA,6,5,2022
2022-06-05,BOS,OAK,5,2,2022
2022-06-05,DET,NYA,4,5,2022
2022-06-05,HOU,KCA,7,4,2022
2022-06-05,CLE,BAL,3,2,2022
2022-06-05,SFN,MIA,5,1,2022
2022-06-05,ANA,PHI,7,9,2022
2022-06-05,SDN,MIL,6,4,2022
2022-06-05,NYN,LAN,5,4,2022
2022-06-05,ATL,COL,8,7,2022
2022-06-05,WAS,CIN,5,4,2022
2022-06-05,SLN,CHN,5,3,2022
2022-06-05,ARI,PIT,0,3,2022
2022-06-06,TOR,KCA,8,0,2022
2022-06-06,SEA,HOU,7,4,2022
2022-06-06,ARI,CIN,0,7,2022
2022-06-06,NYN,SDN,11,5,2022
2022-06-06,BOS,ANA,1,0,2022
2022-06-07,SLN,TBA,2,4,2022
2022-06-07,NYA,MIN,10,4,2022
2022-06-07,TOR,KCA,7,0,2022
2022-06-07,SEA,HOU,1,4,2022
2022-06-07,TEX,CLE,6,3,2022
2022-06-07,LAN,CHA,0,4,2022
2022-06-07,CHN,BAL,3,9,2022
2022-06-07,TEX,CLE,3,6,2022
2022-06-07,COL,SFN,5,3,2022
2022-06-07,NYN,SDN,0,7,2022
2022-06-07,DET,PIT,5,3,2022
2022-06-07,PHI,MIL,3,2,2022
2022-06-07,WAS,MIA,2,12,2022
2022-06-07,ARI,CIN,8,14,2022
2022-06-07,OAK,ATL,2,3,2022
2022-06-07,BOS,ANA,6,5,2022
2022-06-08,LAN,CHA,4,1,2022
2022-06-08,SLN,TBA,3,11,2022
2022-06-08,NYA,MIN,1,8,2022
2022-06-08,TOR,KCA,4,8,2022
2022-06-08,SEA,HOU,6,3,2022
2022-06-08,TEX,CLE,0,4,2022
2022-06-08,BOS,ANA,1,0,2022
2022-06-08,OAK,ATL,2,13,2022
2022-06-08,NYN,SDN,2,13,2022
2022-06-08,DET,PIT,3,1,2022
2022-06-08,PHI,MIL,10,0,2022
2022-06-08,WAS,MIA,1,2,2022
2022-06-08,ARI,CIN,7,0,2022
2022-06-08,COL,SFN,1,2,2022
2022-06-09,OAK,CLE,4,8,2022
2022-06-09,SLN,TBA,1,2,2022
2022-06-09,NYA,MIN,10,7,2022
2022-06-09,BAL,KCA,5,7,2022
2022-06-09,LAN,CHA,11,9,2022
2022-06-09,PIT,ATL,1,3,2022
2022-06-09,COL,SFN,4,2,2022
2022-06-09,PHI,MIL,8,3,2022
2022-06-09,WAS,MIA,4,7,2022
2022-06-09,ARI,CIN,5,4,2022
2022-06-09,BOS,ANA,2,5,2022
2022-06-10,BOS,SEA,4,3,2022
2022-06-10,CHN,NYA,1,2,2022
2022-06-10,TBA,MIN,4,9,2022
2022-06-10,BAL,KCA,1,8,2022
2022-06-10,MIA,HOU,7,4,2022
2022-06-10,TOR,DET,10,1,2022
2022-06-10,TEX,CHA,3,8,2022
2022-06-10,OAK,CLE,2,3,2022
2022-06-10,MIL,WAS,5,11,2022
2022-06-10,CIN,SLN,0,2,2022
2022-06-10,LAN,SFN,2,7,2022
2022-06-10,COL,SDN,0,9,2022
2022-06-10,ARI,PHI,5,7,2022
2022-06-10,PIT,ATL,2,4,2022
2022-06-10,NYN,ANA,7,3,2022
2022-06-11,OAK,CLE,10,5,2022
2022-06-11,BOS,SEA,6,7,2022
2022-06-11,TBA,MIN,5,6,2022
2022-06-11,BAL,KCA,6,4,2022
2022-06-11,MIA,HOU,5,1,2022
2022-06-11,TOR,DET,1,3,2022
2022-06-11,TEX,CHA,11,9,2022
2022-06-11,CHN,NYA,0,8,2022
2022-06-11,MIL,WAS,6,8,2022
2022-06-11,CIN,SLN,4,5,2022
2022-06-11,LAN,SFN,2,3,2022
2022-06-11,COL,SDN,6,2,2022
2022-06-11,COL,SDN,1,2,2022
2022-06-11,ARI,PHI,0,4,2022
2022-06-11,PIT,ATL,4,10,2022
2022-06-11,NYN,ANA,6,11,2022
2022-06-12,BOS,SEA,2,0,2022
2022-06-12,CHN,NYA,4,18,2022
2022-06-12,BAL,KCA,10,7,2022
2022-06-12,MIA,HOU,4,9,2022
2022-06-12,TOR,DET,6,0,2022
2022-06-12,OAK,CLE,3,6,2022
2022-06-12,TEX,CHA,8,6,2022
2022-06-12,TBA,MIN,6,0,2022
2022-06-12,MIL,WAS,4,1,2022
2022-06-12,CIN,SLN,7,6,2022
2022-06-12,LAN,SFN,0,2,2022
2022-06-12,COL,SDN,4,2,2022
2022-06-12,ARI,PHI,13,1,2022
2022-06-12,PIT,ATL,3,5,2022
2022-06-12,NYN,ANA,4,1,2022
2022-06-13,BAL,TOR,1,11,2022
2022-06-13,HOU,TEX,3,5,2022
2022-06-13,MIN,SEA,3,2,2022
2022-06-13,CHA,DET,9,5,2022
2022-06-13,ATL,WAS,9,5,2022
2022-06-13,KCA,SFN,2,6,2022
2022-06-13,MIA,PHI,2,3,2022
2022-06-13,SDN,CHN,4,1,2022
2022-06-13,CIN,ARI,5,4,2022
2022-06-13,PIT,SLN,5,7,2022
2022-06-14,ATL,WAS,10,4,2022
2022-06-14,BAL,TOR,6,5,2022
2022-06-14,HOU,TEX,4,3,2022
2022-06-14,MIN,SEA,0,5,2022
2022-06-14,TBA,NYA,0,2,2022
2022-06-14,CHA,DET,5,1,2022
2022-06-14,OAK,BOS,1,6,2022
2022-06-14,PIT,SLN,1,9,2022
2022-06-14,SDN,CHN,12,5,2022
2022-06-14,KCA,SFN,2,4,2022
2022-06-14,MIA,PHI,11,9,2022
2022-06-14,MIL,NYN,0,4,2022
2022-06-14,ANA,LAN,0,2,2022
2022-06-14,CLE,COL,4,3,2022
2022-06-14,PIT,SLN,1,3,2022
2022-06-14,CIN,ARI,5,3,2022
2022-06-15,BAL,TOR,6,7,2022
2022-06-15,HOU,TEX,9,2,2022
2022-06-15,TBA,NYA,3,4,2022
2022-06-15,CHA,DET,13,0,2022
2022-06-15,OAK,BOS,1,10,2022
2022-06-15,ATL,WAS,8,2,2022
2022-06-15,PIT,SLN,6,4,2022
2022-06-15,MIN,SEA,5,0,2022
2022-06-15,MIA,PHI,1,3,2022
2022-06-15,MIL,NYN,10,2,2022
2022-06-15,ANA,LAN,1,4,2022
2022-06-15,CLE,COL,7,5,2022
2022-06-15,SDN,CHN,19,5,2022
2022-06-15,CIN,ARI,4,7,2022
2022-06-15,KCA,SFN,3,2,2022
2022-06-16,BAL,TOR,10,2,2022
2022-06-16,ANA,SEA,4,1,2022
2022-06-16,TBA,NYA,1,2,2022
2022-06-16,TEX,DET,3,1,2022
2022-06-16,OAK,BOS,4,3,2022
2022-06-16,MIL,NYN,4,5,2022
2022-06-16,CLE,COL,4,2,2022
2022-06-16,SDN,CHN,6,4,2022
2022-06-16,PHI,WAS,10,1,2022
2022-06-17,TBA,BAL,0,1,2022
2022-06-17,NYA,TOR,12,3,2022
2022-06-17,ANA,SEA,1,8,2022
2022-06-17,KCA,OAK,5,1,2022
2022-06-17,CHA,HOU,3,13,2022
2022-06-17,TEX,DET,7,0,2022
2022-06-17,SLN,BOS,5,6,2022
2022-06-17,PHI,WAS,8,7,2022
2022-06-17,SDN,COL,4,10,2022
2022-06-17,SFN,PIT,2,0,2022
2022-06-17,MIA,NYN,4,10,2022
2022-06-17,CLE,LAN,2,1,2022
2022-06-17,MIL,CIN,5,4,2022
2022-06-17,ATL,CHN,0,1,2022
2022-06-17,MIN,ARI,2,7,2022
2022-06-17,PHI,WAS,5,3,2022
2022-06-18,NYA,TOR,4,0,2022
2022-06-18,ANA,SEA,3,0,2022
2022-06-18,ANA,SEA,4,2,2022
2022-06-18,KCA,OAK,2,0,2022
2022-06-18,CHA,HOU,7,0,2022
2022-06-18,TEX,DET,7,14,2022
2022-06-18,SLN,BOS,11,2,2022
2022-06-18,TBA,BAL,7,6,2022
2022-06-18,PHI,WAS,2,1,2022
2022-06-18,MIA,NYN,2,3,2022
2022-06-18,CLE,LAN,1,7,2022
2022-06-18,SDN,COL,4,5,2022
2022-06-18,MIL,CIN,7,3,2022
2022-06-18,ATL,CHN,3,6,2022
2022-06-18,MIN,ARI,11,1,2022
2022-06-18,SFN,PIT,7,5,2022
2022-06-19,SLN,BOS,4,6,2022
2022-06-19,ANA,SEA,4,0,2022
2022-06-19,KCA,OAK,0,4,2022
2022-06-19,CHA,HOU,3,4,2022
2022-06-19,NYA,TOR,9,10,2022
2022-06-19,TEX,DET,3,7,2022
2022-06-19,TBA,BAL,1,2,2022
2022-06-19,SDN,COL,3,8,2022
2022-06-19,SFN,PIT,3,4,2022
2022-06-19,MIA,NYN,6,2,2022
2022-06-19,CLE,LAN,5,3,2022
2022-06-19,MIL,CIN,6,3,2022
2022-06-19,ATL,CHN,6,0,2022
2022-06-19,MIN,ARI,1,7,2022
2022-06-19,PHI,WAS,3,9,2022
2022-06-20,NYA,TBA,4,2,2022
2022-06-20,TOR,CHA,7,8,2022
2022-06-20,DET,BOS,2,5,2022
2022-06-20,KCA,ANA,6,2,2022
2022-06-20,ARI,SDN,1,4,2022
2022-06-20,CHN,PIT,1,12,2022
2022-06-20,MIA,NYN,0,6,2022
2022-06-20,SLN,MIL,0,2,2022
2022-06-20,SFN,ATL,1,2,2022
2022-06-21,PHI,TEX,0,7,2022
2022-06-21,NYA,TBA,4,5,2022
2022-06-21,SEA,OAK,8,2,2022
2022-06-21,CLE,MIN,6,5,2022
2022-06-21,NYN,HOU,2,8,2022
2022-06-21,TOR,CHA,6,7,2022
2022-06-21,DET,BOS,4,5,2022
2022-06-21,COL,MIA,8,9,2022
2022-06-21,KCA,ANA,12,11,2022
2022-06-21,ARI,SDN,2,3,2022
2022-06-21,CHN,PIT,1,7,2022
2022-06-21,SLN,MIL,6,2,2022
2022-06-21,LAN,CIN,8,2,2022
2022-06-21,SFN,ATL,12,10,2022
2022-06-21,WAS,BAL,3,0,2022
2022-06-22,TOR,CHA,9,5,2022
2022-06-22,PHI,TEX,2,4,2022
2022-06-22,NYA,TBA,5,4,2022
2022-06-22,SEA,OAK,9,0,2022
2022-06-22,CLE,MIN,11,10,2022
2022-06-22,NYN,HOU,3,5,2022
2022-06-22,DET,BOS,2,6,2022
2022-06-22,SFN,ATL,3,4,2022
2022-06-22,KCA,ANA,0,5,2022
2022-06-22,ARI,SDN,4,10,2022
2022-06-22,CHN,PIT,14,5,2022
2022-06-22,SLN,MIL,5,4,2022
2022-06-22,COL,MIA,4,7,2022
2022-06-22,LAN,CIN,8,4,2022
2022-06-22,WAS,BAL,0,7,2022
2022-06-23,SEA,OAK,2,1,2022
2022-06-23,HOU,NYA,6,7,2022
2022-06-23,CLE,MIN,0,1,2022
2022-06-23,BAL,CHA,4,0,2022
2022-06-23,PHI,SDN,6,2,2022
2022-06-23,CHN,PIT,7,8,2022
2022-06-23,COL,MIA,2,3,2022
2022-06-23,LAN,CIN,10,5,2022
2022-06-23,SFN,ATL,6,7,2022
2022-06-23,SLN,MIL,4,6,2022
2022-06-24,BOS,CLE,6,3,2022
2022-06-24,WAS,TEX,2,1,2022
2022-06-24,PIT,TBA,3,4,2022
2022-06-24,HOU,NYA,3,1,2022
2022-06-24,COL,MIN,1,0,2022
2022-06-24,OAK,KCA,1,3,2022
2022-06-24,BAL,CHA,4,1,2022
2022-06-24,CIN,SFN,4,2,2022
2022-06-24,CHN,SLN,3,0,2022
2022-06-24,DET,ARI,5,1,2022
2022-06-24,LAN,ATL,4,1,2022
2022-06-24,NYN,MIA,5,3,2022
2022-06-24,SEA,ANA,4,3,2022
2022-06-24,PHI,SDN,0,1,2022
2022-06-24,TOR,MIL,9,4,2022
2022-06-25,WAS,TEX,2,3,2022
2022-06-25,PIT,TBA,5,6,2022
2022-06-25,HOU,NYA,3,0,2022
2022-06-25,COL,MIN,0,6,2022
2022-06-25,OAK,KCA,9,7,2022
2022-06-25,BAL,CHA,6,2,2022
2022-06-25,SEA,ANA,5,3,2022
2022-06-25,BOS,CLE,4,2,2022
2022-06-25,CIN,SFN,2,9,2022
2022-06-25,PHI,SDN,4,2,2022
2022-06-25,TOR,MIL,4,5,2022
2022-06-25,NYN,MIA,5,3,2022
2022-06-25,LAN,ATL,3,5,2022
2022-06-25,DET,ARI,6,3,2022
2022-06-25,CHN,SLN,3,5,2022
2022-06-26,BAL,CHA,3,4,2022
2022-06-26,PIT,TBA,2,4,2022
2022-06-26,COL,MIN,3,6,2022
2022-06-26,OAK,KCA,5,3,2022
2022-06-26,BOS,CLE,8,3,2022
2022-06-26,SEA,ANA,1,2,2022
2022-06-26,WAS,TEX,6,4,2022
2022-06-26,CIN,SFN,10,3,2022
2022-06-26,CHN,SLN,6,5,2022
2022-06-26,DET,ARI,7,11,2022
2022-06-26,LAN,ATL,5,3,2022
2022-06-26,HOU,NYA,3,6,2022
2022-06-26,TOR,MIL,3,10,2022
2022-06-26,NYN,MIA,2,3,2022
2022-06-26,PHI,SDN,8,5,2022
2022-06-27,OAK,NYA,5,9,2022
2022-06-27,LAN,COL,0,4,2022
2022-06-27,MIA,SLN,0,9,2022
2022-06-27,PIT,WAS,2,3,2022
2022-06-27,CHA,ANA,3,4,2022
2022-06-27,MIN,CLE,11,1,2022
2022-06-27,TEX,KCA,10,4,2022
2022-06-27,BAL,SEA,9,2,2022
2022-06-27,BOS,TOR,2,7,2022
2022-06-28,TEX,KCA,8,3,2022
2022-06-28,OAK,NYA,1,2,2022
2022-06-28,DET,SFN,3,4,2022
2022-06-28,MIL,TBA,5,3,2022
2022-06-28,MIN,CLE,6,0,2022
2022-06-28,BOS,TOR,5,6,2022
2022-06-28,BAL,SEA,0,2,2022
2022-06-28,MIN,CLE,2,3,2022
2022-06-28,LAN,COL,4,7,2022
2022-06-28,PIT,WAS,1,3,2022
2022-06-28,MIA,SLN,3,5,2022
2022-06-28,ATL,PHI,5,3,2022
2022-06-28,HOU,NYN,9,1,2022
2022-06-28,CIN,CHN,5,3,2022
2022-06-28,SDN,ARI,6,7,2022
2022-06-28,CHA,ANA,11,4,2022
2022-06-29,BOS,TOR,6,5,2022
2022-06-29,MIL,TBA,5,3,2022
2022-06-29,BAL,SEA,3,9,2022
2022-06-29,OAK,NYA,3,5,2022
2022-06-29,TEX,KCA,1,2,2022
2022-06-29,MIN,CLE,6,7,2022
2022-06-29,CHA,ANA,1,4,2022
2022-06-29,MIA,SLN,4,3,2022
2022-06-29,DET,SFN,3,2,2022
2022-06-29,ATL,PHI,4,1,2022
2022-06-29,HOU,NYN,2,0,2022
2022-06-29,LAN,COL,8,4,2022
2022-06-29,CIN,CHN,3,8,2022
2022-06-29,SDN,ARI,4,0,2022
2022-06-29,PIT,WAS,8,7,2022
2022-06-30,TBA,TOR,1,4,2022
2022-06-30,OAK,SEA,6,8,2022
2022-06-30,NYA,HOU,1,2,2022
2022-06-30,MIN,CLE,3,5,2022
2022-06-30,MIL,PIT,7,8,2022
2022-06-30,ATL,PHI,4,14,2022
2022-06-30,SDN,LAN,1,3,2022
2022-06-30,CIN,CHN,7,15,2022
2022-07-01,TBA,TOR,2,9,2022
2022-07-01,OAK,SEA,3,1,2022
2022-07-01,BAL,MIN,2,3,2022
2022-07-01,ANA,HOU,1,8,2022
2022-07-01,KCA,DET,3,1,2022
2022-07-01,MIA,WAS,6,3,2022
2022-07-01,CHA,SFN,1,0,2022
2022-07-01,SDN,LAN,1,5,2022
2022-07-01,SLN,PHI,3,5,2022
2022-07-01,TEX,NYN,3,4,2022
2022-07-01,ARI,COL,9,3,2022
2022-07-01,ATL,CIN,9,1,2022
2022-07-01,BOS,CHN,5,6,2022
2022-07-01,MIL,PIT,19,2,2022
2022-07-02,NYA,CLE,6,1,2022
2022-07-02,TBA,TOR,6,2,2022
2022-07-02,OAK,SEA,1,2,2022
2022-07-02,BAL,MIN,3,4,2022
2022-07-02,ANA,HOU,1,9,2022
2022-07-02,TBA,TOR,11,5,2022
2022-07-02,KCA,DET,3,4,2022
2022-07-02,NYA,CLE,13,4,2022
2022-07-02,TEX,NYN,7,3,2022
2022-07-02,CHA,SFN,5,3,2022
2022-07-02,MIL,PIT,4,7,2022
2022-07-02,SLN,PHI,7,6,2022
2022-07-02,SDN,LAN,2,7,2022
2022-07-02,ARI,COL,7,11,2022
2022-07-02,ATL,CIN,4,1,2022
2022-07-02,BOS,CHN,1,3,2022
2022-07-02,MIA,WAS,5,3,2022
2022-07-03,TBA,TOR,7,3,2022
2022-07-03,OAK,SEA,1,2,2022
2022-07-03,BAL,MIN,3,1,2022
2022-07-03,ANA,HOU,2,4,2022
2022-07-03,KCA,DET,7,4,2022
2022-07-03,NYA,CLE,0,2,2022
2022-07-03,MIA,WAS,7,4,2022
2022-07-03,MIL,PIT,2,0,2022
2022-07-03,SLN,PHI,0,4,2022
2022-07-03,TEX,NYN,1,4,2022
2022-07-03,SDN,LAN,4,2,2022
2022-07-03,ARI,COL,5,6,2022
2022-07-03,ATL,CIN,3,4,2022
2022-07-03,BOS,CHN,4,2,2022
2022-07-03,CHA,SFN,13,4,2022
2022-07-04,TOR,OAK,1,5,2022
2022-07-04,KCA,HOU,6,7,2022
2022-07-04,CLE,DET,3,5,2022
2022-07-04,CLE,DET,1,4,2022
2022-07-04,MIN,CHA,6,3,2022
2022-07-04,TEX,BAL,6,7,2022
2022-07-04,TBA,BOS,0,4,2022
2022-07-04,SEA,SDN,8,2,2022
2022-07-04,SFN,ARI,3,8,2022
2022-07-04,SLN,ATL,3,6,2022
2022-07-04,MIA,WAS,3,2,2022
2022-07-04,COL,LAN,3,5,2022
2022-07-04,CHN,MIL,2,5,2022
2022-07-04,NYN,CIN,7,4,2022
2022-07-05,TOR,OAK,3,5,2022
2022-07-05,KCA,HOU,7,9,2022
2022-07-05,CLE,DET,4,11,2022
2022-07-05,MIN,CHA,8,2,2022
2022-07-05,TBA,BOS,8,4,2022
2022-07-05,TEX,BAL,9,10,2022
2022-07-05,NYA,PIT,2,5,2022
2022-07-05,SEA,SDN,6,2,2022
2022-07-05,CHN,MIL,8,3,2022
2022-07-05,ANA,MIA,1,2,2022
2022-07-05,COL,LAN,2,5,2022
2022-07-05,NYN,CIN,0,1,2022
2022-07-05,SLN,ATL,1,7,2022
2022-07-05,SFN,ARI,2,6,2022
2022-07-05,WAS,PHI,0,11,2022
2022-07-06,TEX,BAL,1,2,2022
2022-07-06,KCA,HOU,7,4,2022
2022-07-06,CLE,DET,2,8,2022
2022-07-06,MIN,CHA,8,9,2022
2022-07-06,TBA,BOS,7,1,2022
2022-07-06,NYA,PIT,16,0,2022
2022-07-06,TOR,OAK,2,1,2022
2022-07-06,CHN,MIL,2,1,2022
2022-07-06,ANA,MIA,5,2,2022
2022-07-06,COL,LAN,1,2,2022
2022-07-06,NYN,CIN,8,3,2022
2022-07-06,SLN,ATL,0,3,2022
2022-07-06,SFN,ARI,7,5,2022
2022-07-06,WAS,PHI,3,2,2022
2022-07-07,TOR,SEA,3,8,2022
2022-07-07,KCA,HOU,2,5,2022
2022-07-07,DET,CHA,2,1,2022
2022-07-07,NYA,BOS,6,5,2022
2022-07-07,ANA,BAL,1,4,2022
2022-07-07,SFN,SDN,1,2,2022
2022-07-07,SLN,ATL,3,2,2022
2022-07-07,MIA,NYN,0,10,2022
2022-07-07,CHN,LAN,3,5,2022
2022-07-07,PIT,CIN,1,5,2022
2022-07-07,PIT,CIN,4,2,2022
2022-07-07,COL,ARI,4,3,2022
2022-07-07,WAS,PHI,3,5,2022
2022-07-08,MIN,TEX,5,6,2022
2022-07-08,TOR,SEA,2,5,2022
2022-07-08,HOU,OAK,8,3,2022
2022-07-08,CLE,KCA,3,4,2022
2022-07-08,DET,CHA,7,5,2022
2022-07-08,NYA,BOS,12,5,2022
2022-07-08,ANA,BAL,4,5,2022
2022-07-08,PHI,SLN,2,0,2022
2022-07-08,MIA,NYN,5,2,2022
2022-07-08,PIT,MIL,3,4,2022
2022-07-08,CHN,LAN,3,4,2022
2022-07-08,TBA,CIN,1,2,2022
2022-07-08,WAS,ATL,2,12,2022
2022-07-08,SFN,SDN,3,6,2022
2022-07-08,COL,ARI,6,5,2022
2022-07-09,ANA,BAL,0,1,2022
2022-07-09,MIN,TEX,7,9,2022
2022-07-09,TOR,SEA,1,2,2022
2022-07-09,HOU,OAK,2,3,2022
2022-07-09,CLE,KCA,13,1,2022
2022-07-09,DET,CHA,0,8,2022
2022-07-09,NYA,BOS,5,6,2022
2022-07-09,SFN,SDN,3,1,2022
2022-07-09,MIA,NYN,4,5,2022
2022-07-09,PIT,MIL,4,3,2022
2022-07-09,CHN,LAN,2,4,2022
2022-07-09,TBA,CIN,4,5,2022
2022-07-09,WAS,ATL,3,4,2022
2022-07-09,COL,ARI,2,9,2022
2022-07-09,PHI,SLN,1,0,2022
2022-07-10,MIN,TEX,6,5,2022
2022-07-10,TOR,SEA,5,6,2022
2022-07-10,CLE,KCA,1,5,2022
2022-07-10,DET,CHA,2,4,2022
2022-07-10,NYA,BOS,6,11,2022
2022-07-10,ANA,BAL,5,9,2022
2022-07-10,PHI,SLN,3,4,2022
2022-07-10,HOU,OAK,6,1,2022
2022-07-10,MIA,NYN,2,0,2022
2022-07-10,PIT,MIL,8,6,2022
2022-07-10,CHN,LAN,9,11,2022
2022-07-10,TBA,CIN,5,10,2022
2022-07-10,WAS,ATL,3,4,2022
2022-07-10,COL,ARI,3,2,2022
2022-07-10,SFN,SDN,12,0,2022
2022-07-11,OAK,TEX,8,10,2022
2022-07-11,BOS,TBA,5,10,2022
2022-07-11,DET,KCA,3,7,2022
2022-07-11,DET,KCA,1,3,2022
2022-07-11,CHA,CLE,4,8,2022
2022-07-11,PHI,SLN,1,6,2022
2022-07-11,PIT,MIA,5,1,2022
2022-07-11,SDN,COL,6,5,2022
2022-07-11,NYN,ATL,4,1,2022
2022-07-11,ARI,SFN,4,3,2022
2022-07-12,DET,KCA,7,5,2022
2022-07-12,OAK,TEX,14,7,2022
2022-07-12,BOS,TBA,2,3,2022
2022-07-12,PHI,TOR,3,4,2022
2022-07-12,CIN,NYA,4,3,2022
2022-07-12,MIL,MIN,6,3,2022
2022-07-12,CHA,CLE,7,0,2022
2022-07-12,SDN,COL,3,5,2022
2022-07-12,HOU,ANA,6,5,2022
2022-07-12,LAN,SLN,6,7,2022
2022-07-12,ARI,SFN,0,13,2022
2022-07-12,PIT,MIA,3,2,2022
2022-07-12,BAL,CHN,4,2,2022
2022-07-12,NYN,ATL,1,4,2022
2022-07-12,CHA,CLE,1,4,2022
2022-07-13,PHI,TOR,2,8,2022
2022-07-13,OAK,TEX,2,5,2022
2022-07-13,BOS,TBA,1,4,2022
2022-07-13,CIN,NYA,6,7,2022
2022-07-13,MIL,MIN,1,4,2022
2022-07-13,DET,KCA,2,5,2022
2022-07-13,CHA,CLE,2,1,2022
2022-07-13,HOU,ANA,1,7,2022
2022-07-13,SEA,WAS,2,1,2022
2022-07-13,LAN,SLN,7,6,2022
2022-07-13,ARI,SFN,3,4,2022
2022-07-13,PIT,MIA,4,5,2022
2022-07-13,SDN,COL,6,10,2022
2022-07-13,BAL,CHN,7,1,2022
2022-07-13,NYN,ATL,7,3,2022
2022-07-13,SEA,WAS,6,4,2022
2022-07-14,CHA,MIN,12,2,2022
2022-07-14,KCA,TOR,3,1,2022
2022-07-14,SEA,TEX,6,5,2022
2022-07-14,BOS,TBA,4,5,2022
2022-07-14,CIN,NYA,7,6,2022
2022-07-14,DET,CLE,0,4,2022
2022-07-14,SDN,COL,5,8,2022
2022-07-14,ATL,WAS,5,4,2022
2022-07-14,LAN,SLN,4,0,2022
2022-07-14,MIL,SFN,3,2,2022
2022-07-14,PIT,MIA,2,3,2022
2022-07-14,HOU,ANA,3,2,2022
2022-07-14,NYN,CHN,8,0,2022
2022-07-15,KCA,TOR,1,8,2022
2022-07-15,SEA,TEX,8,3,2022
2022-07-15,BAL,TBA,4,5,2022
2022-07-15,BOS,NYA,5,4,2022
2022-07-15,CHA,MIN,6,2,2022
2022-07-15,OAK,HOU,5,1,2022
2022-07-15,DET,CLE,5,6,2022
2022-07-15,ATL,WAS,8,4,2022
2022-07-15,CIN,SLN,3,7,2022
2022-07-15,MIL,SFN,5,8,2022
2022-07-15,ARI,SDN,3,5,2022
2022-07-15,PHI,MIA,2,1,2022
2022-07-15,PIT,COL,2,13,2022
2022-07-15,LAN,ANA,9,1,2022
2022-07-16,OAK,HOU,0,5,2022
2022-07-16,KCA,TOR,5,6,2022
2022-07-16,SEA,TEX,3,2,2022
2022-07-16,BAL,TBA,6,4,2022
2022-07-16,BOS,NYA,1,14,2022
2022-07-16,CHA,MIN,3,6,2022
2022-07-16,LAN,ANA,7,1,2022
2022-07-16,DET,CLE,0,10,2022
2022-07-16,CIN,SLN,3,11,2022
2022-07-16,MIL,SFN,1,2,2022
2022-07-16,ARI,SDN,3,4,2022
2022-07-16,PHI,MIA,10,0,2022
2022-07-16,PIT,COL,0,2,2022
2022-07-16,NYN,CHN,4,3,2022
2022-07-16,NYN,CHN,2,1,2022
2022-07-16,ATL,WAS,6,3,2022
2022-07-17,KCA,TOR,2,4,2022
2022-07-17,SEA,TEX,6,2,2022
2022-07-17,BAL,TBA,5,7,2022
2022-07-17,BOS,NYA,2,13,2022
2022-07-17,OAK,HOU,4,3,2022
2022-07-17,CHA,MIN,11,0,2022
2022-07-17,MIL,SFN,5,9,2022
2022-07-17,ARI,SDN,3,1,2022
2022-07-17,PHI,MIA,4,0,2022
2022-07-17,PIT,COL,8,3,2022
2022-07-17,NYN,CHN,2,3,2022
2022-07-17,ATL,WAS,3,7,2022
2022-07-21,DET,OAK,0,5,2022
2022-07-21,DET,OAK,7,2,2022
2022-07-21,NYA,HOU,5,7,2022
2022-07-21,NYA,HOU,2,3,2022
2022-07-21,SFN,LAN,6,9,2022
2022-07-21,TEX,MIA,8,0,2022
2022-07-22,NYA,BAL,7,6,2022
2022-07-22,HOU,SEA,5,2,2022
2022-07-22,TEX,OAK,4,5,2022
2022-07-22,CLE,CHA,8,2,2022
2022-07-22,TOR,BOS,28,5,2022
2022-07-22,MIA,PIT,8,1,2022
2022-07-22,TBA,KCA,7,3,2022
2022-07-22,SDN,NYN,4,1,2022
2022-07-22,COL,MIL,5,6,2022
2022-07-22,SFN,LAN,1,5,2022
2022-07-22,SLN,CIN,5,9,2022
2022-07-22,CHN,PHI,15,2,2022
2022-07-22,ANA,ATL,1,8,2022
2022-07-22,WAS,ARI,1,10,2022
2022-07-23,HOU,SEA,3,1,2022
2022-07-23,TEX,OAK,1,3,2022
2022-07-23,TBA,KCA,3,6,2022
2022-07-23,MIN,DET,8,4,2022
2022-07-23,CLE,CHA,4,5,2022
2022-07-23,CLE,CHA,7,4,2022
2022-07-23,TOR,BOS,4,1,2022
2022-07-23,NYA,BAL,3,6,2022
2022-07-23,MIA,PIT,0,1,2022
2022-07-23,CHN,PHI,6,2,2022
2022-07-23,SDN,NYN,2,1,2022
2022-07-23,COL,MIL,4,9,2022
2022-07-23,SFN,LAN,2,4,2022
2022-07-23,SLN,CIN,6,3,2022
2022-07-23,ANA,ATL,2,7,2022
2022-07-23,WAS,ARI,2,7,2022
2022-07-24,TEX,OAK,11,8,2022
2022-07-24,HOU,SEA,8,5,2022
2022-07-24,MIN,DET,9,1,2022
2022-07-24,CLE,CHA,3,6,2022
2022-07-24,TOR,BOS,8,4,2022
2022-07-24,NYA,BAL,6,0,2022
2022-07-24,MIA,PIT,6,5,2022
2022-07-24,TBA,KCA,2,4,2022
2022-07-24,SDN,NYN,5,8,2022
2022-07-24,COL,MIL,9,10,2022
2022-07-24,SFN,LAN,4,7,2022
2022-07-24,SLN,CIN,3,6,2022
2022-07-24,ANA,ATL,9,1,2022
2022-07-24,WAS,ARI,4,3,2022
2022-07-24,CHN,PHI,4,3,2022
2022-07-25,TEX,SEA,3,4,2022
2022-07-25,HOU,OAK,5,7,2022
2022-07-25,ANA,KCA,0,7,2022
2022-07-25,SDN,DET,4,12,2022
2022-07-25,CLE,BOS,1,3,2022
2022-07-25,TBA,BAL,1,5,2022
2022-07-25,ATL,PHI,4,6,2022
2022-07-25,COL,MIL,2,0,2022
2022-07-25,WAS,LAN,4,1,2022
2022-07-25,MIA,CIN,2,11,2022
2022-07-25,PIT,CHN,2,3,2022
2022-07-25,SFN,ARI,0,7,2022
2022-07-26,SLN,TOR,3,10,2022
2022-07-26,TEX,SEA,4,5,2022
2022-07-26,HOU,OAK,3,5,2022
2022-07-26,ANA,KCA,6,0,2022
2022-07-26,SDN,DET,6,4,2022
2022-07-26,CLE,BOS,8,3,2022
2022-07-26,TBA,BAL,3,5,2022
2022-07-26,SFN,ARI,3,7,2022
2022-07-26,NYA,NYN,3,6,2022
2022-07-26,MIN,MIL,6,7,2022
2022-07-26,WAS,LAN,8,3,2022
2022-07-26,CHA,COL,2,1,2022
2022-07-26,MIA,CIN,2,1,2022
2022-07-26,PIT,CHN,2,4,2022
2022-07-26,ATL,PHI,6,3,2022
2022-07-27,SDN,DET,3,4,2022
2022-07-27,SLN,TOR,6,1,2022
2022-07-27,TEX,SEA,2,4,2022
2022-07-27,HOU,OAK,2,4,2022
2022-07-27,ANA,KCA,4,0,2022
2022-07-27,TBA,BAL,6,4,2022
2022-07-27,CLE,BOS,7,6,2022
2022-07-27,NYA,NYN,2,3,2022
2022-07-27,ATL,PHI,2,7,2022
2022-07-27,MIN,MIL,4,10,2022
2022-07-27,WAS,LAN,1,7,2022
2022-07-27,CHA,COL,5,6,2022
2022-07-27,MIA,CIN,3,5,2022
2022-07-27,SFN,ARI,3,5,2022
2022-07-28,DET,TOR,3,5,2022
2022-07-28,KCA,NYA,0,1,2022
2022-07-28,SEA,HOU,2,4,2022
2022-07-28,CLE,BOS,2,4,2022
2022-07-28,TBA,BAL,0,3,2022
2022-07-28,TEX,ANA,2,0,2022
2022-07-28,CHN,SFN,2,4,2022
2022-07-28,PHI,PIT,8,7,2022
2022-07-28,LAN,COL,13,0,2022
2022-07-28,MIA,CIN,7,6,2022
2022-07-29,DET,TOR,4,2,2022
2022-07-29,CLE,TBA,4,1,2022
2022-07-29,KCA,NYA,5,11,2022
2022-07-29,SEA,HOU,1,11,2022
2022-07-29,OAK,CHA,7,3,2022
2022-07-29,MIL,BOS,4,1,2022
2022-07-29,TEX,ANA,7,2,2022
2022-07-29,LAN,COL,5,4,2022
2022-07-29,CHN,SFN,4,2,2022
2022-07-29,MIN,SDN,1,10,2022
2022-07-29,PHI,PIT,4,2,2022
2022-07-29,NYN,MIA,6,4,2022
2022-07-29,BAL,CIN,6,2,2022
2022-07-29,ARI,ATL,2,5,2022
2022-07-29,SLN,WAS,6,2,2022
2022-07-30,MIL,BOS,9,4,2022
2022-07-30,DET,TOR,3,5,2022
2022-07-30,CLE,TBA,4,6,2022
2022-07-30,KCA,NYA,2,8,2022
2022-07-30,SEA,HOU,5,4,2022
2022-07-30,OAK,CHA,2,3,2022
2022-07-30,TEX,ANA,7,9,2022
2022-07-30,ARI,ATL,2,6,2022
2022-07-30,CHN,SFN,4,5,2022
2022-07-30,MIN,SDN,7,4,2022
2022-07-30,PHI,PIT,2,1,2022
2022-07-30,NYN,MIA,4,0,2022
2022-07-30,LAN,COL,3,5,2022
2022-07-30,BAL,CIN,2,8,2022
2022-07-30,SLN,WAS,6,7,2022
2022-07-31,DET,TOR,1,4,2022
2022-07-31,CLE,TBA,5,3,2022
2022-07-31,KCA,NYA,8,6,2022
2022-07-31,SEA,HOU,2,3,2022
2022-07-31,OAK,CHA,1,4,2022
2022-07-31,MIL,BOS,2,7,2022
2022-07-31,TEX,ANA,5,2,2022
2022-07-31,MIN,SDN,2,3,2022
2022-07-31,CHN,SFN,0,4,2022
2022-07-31,PHI,PIT,8,2,2022
2022-07-31,NYN,MIA,9,3,2022
2022-07-31,LAN,COL,7,3,2022
2022-07-31,BAL,CIN,2,3,2022
2022-07-31,ARI,ATL,0,1,2022
2022-07-31,SLN,WAS,5,0,2022
2022-08-01,BAL,TEX,7,2,2022
2022-08-01,SEA,NYA,2,7,2022
2022-08-01,DET,MIN,3,5,2022
2022-08-01,ARI,CLE,5,6,2022
2022-08-01,BOS,HOU,3,2,2022
2022-08-01,NYN,WAS,7,3,2022
2022-08-01,LAN,SFN,8,2,2022
2022-08-01,COL,SDN,1,4,2022
2022-08-01,CIN,MIA,3,1,2022
2022-08-01,KCA,CHA,2,1,2022
2022-08-02,BAL,TEX,8,2,2022
2022-08-02,TOR,TBA,3,1,2022
2022-08-02,SEA,NYA,8,6,2022
2022-08-02,DET,MIN,5,3,2022
2022-08-02,BOS,HOU,2,1,2022
2022-08-02,ARI,CLE,6,3,2022
2022-08-02,KCA,CHA,2,9,2022
2022-08-02,OAK,ANA,1,3,2022
2022-08-02,CHN,SLN,0,6,2022
2022-08-02,LAN,SFN,9,5,2022
2022-08-02,COL,SDN,2,3,2022
2022-08-02,COL,SDN,5,13,2022
2022-08-02,MIL,PIT,3,5,2022
2022-08-02,CIN,MIA,2,1,2022
2022-08-02,PHI,ATL,1,13,2022
2022-08-02,NYN,WAS,1,5,2022
2022-08-03,ARI,CLE,4,7,2022
2022-08-03,TOR,TBA,2,3,2022
2022-08-03,SEA,NYA,7,3,2022
2022-08-03,DET,MIN,1,4,2022
2022-08-03,BOS,HOU,1,6,2022
2022-08-03,KCA,CHA,1,4,2022
2022-08-03,BAL,TEX,6,3,2022
2022-08-03,NYN,WAS,9,5,2022
2022-08-03,LAN,SFN,3,0,2022
2022-08-03,COL,SDN,1,9,2022
2022-08-03,MIL,PIT,7,8,2022
2022-08-03,CIN,MIA,0,3,2022
2022-08-03,PHI,ATL,3,1,2022
2022-08-03,OAK,ANA,3,1,2022
2022-08-04,CHA,TEX,2,3,2022
2022-08-04,TOR,MIN,9,3,2022
2022-08-04,BOS,KCA,3,7,2022
2022-08-04,TBA,DET,6,2,2022
2022-08-04,HOU,CLE,6,0,2022
2022-08-04,OAK,ANA,8,7,2022
2022-08-04,CHN,SLN,2,7,2022
2022-08-04,CHN,SLN,3,4,2022
2022-08-04,LAN,SFN,5,3,2022
2022-08-04,COL,SDN,7,3,2022
2022-08-04,MIL,PIT,4,5,2022
2022-08-04,WAS,PHI,4,5,2022
2022-08-04,ATL,NYN,4,6,2022
2022-08-05,CHA,TEX,2,1,2022
2022-08-05,ANA,SEA,4,3,2022
2022-08-05,TOR,MIN,5,6,2022
2022-08-05,BOS,KCA,7,4,2022
2022-08-05,TBA,DET,5,3,2022
2022-08-05,HOU,CLE,9,3,2022
2022-08-05,PIT,BAL,0,1,2022
2022-08-05,COL,ARI,5,6,2022
2022-08-05,WAS,PHI,2,7,2022
2022-08-05,ATL,NYN,9,6,2022
2022-08-05,CIN,MIL,1,5,2022
2022-08-05,SDN,LAN,1,8,2022
2022-08-05,MIA,CHN,1,2,2022
2022-08-05,NYA,SLN,3,4,2022
2022-08-06,HOU,CLE,1,4,2022
2022-08-06,ANA,SEA,7,1,2022
2022-08-06,CHA,TEX,0,8,2022
2022-08-06,SFN,OAK,7,3,2022
2022-08-06,TOR,MIN,3,7,2022
2022-08-06,BOS,KCA,4,5,2022
2022-08-06,TBA,DET,1,9,2022
2022-08-06,PIT,BAL,3,6,2022
2022-08-06,ANA,SEA,1,2,2022
2022-08-06,WAS,PHI,5,11,2022
2022-08-06,ATL,NYN,2,6,2022
2022-08-06,ATL,NYN,5,8,2022
2022-08-06,CIN,MIL,7,5,2022
2022-08-06,SDN,LAN,3,8,2022
2022-08-06,MIA,CHN,0,4,2022
2022-08-06,COL,ARI,3,2,2022
2022-08-06,NYA,SLN,0,1,2022
2022-08-07,CHA,TEX,8,2,2022
2022-08-07,ANA,SEA,3,6,2022
2022-08-07,SFN,OAK,6,4,2022
2022-08-07,TOR,MIN,3,2,2022
2022-08-07,TBA,DET,7,0,2022
2022-08-07,HOU,CLE,0,1,2022
2022-08-07,PIT,BAL,8,1,2022
2022-08-07,BOS,KCA,5,13,2022
2022-08-07,WAS,PHI,1,13,2022
2022-08-07,ATL,NYN,2,5,2022
2022-08-07,CIN,MIL,4,2,2022
2022-08-07,SDN,LAN,0,4,2022
2022-08-07,MIA,CHN,3,0,2022
2022-08-07,COL,ARI,4,6,2022
2022-08-07,NYA,SLN,9,12,2022
2022-08-08,NYA,SEA,9,4,2022
2022-08-08,ANA,OAK,1,0,2022
2022-08-08,TOR,BAL,4,7,2022
2022-08-08,SFN,SDN,1,0,2022
2022-08-08,WAS,CHN,3,6,2022
2022-08-08,PIT,ARI,0,3,2022
2022-08-08,CIN,NYN,1,5,2022
2022-08-09,ATL,BOS,9,7,2022
2022-08-09,NYA,SEA,0,1,2022
2022-08-09,ANA,OAK,5,1,2022
2022-08-09,CHA,KCA,3,2,2022
2022-08-09,CHA,KCA,2,4,2022
2022-08-09,TEX,HOU,5,7,2022
2022-08-09,CLE,DET,5,2,2022
2022-08-09,TOR,BAL,5,6,2022
2022-08-09,WAS,CHN,6,5,2022
2022-08-09,MIA,PHI,1,4,2022
2022-08-09,CIN,NYN,2,6,2022
2022-08-09,TBA,MIL,3,5,2022
2022-08-09,MIN,LAN,3,10,2022
2022-08-09,SLN,COL,5,16,2022
2022-08-09,PIT,ARI,4,6,2022
2022-08-09,SFN,SDN,4,7,2022
2022-08-10,NYA,SEA,3,4,2022
2022-08-10,ANA,OAK,5,4,2022
2022-08-10,CHA,KCA,3,8,2022
2022-08-10,TEX,HOU,8,4,2022
2022-08-10,CLE,DET,3,2,2022
2022-08-10,ATL,BOS,8,4,2022
2022-08-10,SFN,SDN,7,13,2022
2022-08-10,TBA,MIL,3,4,2022
2022-08-10,CIN,NYN,2,10,2022
2022-08-10,MIN,LAN,5,8,2022
2022-08-10,SLN,COL,9,5,2022
2022-08-10,WAS,CHN,2,4,2022
2022-08-10,PIT,ARI,6,4,2022
2022-08-10,MIA,PHI,3,4,2022
2022-08-11,CLE,DET,4,3,2022
2022-08-11,CHA,KCA,3,5,2022
2022-08-11,BAL,BOS,3,4,2022
2022-08-11,TEX,HOU,3,7,2022
2022-08-11,SLN,COL,6,8,2022
2022-08-11,CHN,CIN,4,2,2022
2022-08-11,MIA,PHI,3,0,2022
2022-08-11,PIT,ARI,3,9,2022
2022-08-12,CLE,TOR,8,0,2022
2022-08-12,SEA,TEX,6,2,2022
2022-08-12,BAL,TBA,10,3,2022
2022-08-12,LAN,KCA,8,3,2022
2022-08-12,OAK,HOU,5,7,2022
2022-08-12,NYA,BOS,2,3,2022
2022-08-12,DET,CHA,0,2,2022
2022-08-12,SDN,WAS,10,5,2022
2022-08-12,MIL,SLN,1,3,2022
2022-08-12,PIT,SFN,3,5,2022
2022-08-12,PHI,NYN,2,1,2022
2022-08-12,ATL,MIA,4,3,2022
2022-08-12,ARI,COL,3,5,2022
2022-08-12,MIN,ANA,4,0,2022
2022-08-13,NYA,BOS,3,2,2022
2022-08-13,CLE,TOR,1,2,2022
2022-08-13,SEA,TEX,4,7,2022
2022-08-13,BAL,TBA,2,8,2022
2022-08-13,LAN,KCA,13,3,2022
2022-08-13,OAK,HOU,0,8,2022
2022-08-13,DET,CHA,4,6,2022
2022-08-13,MIN,ANA,3,5,2022
2022-08-13,ATL,MIA,5,2,2022
2022-08-13,MIL,SLN,3,2,2022
2022-08-13,PIT,SFN,0,2,2022
2022-08-13,PHI,NYN,0,1,2022
2022-08-13,ATL,MIA,6,2,2022
2022-08-13,ARI,COL,6,0,2022
2022-08-13,CHN,CIN,7,2,2022
2022-08-13,SDN,WAS,3,4,2022
2022-08-14,DET,CHA,3,5,2022
2022-08-14,CLE,TOR,7,2,2022
2022-08-14,SEA,TEX,3,5,2022
2022-08-14,BAL,TBA,1,4,2022
2022-08-14,LAN,KCA,0,4,2022
2022-08-14,OAK,HOU,3,6,2022
2022-08-14,NYA,BOS,0,3,2022
2022-08-14,CHN,CIN,5,8,2022
2022-08-14,SDN,WAS,6,0,2022
2022-08-14,MIL,SLN,3,6,2022
2022-08-14,PIT,SFN,7,8,2022
2022-08-14,PHI,NYN,0,6,2022
2022-08-14,ATL,MIA,3,1,2022
2022-08-14,ARI,COL,7,4,2022
2022-08-14,MIN,ANA,2,4,2022
2022-08-15,BAL,TOR,7,3,2022
2022-08-15,OAK,TEX,1,2,2022
2022-08-15,TBA,NYA,4,0,2022
2022-08-15,KCA,MIN,2,4,2022
2022-08-15,DET,CLE,7,5,2022
2022-08-15,DET,CLE,1,4,2022
2022-08-15,HOU,CHA,2,4,2022
2022-08-15,SEA,ANA,6,2,2022
2022-08-15,ARI,SFN,1,6,2022
2022-08-15,LAN,MIL,4,0,2022
2022-08-15,SDN,MIA,0,3,2022
2022-08-15,PHI,CIN,4,3,2022
2022-08-15,NYN,ATL,1,13,2022
2022-08-15,CHN,WAS,4,5,2022
2022-08-16,SEA,ANA,8,2,2022
2022-08-16,OAK,TEX,5,1,2022
2022-08-16,TBA,NYA,3,1,2022
2022-08-16,KCA,MIN,0,9,2022
2022-08-16,DET,CLE,4,3,2022
2022-08-16,HOU,CHA,3,4,2022
2022-08-16,CHN,WAS,7,5,2022
2022-08-16,BAL,TOR,4,2,2022
2022-08-16,ARI,SFN,1,2,2022
2022-08-16,BOS,PIT,5,3,2022
2022-08-16,LAN,MIL,4,5,2022
2022-08-16,SDN,MIA,3,4,2022
2022-08-16,PHI,CIN,11,4,2022
2022-08-16,NYN,ATL,0,5,2022
2022-08-16,COL,SLN,4,5,2022
2022-08-17,BAL,TOR,1,6,2022
2022-08-17,OAK,TEX,7,2,2022
2022-08-17,KCA,MIN,0,4,2022
2022-08-17,DET,CLE,4,8,2022
2022-08-17,HOU,CHA,3,2,2022
2022-08-17,SEA,ANA,11,7,2022
2022-08-17,CHN,WAS,3,2,2022
2022-08-17,TBA,NYA,7,8,2022
2022-08-17,ARI,SFN,3,2,2022
2022-08-17,BOS,PIT,8,3,2022
2022-08-17,LAN,MIL,2,1,2022
2022-08-17,SDN,MIA,10,3,2022
2022-08-17,PHI,CIN,0,1,2022
2022-08-17,NYN,ATL,9,7,2022
2022-08-17,COL,SLN,1,5,2022
2022-08-18,OAK,TEX,3,10,2022
2022-08-18,KCA,TBA,1,7,2022
2022-08-18,TOR,NYA,9,2,2022
2022-08-18,HOU,CHA,21,5,2022
2022-08-18,CHN,BAL,3,2,2022
2022-08-18,COL,SLN,0,13,2022
2022-08-18,WAS,SDN,3,1,2022
2022-08-18,BOS,PIT,2,8,2022
2022-08-18,LAN,MIL,3,5,2022
2022-08-18,NYN,ATL,2,3,2022
2022-08-18,ARI,SFN,5,0,2022
2022-08-19,CHA,CLE,2,5,2022
2022-08-19,KCA,TBA,3,2,2022
2022-08-19,SEA,OAK,10,2,2022
2022-08-19,TOR,NYA,4,0,2022
2022-08-19,TEX,MIN,1,2,2022
2022-08-19,ANA,DET,1,0,2022
2022-08-19,BOS,BAL,10,15,2022
2022-08-19,HOU,ATL,2,6,2022
2022-08-19,CIN,PIT,4,5,2022
2022-08-19,NYN,PHI,7,2,2022
2022-08-19,MIA,LAN,1,2,2022
2022-08-19,SFN,COL,4,7,2022
2022-08-19,MIL,CHN,7,8,2022
2022-08-19,SLN,ARI,5,1,2022
2022-08-19,WAS,SDN,6,3,2022
2022-08-20,KCA,TBA,2,5,2022
2022-08-20,SEA,OAK,3,4,2022
2022-08-20,TOR,NYA,5,2,2022
2022-08-20,TEX,MIN,4,3,2022
2022-08-20,ANA,DET,3,4,2022
2022-08-20,CHA,CLE,2,0,2022
2022-08-20,BOS,BAL,4,3,2022
2022-08-20,WAS,SDN,1,2,2022
2022-08-20,CIN,PIT,10,1,2022
2022-08-20,NYN,PHI,8,2,2022
2022-08-20,MIA,LAN,0,7,2022
2022-08-20,SFN,COL,3,4,2022
2022-08-20,MIL,CHN,5,6,2022
2022-08-20,HOU,ATL,4,5,2022
2022-08-20,SLN,ARI,16,7,2022
2022-08-20,NYN,PHI,1,4,2022
2022-08-21,BOS,BAL,3,5,2022
2022-08-21,SEA,OAK,3,5,2022
2022-08-21,TOR,NYA,2,4,2022
2022-08-21,TEX,MIN,7,0,2022
2022-08-21,KCA,TBA,2,3,2022
2022-08-21,WAS,SDN,1,2,2022
2022-08-21,ANA,DET,0,4,2022
2022-08-21,NYN,PHI,10,9,2022
2022-08-21,SLN,ARI,6,4,2022
2022-08-21,HOU,ATL,5,4,2022
2022-08-21,CIN,PIT,9,5,2022
2022-08-21,SFN,COL,9,8,2022
2022-08-21,MIA,LAN,3,10,2022
2022-08-21,MIL,CHN,5,2,2022
2022-08-22,ANA,TBA,1,2,2022
2022-08-22,MIA,OAK,3,0,2022
2022-08-22,TEX,MIN,2,1,2022
2022-08-22,CHA,KCA,4,6,2022
2022-08-22,NYN,NYA,2,4,2022
2022-08-22,CIN,PHI,1,4,2022
2022-08-22,MIL,LAN,4,0,2022
2022-08-22,SLN,CHN,1,0,2022
2022-08-22,ATL,PIT,2,1,2022
2022-08-23,SFN,DET,3,1,2022
2022-08-23,WAS,SEA,2,4,2022
2022-08-23,MIA,OAK,5,3,2022
2022-08-23,NYN,NYA,2,4,2022
2022-08-23,ARI,KCA,7,3,2022
2022-08-23,MIN,HOU,2,4,2022
2022-08-23,ANA,TBA,1,11,2022
2022-08-23,TOR,BOS,9,3,2022
2022-08-23,ATL,PIT,6,1,2022
2022-08-23,CLE,SDN,3,1,2022
2022-08-23,CIN,PHI,6,7,2022
2022-08-23,TEX,COL,6,7,2022
2022-08-23,SLN,CHN,13,3,2022
2022-08-23,SLN,CHN,0,2,2022
2022-08-23,CHA,BAL,3,5,2022
2022-08-23,MIL,LAN,1,10,2022
2022-08-24,TOR,BOS,3,2,2022
2022-08-24,ANA,TBA,3,4,2022
2022-08-24,WAS,SEA,3,1,2022
2022-08-24,MIA,OAK,2,3,2022
2022-08-24,ARI,KCA,3,5,2022
2022-08-24,MIN,HOU,3,5,2022
2022-08-24,SFN,DET,1,6,2022
2022-08-24,CHA,BAL,5,3,2022
2022-08-24,ATL,PIT,14,2,2022
2022-08-24,CIN,PHI,5,7,2022
2022-08-24,MIL,LAN,6,12,2022
2022-08-24,TEX,COL,16,4,2022
2022-08-24,SLN,CHN,1,7,2022
2022-08-24,CLE,SDN,7,0,2022
2022-08-25,ANA,TBA,3,8,2022
2022-08-25,CLE,SEA,1,3,2022
2022-08-25,NYA,OAK,13,4,2022
2022-08-25,MIN,HOU,3,6,2022
2022-08-25,TOR,BOS,6,5,2022
2022-08-25,CHA,BAL,3,4,2022
2022-08-25,CIN,PHI,0,4,2022
2022-08-25,COL,NYN,1,3,2022
2022-08-25,SLN,CHN,8,3,2022
2022-08-26,DET,TEX,6,7,2022
2022-08-26,CLE,SEA,2,3,2022
2022-08-26,NYA,OAK,3,2,2022
2022-08-26,ANA,TOR,12,0,2022
2022-08-26,SFN,MIN,0,9,2022
2022-08-26,SDN,KCA,13,5,2022
2022-08-26,BAL,HOU,2,0,2022
2022-08-26,PIT,PHI,4,7,2022
2022-08-26,TBA,BOS,8,9,2022
2022-08-26,CIN,WAS,7,3,2022
2022-08-26,ATL,SLN,11,4,2022
2022-08-26,COL,NYN,6,7,2022
2022-08-26,CHN,MIL,4,3,2022
2022-08-26,LAN,MIA,10,6,2022
2022-08-26,ARI,CHA,7,2,2022
2022-08-27,SDN,KCA,4,3,2022
2022-08-27,ANA,TOR,2,0,2022
2022-08-27,DET,TEX,11,2,2022
2022-08-27,CLE,SEA,4,3,2022
2022-08-27,NYA,OAK,2,3,2022
2022-08-27,SFN,MIN,2,3,2022
2022-08-27,BAL,HOU,3,1,2022
2022-08-27,PIT,PHI,0,6,2022
2022-08-27,TBA,BOS,1,5,2022
2022-08-27,LAN,MIA,1,2,2022
2022-08-27,CHN,MIL,0,7,2022
2022-08-27,COL,NYN,0,3,2022
2022-08-27,ARI,CHA,10,5,2022
2022-08-27,ATL,SLN,5,6,2022
2022-08-27,CIN,WAS,6,2,2022
2022-08-28,ANA,TOR,8,3,2022
2022-08-28,CLE,SEA,0,4,2022
2022-08-28,NYA,OAK,1,4,2022
2022-08-28,SFN,MIN,3,8,2022
2022-08-28,SDN,KCA,7,15,2022
2022-08-28,BAL,HOU,1,3,2022
2022-08-28,ARI,CHA,3,2,2022
2022-08-28,DET,TEX,9,8,2022
2022-08-28,CIN,WAS,2,3,2022
2022-08-28,ATL,SLN,3,6,2022
2022-08-28,PIT,PHI,5,0,2022
2022-08-28,COL,NYN,1,0,2022
2022-08-28,CHN,MIL,7,9,2022
2022-08-28,LAN,MIA,8,1,2022
2022-08-28,TBA,BOS,12,4,2022
2022-08-29,CHN,TOR,4,5,2022
2022-08-29,BOS,MIN,2,4,2022
2022-08-29,NYA,ANA,3,4,2022
2022-08-29,SDN,SFN,6,5,2022
2022-08-29,PIT,MIL,5,7,2022
2022-08-29,SLN,CIN,13,4,2022
2022-08-29,PHI,ARI,7,13,2022
2022-08-29,LAN,MIA,3,2,2022
2022-08-30,NYA,ANA,7,4,2022
2022-08-30,CHN,TOR,3,5,2022
2022-08-30,HOU,TEX,4,2,2022
2022-08-30,BOS,MIN,5,10,2022
2022-08-30,SEA,DET,9,3,2022
2022-08-30,BAL,CLE,1,5,2022
2022-08-30,OAK,WAS,10,6,2022
2022-08-30,KCA,CHA,9,7,2022
2022-08-30,LAN,NYN,4,3,2022
2022-08-30,PIT,MIL,4,2,2022
2022-08-30,TBA,MIA,7,2,2022
2022-08-30,SLN,CIN,1,5,2022
2022-08-30,COL,ATL,3,2,2022
2022-08-30,PHI,ARI,3,12,2022
2022-08-30,SDN,SFN,4,3,2022
2022-08-31,CHN,TOR,7,5,2022
2022-08-31,HOU,TEX,5,3,2022
2022-08-31,BOS,MIN,6,5,2022
2022-08-31,BAL,CLE,4,0,2022
2022-08-31,KCA,CHA,2,4,2022
2022-08-31,NYA,ANA,2,3,2022
2022-08-31,OAK,WAS,1,5,2022
2022-08-31,SEA,DET,5,3,2022
2022-08-31,LAN,NYN,1,2,2022
2022-08-31,PIT,MIL,1,6,2022
2022-08-31,TBA,MIA,2,1,2022
2022-08-31,SLN,CIN,5,3,2022
2022-08-31,COL,ATL,2,3,2022
2022-08-31,PHI,ARI,18,2,2022
2022-08-31,SDN,SFN,5,4,2022
2022-09-01,SEA,DET,7,0,2022
2022-09-01,BAL,CLE,3,0,2022
2022-09-01,KCA,CHA,1,7,2022
2022-09-01,TEX,BOS,8,9,2022
2022-09-01,OAK,WAS,5,7,2022
2022-09-01,COL,ATL,0,3,2022
2022-09-01,MIL,ARI,0,5,2022
2022-09-01,LAN,NYN,3,5,2022
2022-09-02,OAK,BAL,2,5,2022
2022-09-02,NYA,TBA,0,9,2022
2022-09-02,KCA,DET,4,5,2022
2022-09-02,SEA,CLE,6,1,2022
2022-09-02,MIN,CHA,3,4,2022
2022-09-02,TEX,BOS,1,9,2022
2022-09-02,HOU,ANA,4,2,2022
2022-09-02,CHN,SLN,0,8,2022
2022-09-02,PHI,SFN,1,13,2022
2022-09-02,TOR,PIT,4,0,2022
2022-09-02,WAS,NYN,3,7,2022
2022-09-02,SDN,LAN,7,1,2022
2022-09-02,COL,CIN,2,3,2022
2022-09-02,MIA,ATL,1,8,2022
2022-09-02,MIL,ARI,1,2,2022
2022-09-03,NYA,TBA,1,2,2022
2022-09-03,KCA,DET,12,2,2022
2022-09-03,SEA,CLE,4,0,2022
2022-09-03,MIN,CHA,0,13,2022
2022-09-03,TEX,BOS,3,5,2022
2022-09-03,OAK,BAL,1,8,2022
2022-09-03,HOU,ANA,1,2,2022
2022-09-03,CHN,SLN,4,8,2022
2022-09-03,PHI,SFN,4,5,2022
2022-09-03,TOR,PIT,4,1,2022
2022-09-03,WAS,NYN,7,1,2022
2022-09-03,SDN,LAN,1,12,2022
2022-09-03,MIA,ATL,1,2,2022
2022-09-03,MIL,ARI,8,6,2022
2022-09-04,NYA,TBA,2,1,2022
2022-09-04,SEA,CLE,6,3,2022
2022-09-04,MIN,CHA,5,1,2022
2022-09-04,TEX,BOS,2,5,2022
2022-09-04,OAK,BAL,5,0,2022
2022-09-04,HOU,ANA,9,1,2022
2022-09-04,CHN,SLN,0,2,2022
2022-09-04,KCA,DET,3,2,2022
2022-09-04,TOR,PIT,4,3,2022
2022-09-04,WAS,NYN,7,1,2022
2022-09-04,SDN,LAN,4,9,2022
2022-09-04,COL,CIN,0,10,2022
2022-09-04,COL,CIN,8,4,2022
2022-09-04,MIA,ATL,1,7,2022
2022-09-04,PHI,SFN,3,5,2022
2022-09-04,MIL,ARI,1,5,2022
2022-09-05,BOS,TBA,3,4,2022
2022-09-05,CHA,SEA,3,2,2022
2022-09-05,MIN,NYA,2,5,2022
2022-09-05,CLE,KCA,6,5,2022
2022-09-05,TEX,HOU,0,1,2022
2022-09-05,TOR,BAL,8,4,2022
2022-09-05,TOR,BAL,7,3,2022
2022-09-05,DET,ANA,0,10,2022
2022-09-05,WAS,SLN,6,0,2022
2022-09-05,ARI,SDN,5,0,2022
2022-09-05,SFN,LAN,7,4,2022
2022-09-05,MIL,COL,6,4,2022
2022-09-06,BOS,TBA,4,8,2022
2022-09-06,CHA,SEA,0,3,2022
2022-09-06,ATL,OAK,10,9,2022
2022-09-06,CLE,KCA,4,1,2022
2022-09-06,TEX,HOU,4,3,2022
2022-09-06,TOR,BAL,6,9,2022
2022-09-06,DET,ANA,4,5,2022
2022-09-06,CIN,CHN,3,9,2022
2022-09-06,ARI,SDN,5,6,2022
2022-09-06,NYN,PIT,2,8,2022
2022-09-06,MIA,PHI,2,3,2022
2022-09-06,SFN,LAN,3,6,2022
2022-09-06,MIL,COL,7,10,2022
2022-09-06,WAS,SLN,1,4,2022
2022-09-07,TEX,HOU,3,4,2022
2022-09-07,BOS,TBA,0,1,2022
2022-09-07,CHA,SEA,9,6,2022
2022-09-07,ATL,OAK,7,3,2022
2022-09-07,MIN,NYA,1,7,2022
2022-09-07,MIN,NYA,4,5,2022
2022-09-07,CLE,KCA,1,2,2022
2022-09-07,TOR,BAL,4,1,2022
2022-09-07,MIA,PHI,3,4,2022
2022-09-07,WAS,SLN,5,6,2022
2022-09-07,ARI,SDN,3,6,2022
2022-09-07,NYN,PIT,10,0,2022
2022-09-07,NYN,PIT,5,1,2022
2022-09-07,DET,ANA,5,4,2022
2022-09-07,SFN,LAN,3,7,2022
2022-09-07,MIL,COL,4,8,2022
2022-09-07,CIN,CHN,7,1,2022
2022-09-08,CHA,OAK,14,2,2022
2022-09-08,MIN,NYA,4,3,2022
2022-09-08,WAS,SLN,11,6,2022
2022-09-08,SFN,MIL,2,4,2022
2022-09-08,SFN,MIL,1,2,2022
2022-09-08,CIN,CHN,4,3,2022
2022-09-08,MIA,PHI,6,5,2022
2022-09-09,DET,KCA,10,2,2022
2022-09-09,TOR,TEX,4,3,2022
2022-09-09,ATL,SEA,6,4,2022
2022-09-09,CHA,OAK,5,3,2022
2022-09-09,TBA,NYA,4,2,2022
2022-09-09,CLE,MIN,7,6,2022
2022-09-09,ANA,HOU,3,4,2022
2022-09-09,CIN,MIL,8,2,2022
2022-09-09,LAN,SDN,4,5,2022
2022-09-09,SLN,PIT,2,8,2022
2022-09-09,WAS,PHI,3,5,2022
2022-09-09,NYN,MIA,3,6,2022
2022-09-09,ARI,COL,10,13,2022
2022-09-09,SFN,CHN,2,4,2022
2022-09-09,BOS,BAL,2,3,2022
2022-09-10,DET,KCA,8,4,2022
2022-09-10,ATL,SEA,1,3,2022
2022-09-10,TOR,TEX,11,7,2022
2022-09-10,CHA,OAK,10,2,2022
2022-09-10,TBA,NYA,3,10,2022
2022-09-10,CLE,MIN,6,4,2022
2022-09-10,ANA,HOU,6,1,2022
2022-09-10,ARI,COL,1,4,2022
2022-09-10,LAN,SDN,8,4,2022
2022-09-10,SLN,PIT,7,5,2022
2022-09-10,WAS,PHI,5,8,2022
2022-09-10,CIN,MIL,1,5,2022
2022-09-10,NYN,MIA,11,3,2022
2022-09-10,SFN,CHN,5,2,2022
2022-09-10,BOS,BAL,17,4,2022
2022-09-11,TOR,TEX,1,4,2022
2022-09-11,ATL,SEA,7,8,2022
2022-09-11,CHA,OAK,3,10,2022
2022-09-11,TBA,NYA,4,10,2022
2022-09-11,CLE,MIN,4,1,2022
2022-09-11,DET,KCA,0,4,2022
2022-09-11,ANA,HOU,4,12,2022
2022-09-11,SLN,PIT,4,3,2022
2022-09-11,LAN,SDN,11,2,2022
2022-09-11,WAS,PHI,5,7,2022
2022-09-11,CIN,MIL,6,7,2022
2022-09-11,NYN,MIA,9,3,2022
2022-09-11,ARI,COL,12,6,2022
2022-09-11,SFN,CHN,4,2,2022
2022-09-11,BOS,BAL,1,0,2022
2022-09-12,TBA,TOR,2,3,2022
2022-09-12,HOU,DET,7,0,2022
2022-09-12,ANA,CLE,4,5,2022
2022-09-12,CHN,NYN,5,2,2022
2022-09-12,ATL,SFN,2,3,2022
2022-09-12,TEX,MIA,3,2,2022
2022-09-12,PIT,CIN,6,3,2022
2022-09-12,LAN,ARI,6,0,2022
2022-09-12,TEX,MIA,6,10,2022
2022-09-13,TBA,TOR,2,7,2022
2022-09-13,TBA,TOR,4,2,2022
2022-09-13,OAK,TEX,7,8,2022
2022-09-13,SDN,SEA,2,0,2022
2022-09-13,KCA,MIN,3,6,2022
2022-09-13,HOU,DET,6,3,2022
2022-09-13,ANA,CLE,1,3,2022
2022-09-13,NYA,BOS,7,6,2022
2022-09-13,COL,CHA,2,4,2022
2022-09-13,MIL,SLN,8,4,2022
2022-09-13,ATL,SFN,5,1,2022
2022-09-13,CHN,NYN,4,1,2022
2022-09-13,PHI,MIA,2,1,2022
2022-09-13,PIT,CIN,1,0,2022
2022-09-13,PIT,CIN,6,1,2022
2022-09-13,LAN,ARI,4,0,2022
2022-09-13,BAL,WAS,4,3,2022
2022-09-14,COL,CHA,3,0,2022
2022-09-14,OAK,TEX,8,7,2022
2022-09-14,TBA,TOR,1,5,2022
2022-09-14,KCA,MIN,0,4,2022
2022-09-14,HOU,DET,2,1,2022
2022-09-14,ANA,CLE,3,5,2022
2022-09-14,NYA,BOS,5,3,2022
2022-09-14,SDN,SEA,1,6,2022
2022-09-14,MIL,SLN,1,4,2022
2022-09-14,ATL,SFN,1,4,2022
2022-09-14,CHN,NYN,6,3,2022
2022-09-14,PHI,MIA,6,1,2022
2022-09-14,PIT,CIN,10,4,2022
2022-09-14,LAN,ARI,3,5,2022
2022-09-14,BAL,WAS,6,2,2022
2022-09-15,TBA,TOR,11,0,2022
2022-09-15,KCA,MIN,2,3,2022
2022-09-15,OAK,HOU,2,5,2022
2022-09-15,CHA,CLE,8,2,2022
2022-09-15,CIN,SLN,3,2,2022
2022-09-15,PIT,NYN,1,7,2022
2022-09-15,PHI,MIA,3,5,2022
2022-09-15,SDN,ARI,0,4,2022
2022-09-16,TEX,TBA,4,3,2022
2022-09-16,OAK,HOU,0,5,2022
2022-09-16,CHA,DET,2,3,2022
2022-09-16,BAL,TOR,3,6,2022
2022-09-16,MIN,CLE,3,4,2022
2022-09-16,KCA,BOS,1,2,2022
2022-09-16,SEA,ANA,7,8,2022
2022-09-16,NYA,MIL,6,7,2022
2022-09-16,CIN,SLN,5,6,2022
2022-09-16,LAN,SFN,5,0,2022
2022-09-16,PIT,NYN,3,4,2022
2022-09-16,COL,CHN,1,2,2022
2022-09-16,PHI,ATL,2,7,2022
2022-09-16,SDN,ARI,12,3,2022
2022-09-16,MIA,WAS,4,5,2022
2022-09-17,KCA,BOS,9,0,2022
2022-09-17,BAL,TOR,3,6,2022
2022-09-17,TEX,TBA,1,5,2022
2022-09-17,OAK,HOU,8,5,2022
2022-09-17,CHA,DET,4,3,2022
2022-09-17,MIN,CLE,6,7,2022
2022-09-17,MIN,CLE,1,5,2022
2022-09-17,SEA,ANA,1,2,2022
2022-09-17,MIA,WAS,3,5,2022
2022-09-17,CIN,SLN,0,1,2022
2022-09-17,SDN,ARI,2,0,2022
2022-09-17,PHI,ATL,3,4,2022
2022-09-17,COL,CHN,3,1,2022
2022-09-17,LAN,SFN,7,2,2022
2022-09-17,PIT,NYN,1,5,2022
2022-09-17,NYA,MIL,1,4,2022
2022-09-17,CIN,SLN,1,5,2022
2022-09-18,TEX,TBA,3,5,2022
2022-09-18,OAK,HOU,2,11,2022
2022-09-18,CHA,DET,11,5,2022
2022-09-18,MIN,CLE,3,0,2022
2022-09-18,KCA,BOS,3,13,2022
2022-09-18,SEA,ANA,1,5,2022
2022-09-18,MIA,WAS,3,1,2022
2022-09-18,BAL,TOR,5,4,2022
2022-09-18,LAN,SFN,4,3,2022
2022-09-18,PIT,NYN,3,7,2022
2022-09-18,NYA,MIL,12,8,2022
2022-09-18,COL,CHN,4,3,2022
2022-09-18,PHI,ATL,2,5,2022
2022-09-18,SDN,ARI,6,1,2022
2022-09-18,CIN,SLN,3,0,2022
2022-09-19,HOU,TBA,4,0,2022
2022-09-19,MIN,CLE,4,11,2022
2022-09-19,DET,BAL,11,0,2022
2022-09-19,SEA,ANA,9,1,2022
2022-09-19,NYN,MIL,7,2,2022
2022-09-19,ARI,LAN,2,5,2022
2022-09-19,SFN,COL,10,7,2022
2022-09-19,WAS,ATL,2,5,2022
2022-09-19,CHN,MIA,3,10,2022
2022-09-20,DET,BAL,3,2,2022
2022-09-20,ANA,TEX,5,2,2022
2022-09-20,HOU,TBA,5,0,2022
2022-09-20,SEA,OAK,1,4,2022
2022-09-20,PIT,NYA,8,9,2022
2022-09-20,MIN,KCA,4,5,2022
2022-09-20,CLE,CHA,10,7,2022
2022-09-20,SLN,SDN,0,5,2022
2022-09-20,ARI,LAN,5,2,2022
2022-09-20,NYN,MIL,7,5,2022
2022-09-20,CHN,MIA,2,1,2022
2022-09-20,ARI,LAN,5,6,2022
2022-09-20,SFN,COL,6,3,2022
2022-09-20,BOS,CIN,5,3,2022
2022-09-20,WAS,ATL,2,3,2022
2022-09-20,TOR,PHI,18,11,2022
2022-09-21,ANA,TEX,2,7,2022
2022-09-21,HOU,TBA,5,2,2022
2022-09-21,SEA,OAK,1,2,2022
2022-09-21,PIT,NYA,2,14,2022
2022-09-21,MIN,KCA,2,5,2022
2022-09-21,CLE,CHA,8,2,2022
2022-09-21,DET,BAL,1,8,2022
2022-09-21,TOR,PHI,3,4,2022
2022-09-21,NYN,MIL,0,6,2022
2022-09-21,CHN,MIA,4,3,2022
2022-09-21,ARI,LAN,6,1,2022
2022-09-21,SFN,COL,6,1,2022
2022-09-21,BOS,CIN,1,5,2022
2022-09-21,WAS,ATL,3,2,2022
2022-09-21,SLN,SDN,0,1,2022
2022-09-22,MIN,KCA,1,4,2022
2022-09-22,ANA,TEX,3,5,2022
2022-09-22,TOR,TBA,5,10,2022
2022-09-22,SEA,OAK,9,5,2022
2022-09-22,BOS,NYA,4,5,2022
2022-09-22,CLE,CHA,4,2,2022
2022-09-22,CHN,PIT,3,2,2022
2022-09-22,SLN,SDN,5,4,2022
2022-09-22,HOU,BAL,0,2,2022
2022-09-22,ATL,PHI,0,1,2022
2022-09-22,ARI,LAN,2,3,2022
2022-09-22,SFN,COL,3,0,2022
2022-09-22,MIL,CIN,5,1,2022
2022-09-23,CLE,TEX,6,3,2022
2022-09-23,TOR,TBA,6,10,2022
2022-09-23,NYN,OAK,9,2,2022
2022-09-23,BOS,NYA,4,5,2022
2022-09-23,ANA,MIN,4,2,2022
2022-09-23,SEA,KCA,1,5,2022
2022-09-23,DET,CHA,5,3,2022
2022-09-23,HOU,BAL,0,6,2022
2022-09-23,CHN,PIT,6,5,2022
2022-09-23,ATL,PHI,1,9,2022
2022-09-23,WAS,MIA,2,5,2022
2022-09-23,SLN,LAN,11,0,2022
2022-09-23,SDN,COL,3,4,2022
2022-09-23,MIL,CIN,5,3,2022
2022-09-23,SFN,ARI,6,5,2022
2022-09-24,TOR,TBA,3,1,2022
2022-09-24,NYN,OAK,4,10,2022
2022-09-24,BOS,NYA,5,7,2022
2022-09-24,ANA,MIN,4,8,2022
2022-09-24,CLE,TEX,4,2,2022
2022-09-24,DET,CHA,7,2,2022
2022-09-24,HOU,BAL,11,10,2022
2022-09-24,SEA,KCA,6,5,2022
2022-09-24,ATL,PHI,6,3,2022
2022-09-24,WAS,MIA,1,4,2022
2022-09-24,SLN,LAN,2,6,2022
2022-09-24,SDN,COL,9,3,2022
2022-09-24,MIL,CIN,10,2,2022
2022-09-24,SFN,ARI,2,5,2022
2022-09-24,CHN,PIT,0,6,2022
2022-09-25,CLE,TEX,10,4,2022
2022-09-25,TOR,TBA,7,1,2022
2022-09-25,NYN,OAK,13,4,2022
2022-09-25,BOS,NYA,0,2,2022
2022-09-25,ANA,MIN,10,3,2022
2022-09-25,SEA,KCA,12,13,2022
2022-09-25,HOU,BAL,6,3,2022
2022-09-25,DET,CHA,4,1,2022
2022-09-25,ATL,PHI,8,7,2022
2022-09-25,WAS,MIA,6,1,2022
2022-09-25,SLN,LAN,1,4,2022
2022-09-25,SDN,COL,13,6,2022
2022-09-25,MIL,CIN,1,2,2022
2022-09-25,SFN,ARI,3,2,2022
2022-09-25,CHN,PIT,8,3,2022
2022-09-26,NYA,TOR,2,3,2022
2022-09-26,BAL,BOS,14,8,2022
2022-09-26,ATL,WAS,8,0,2022
2022-09-26,CIN,PIT,3,8,2022
2022-09-27,BAL,BOS,9,13,2022
2022-09-27,TEX,SEA,5,0,2022
2022-09-27,ARI,HOU,2,10,2022
2022-09-27,KCA,DET,3,4,2022
2022-09-27,TBA,CLE,6,5,2022
2022-09-27,OAK,ANA,3,4,2022
2022-09-27,NYA,TOR,5,2,2022
2022-09-27,COL,SFN,2,5,2022
2022-09-27,ATL,WAS,8,2,2022
2022-09-27,PHI,CHN,1,2,2022
2022-09-27,SLN,MIL,6,2,2022
2022-09-27,CHA,MIN,0,4,2022
2022-09-27,LAN,SDN,3,4,2022
2022-09-27,CIN,PIT,1,4,2022
2022-09-27,MIA,NYN,6,4,2022
2022-09-28,TEX,SEA,1,3,2022
2022-09-28,CHA,MIN,4,8,2022
2022-09-28,ARI,HOU,5,2,2022
2022-09-28,KCA,DET,1,2,2022
2022-09-28,TBA,CLE,1,2,2022
2022-09-28,BAL,BOS,1,3,2022
2022-09-28,OAK,ANA,1,4,2022
2022-09-28,NYA,TOR,8,3,2022
2022-09-28,COL,SFN,3,6,2022
2022-09-28,LAN,SDN,1,0,2022
2022-09-28,CIN,PIT,3,4,2022
2022-09-28,MIA,NYN,4,5,2022
2022-09-28,SLN,MIL,1,5,2022
2022-09-28,PHI,CHN,2,4,2022
2022-09-28,ATL,WAS,2,3,2022
2022-09-29,TEX,SEA,9,10,2022
2022-09-29,CHA,MIN,4,3,2022
2022-09-29,KCA,DET,3,10,2022
2022-09-29,TBA,CLE,1,2,2022
2022-09-29,BAL,BOS,3,5,2022
2022-09-29,OAK,ANA,2,4,2022
2022-09-29,LAN,SDN,5,2,2022
2022-09-29,MIA,MIL,4,2,2022
2022-09-29,PHI,CHN,0,2,2022
2022-09-29,COL,SFN,4,6,2022
2022-09-30,KCA,CLE,3,6,2022
2022-09-30,BOS,TOR,0,9,2022
2022-09-30,OAK,SEA,1,2,2022
2022-09-30,BAL,NYA,2,1,2022
2022-09-30,TBA,HOU,7,3,2022
2022-09-30,MIN,DET,7,0,2022
2022-09-30,TEX,ANA,1,4,2022
2022-09-30,CHA,SDN,3,1,2022
2022-09-30,PIT,SLN,1,2,2022
2022-09-30,ARI,SFN,4,10,2022
2022-09-30,MIA,MIL,0,1,2022
2022-09-30,COL,LAN,1,10,2022
2022-09-30,CIN,CHN,1,6,2022
2022-09-30,NYN,ATL,2,5,2022
2022-09-30,PHI,WAS,5,1,2022
2022-10-01,BOS,TOR,0,10,2022
2022-10-01,OAK,SEA,1,5,2022
2022-10-01,BAL,NYA,0,8,2022
2022-10-01,TBA,HOU,1,2,2022
2022-10-01,MIN,DET,2,3,2022
2022-10-01,KCA,CLE,7,1,2022
2022-10-01,TEX,ANA,2,3,2022
2022-10-01,PHI,WAS,8,2,2022
2022-10-01,PHI,WAS,4,13,2022
2022-10-01,ARI,SFN,8,4,2022
2022-10-01,CHA,SDN,2,5,2022
2022-10-01,MIA,MIL,4,3,2022
2022-10-01,COL,LAN,4,6,2022
2022-10-01,CIN,CHN,1,2,2022
2022-10-01,NYN,ATL,2,4,2022
2022-10-01,PIT,SLN,3,13,2022
2022-10-02,TEX,ANA,3,8,2022
2022-10-02,OAK,SEA,10,3,2022
2022-10-02,BAL,NYA,3,1,2022
2022-10-02,TBA,HOU,1,3,2022
2022-10-02,MIN,DET,2,5,2022
2022-10-02,BOS,TOR,3,6,2022
2022-10-02,KCA,CLE,5,7,2022
2022-10-02,PHI,WAS,8,1,2022
2022-10-02,ARI,SFN,3,4,2022
2022-10-02,CHA,SDN,2,1,2022
2022-10-02,MIA,MIL,4,3,2022
2022-10-02,COL,LAN,4,1,2022
2022-10-02,CIN,CHN,1,8,2022
2022-10-02,NYN,ATL,3,5,2022
2022-10-02,PIT,SLN,7,5,2022
2022-10-03,NYA,TEX,3,1,2022
2022-10-03,DET,SEA,4,3,2022
2022-10-03,ANA,OAK,4,5,2022
2022-10-03,PHI,HOU,3,0,2022
2022-10-03,KCA,CLE,5,2,2022
2022-10-03,MIN,CHA,2,3,2022
2022-10-03,TBA,BOS,3,4,2022
2022-10-03,SFN,SDN,4,7,2022
2022-10-03,SLN,PIT,2,3,2022
2022-10-03,ARI,MIL,5,6,2022
2022-10-03,ATL,MIA,0,4,2022
2022-10-03,COL,LAN,2,1,2022
2022-10-03,CHN,CIN,1,3,2022
2022-10-03,TOR,BAL,5,1,2022
2022-10-04,MIN,CHA,3,8,2022
2022-10-04,NYA,TEX,5,4,2022
2022-10-04,NYA,TEX,2,3,2022
2022-10-04,DET,SEA,6,7,2022
2022-10-04,ANA,OAK,1,2,2022
2022-10-04,PHI,HOU,0,10,2022
2022-10-04,KCA,CLE,3,5,2022
2022-10-04,TBA,BOS,0,6,2022
2022-10-04,DET,SEA,6,9,2022
2022-10-04,SLN,PIT,8,7,2022
2022-10-04,WAS,NYN,0,8,2022
2022-10-04,WAS,NYN,2,4,2022
2022-10-04,ARI,MIL,0,3,2022
2022-10-04,ATL,MIA,2,1,2022
2022-10-04,COL,LAN,5,2,2022
2022-10-04,CHN,CIN,2,3,2022
2022-10-04,SFN,SDN,2,6,2022
2022-10-05,NYA,TEX,2,4,2022
2022-10-05,DET,SEA,4,5,2022
2022-10-05,ANA,OAK,2,3,2022
2022-10-05,KCA,CLE,2,9,2022
2022-10-05,MIN,CHA,10,1,2022
2022-10-05,TBA,BOS,3,6,2022
2022-10-05,TOR,BAL,5,1,2022
2022-10-05,PHI,HOU,2,3,2022
2022-10-05,SFN,SDN,8,1,2022
2022-10-05,SLN,PIT,3,5,2022
2022-10-05,WAS,NYN,2,9,2022
2022-10-05,ARI,MIL,4,2,2022
2022-10-05,ATL,MIA,9,12,2022
2022-10-05,COL,LAN,1,6,2022
2022-10-05,CHN,CIN,15,2,2022
2022-10-05,TOR,BAL,4,5,2022
2023-03-30,PHI,TEX,7,11,2023
2023-03-30,DET,TBA,0,4,2023
2023-03-30,CLE,SEA,0,3,2023
2023-03-30,ANA,OAK,1,2,2023
2023-03-30,SFN,NYA,0,5,2023
2023-03-30,MIN,KCA,2,0,2023
2023-03-30,CHA,HOU,3,2,2023
2023-03-30,COL,SDN,7,2,2023
2023-03-30,ATL,WAS,7,2,2023
2023-03-30,TOR,SLN,10,9,2023
2023-03-30,NYN,MIA,5,3,2023
2023-03-30,ARI,LAN,2,8,2023
2023-03-30,PIT,CIN,5,4,2023
2023-03-30,MIL,CHN,0,4,2023
2023-03-30,BAL,BOS,10,9,2023
2023-03-31,CHA,HOU,3,6,2023
2023-03-31,CLE,SEA,9,4,2023
2023-03-31,NYN,MIA,1,2,2023
2023-03-31,ARI,LAN,2,1,2023
2023-03-31,COL,SDN,4,1,2023
2023-04-01,PHI,TEX,3,16,2023
2023-04-01,DET,TBA,2,12,2023
2023-04-01,CLE,SEA,2,0,2023
2023-04-01,ANA,OAK,13,1,2023
2023-04-01,SFN,NYA,7,5,2023
2023-04-01,CHA,HOU,4,6,2023
2023-04-01,BAL,BOS,8,9,2023
2023-04-01,MIN,KCA,2,0,2023
2023-04-01,TOR,SLN,1,4,2023
2023-04-01,COL,SDN,4,8,2023
2023-04-01,NYN,MIA,6,2,2023
2023-04-01,ARI,LAN,1,10,2023
2023-04-01,PIT,CIN,2,6,2023
2023-04-01,MIL,CHN,3,1,2023
2023-04-01,ATL,WAS,7,1,2023
2023-04-02,MIN,KCA,7,4,2023
2023-04-02,PHI,TEX,1,2,2023
2023-04-02,DET,TBA,1,5,2023
2023-04-02,CLE,SEA,6,5,2023
2023-04-02,ANA,OAK,6,0,2023
2023-04-02,SFN,NYA,0,6,2023
2023-04-02,CHA,HOU,6,3,2023
2023-04-02,ARI,LAN,2,1,2023
2023-04-02,ATL,WAS,1,4,2023
2023-04-02,TOR,SLN,4,9,2023
2023-04-02,COL,SDN,1,3,2023
2023-04-02,NYN,MIA,5,1,2023
2023-04-02,PIT,CIN,1,3,2023
2023-04-02,MIL,CHN,9,5,2023
2023-04-02,BAL,BOS,5,9,2023
2023-04-03,DET,HOU,7,6,2023
2023-04-03,BAL,TEX,2,0,2023
2023-04-03,ANA,SEA,7,3,2023
2023-04-03,CLE,OAK,12,11,2023
2023-04-03,PHI,NYA,1,8,2023
2023-04-03,TOR,KCA,5,9,2023
2023-04-03,SFN,CHA,12,3,2023
2023-04-03,COL,LAN,4,13,2023
2023-04-03,TBA,WAS,6,2,2023
2023-04-03,ATL,SLN,8,4,2023
2023-04-03,ARI,SDN,4,5,2023
2023-04-03,NYN,MIL,0,10,2023
2023-04-03,MIN,MIA,11,1,2023
2023-04-03,CHN,CIN,6,7,2023
2023-04-03,PIT,BOS,7,6,2023
2023-04-04,BAL,TEX,7,2,2023
2023-04-04,ANA,SEA,2,11,2023
2023-04-04,CLE,OAK,3,4,2023
2023-04-04,PHI,NYA,4,1,2023
2023-04-04,TOR,KCA,4,1,2023
2023-04-04,DET,HOU,6,3,2023
2023-04-04,PIT,BOS,4,1,2023
2023-04-04,TBA,WAS,10,6,2023
2023-04-04,ARI,SDN,8,6,2023
2023-04-04,NYN,MIL,0,9,2023
2023-04-04,MIN,MIA,0,1,2023
2023-04-04,COL,LAN,2,5,2023
2023-04-04,CHN,CIN,12,5,2023
2023-04-04,ATL,SLN,4,1,2023
2023-04-05,TOR,KCA,3,0,2023
2023-04-05,BAL,TEX,2,5,2023
2023-04-05,ANA,SEA,4,3,2023
2023-04-05,CLE,OAK,6,4,2023
2023-04-05,PHI,NYA,2,4,2023
2023-04-05,DET,HOU,2,8,2023
2023-04-05,TBA,WAS,7,2,2023
2023-04-05,PIT,BOS,4,1,2023
2023-04-05,SFN,CHA,3,7,2023
2023-04-05,ATL,SLN,5,2,2023
2023-04-05,NYN,MIL,6,7,2023
2023-04-05,MIN,MIA,2,5,2023
2023-04-06,TOR,KCA,6,3,2023
2023-04-06,BOS,DET,6,3,2023
2023-04-06,SFN,CHA,16,6,2023
2023-04-06,SDN,ATL,6,7,2023
2023-04-06,LAN,ARI,5,2,2023
2023-04-06,WAS,COL,0,1,2023
2023-04-07,KCA,SFN,3,1,2023
2023-04-07,HOU,MIN,2,3,2023
2023-04-07,SEA,CLE,5,3,2023
2023-04-07,NYA,BAL,6,7,2023
2023-04-07,TOR,ANA,4,3,2023
2023-04-07,OAK,TBA,5,9,2023
2023-04-07,CHA,PIT,9,13,2023
2023-04-07,SLN,MIL,0,4,2023
2023-04-07,MIA,NYN,3,9,2023
2023-04-07,WAS,COL,10,5,2023
2023-04-07,TEX,CHN,0,2,2023
2023-04-07,SDN,ATL,5,4,2023
2023-04-07,LAN,ARI,3,6,2023
2023-04-07,CIN,PHI,2,5,2023
2023-04-08,OAK,TBA,0,11,2023
2023-04-08,HOU,MIN,6,9,2023
2023-04-08,BOS,DET,14,5,2023
2023-04-08,SEA,CLE,3,2,2023
2023-04-08,NYA,BAL,4,1,2023
2023-04-08,TOR,ANA,5,9,2023
2023-04-08,KCA,SFN,6,5,2023
2023-04-08,MIA,NYN,2,5,2023
2023-04-08,CIN,PHI,2,3,2023
2023-04-08,SLN,MIL,6,0,2023
2023-04-08,WAS,COL,7,6,2023
2023-04-08,TEX,CHN,3,10,2023
2023-04-08,SDN,ATL,4,1,2023
2023-04-08,LAN,ARI,8,12,2023
2023-04-08,CHA,PIT,11,5,2023
2023-04-09,OAK,TBA,0,11,2023
2023-04-09,HOU,MIN,5,1,2023
2023-04-09,BOS,DET,4,1,2023
2023-04-09,SEA,CLE,6,7,2023
2023-04-09,NYA,BAL,5,3,2023
2023-04-09,TOR,ANA,12,11,2023
2023-04-09,KCA,SFN,1,3,2023
2023-04-09,CIN,PHI,6,4,2023
2023-04-09,MIA,NYN,7,2,2023
2023-04-09,SLN,MIL,1,6,2023
2023-04-09,WAS,COL,6,7,2023
2023-04-09,TEX,CHN,8,2,2023
2023-04-09,SDN,ATL,10,2,2023
2023-04-09,LAN,ARI,6,11,2023
2023-04-09,CHA,PIT,0,1,2023
2023-04-10,WAS,ANA,6,4,2023
2023-04-10,BOS,TBA,0,1,2023
2023-04-10,CHA,MIN,4,3,2023
2023-04-10,NYA,CLE,2,3,2023
2023-04-10,OAK,BAL,1,5,2023
2023-04-10,LAN,SFN,9,1,2023
2023-04-10,KCA,TEX,2,11,2023
2023-04-10,MIA,PHI,3,15,2023
2023-04-10,SDN,NYN,0,5,2023
2023-04-10,SLN,COL,4,7,2023
2023-04-10,SEA,CHN,2,3,2023
2023-04-10,CIN,ATL,4,5,2023
2023-04-10,MIL,ARI,0,3,2023
2023-04-10,HOU,PIT,8,2,2023
2023-04-11,DET,TOR,3,9,2023
2023-04-11,KCA,TEX,5,8,2023
2023-04-11,BOS,TBA,2,7,2023
2023-04-11,CHA,MIN,3,4,2023
2023-04-11,NYA,CLE,11,2,2023
2023-04-11,OAK,BAL,8,12,2023
2023-04-11,WAS,ANA,0,2,2023
2023-04-11,LAN,SFN,0,5,2023
2023-04-11,HOU,PIT,4,7,2023
2023-04-11,MIA,PHI,8,4,2023
2023-04-11,SDN,NYN,4,2,2023
2023-04-11,SLN,COL,9,6,2023
2023-04-11,SEA,CHN,9,14,2023
2023-04-11,CIN,ATL,6,7,2023
2023-04-11,MIL,ARI,7,1,2023
2023-04-12,DET,TOR,3,4,2023
2023-04-12,KCA,TEX,10,1,2023
2023-04-12,BOS,TBA,7,9,2023
2023-04-12,CHA,MIN,1,3,2023
2023-04-12,OAK,BAL,8,4,2023
2023-04-12,WAS,ANA,2,3,2023
2023-04-12,LAN,SFN,10,5,2023
2023-04-12,NYA,CLE,4,3,2023
2023-04-12,MIA,PHI,3,2,2023
2023-04-12,SDN,NYN,2,5,2023
2023-04-12,HOU,PIT,7,0,2023
2023-04-12,SLN,COL,7,4,2023
2023-04-12,SEA,CHN,5,2,2023
2023-04-12,CIN,ATL,4,5,2023
2023-04-12,MIL,ARI,3,7,2023
2023-04-13,DET,TOR,3,1,2023
2023-04-13,BOS,TBA,3,9,2023
2023-04-13,MIN,NYA,11,2,2023
2023-04-13,OAK,BAL,7,8,2023
2023-04-13,PIT,SLN,5,0,2023
2023-04-13,MIL,SDN,4,3,2023
2023-04-13,PHI,CIN,2,6,2023
2023-04-14,COL,SEA,3,5,2023
2023-04-14,NYN,OAK,17,6,2023
2023-04-14,MIN,NYA,4,3,2023
2023-04-14,TBA,TOR,3,6,2023
2023-04-14,ATL,KCA,10,3,2023
2023-04-14,TEX,HOU,6,2,2023
2023-04-14,SFN,DET,5,7,2023
2023-04-14,MIL,SDN,11,2,2023
2023-04-14,ANA,BOS,3,5,2023
2023-04-14,CLE,WAS,4,3,2023
2023-04-14,PIT,SLN,0,3,2023
2023-04-14,ARI,MIA,1,5,2023
2023-04-14,CHN,LAN,8,2,2023
2023-04-14,PHI,CIN,8,3,2023
2023-04-14,BAL,CHA,6,3,2023
2023-04-15,SFN,DET,6,7,2023
2023-04-15,COL,SEA,2,9,2023
2023-04-15,TBA,TOR,2,5,2023
2023-04-15,MIN,NYA,1,6,2023
2023-04-15,ATL,KCA,9,3,2023
2023-04-15,TEX,HOU,2,8,2023
2023-04-15,BAL,CHA,6,7,2023
2023-04-15,NYN,OAK,3,2,2023
2023-04-15,CLE,WAS,6,4,2023
2023-04-15,PIT,SLN,6,3,2023
2023-04-15,MIL,SDN,3,10,2023
2023-04-15,ARI,MIA,2,3,2023
2023-04-15,CHN,LAN,1,2,2023
2023-04-15,PHI,CIN,0,13,2023
2023-04-15,ANA,BOS,7,9,2023
2023-04-16,TBA,TOR,8,1,2023
2023-04-16,NYN,OAK,4,3,2023
2023-04-16,MIN,NYA,0,2,2023
2023-04-16,ATL,KCA,5,4,2023
2023-04-16,TEX,HOU,9,1,2023
2023-04-16,BAL,CHA,8,4,2023
2023-04-16,COL,SEA,0,1,2023
2023-04-16,CLE,WAS,6,7,2023
2023-04-16,PIT,SLN,4,5,2023
2023-04-16,MIL,SDN,1,0,2023
2023-04-16,ARI,MIA,5,0,2023
2023-04-16,CHN,LAN,3,2,2023
2023-04-16,PHI,CIN,14,3,2023
2023-04-16,ANA,BOS,1,2,2023
2023-04-17,MIL,SEA,7,3,2023
2023-04-17,CHN,OAK,10,1,2023
2023-04-17,TEX,KCA,4,0,2023
2023-04-17,TOR,HOU,2,9,2023
2023-04-17,ANA,BOS,5,4,2023
2023-04-17,ARI,SLN,6,3,2023
2023-04-17,SFN,MIA,3,4,2023
2023-04-17,NYN,LAN,8,6,2023
2023-04-17,PIT,COL,14,3,2023
2023-04-17,TBA,CIN,1,8,2023
2023-04-17,ATL,SDN,2,0,2023
2023-04-18,MIL,SEA,6,5,2023
2023-04-18,CHN,OAK,4,0,2023
2023-04-18,ANA,NYA,5,2,2023
2023-04-18,TEX,KCA,12,2,2023
2023-04-18,TOR,HOU,4,2,2023
2023-04-18,CLE,DET,0,1,2023
2023-04-18,CLE,DET,3,4,2023
2023-04-18,PHI,CHA,0,3,2023
2023-04-18,BAL,WAS,1,0,2023
2023-04-18,MIN,BOS,4,5,2023
2023-04-18,ARI,SLN,8,7,2023
2023-04-18,ATL,SDN,8,1,2023
2023-04-18,SFN,MIA,2,4,2023
2023-04-18,NYN,LAN,0,5,2023
2023-04-18,PIT,COL,5,3,2023
2023-04-18,TBA,CIN,10,0,2023
2023-04-18,PHI,CHA,7,4,2023
2023-04-19,MIL,SEA,5,3,2023
2023-04-19,CHN,OAK,12,2,2023
2023-04-19,ANA,NYA,2,3,2023
2023-04-19,TEX,KCA,12,3,2023
2023-04-19,TOR,HOU,1,8,2023
2023-04-19,PHI,CHA,5,2,2023
2023-04-19,MIN,BOS,10,4,2023
2023-04-19,CLE,DET,3,2,2023
2023-04-19,ARI,SLN,5,14,2023
2023-04-19,ATL,SDN,0,1,2023
2023-04-19,SFN,MIA,5,2,2023
2023-04-19,NYN,LAN,5,3,2023
2023-04-19,PIT,COL,14,3,2023
2023-04-19,TBA,CIN,8,0,2023
2023-04-19,BAL,WAS,4,0,2023
2023-04-20,ANA,NYA,3,9,2023
2023-04-20,MIN,BOS,5,11,2023
2023-04-20,NYN,SFN,9,4,2023
2023-04-20,COL,PHI,5,0,2023
2023-04-20,LAN,CHN,6,2,2023
2023-04-20,SDN,ARI,7,5,2023
2023-04-20,CIN,PIT,3,4,2023
2023-04-21,OAK,TEX,5,4,2023
2023-04-21,CHA,TBA,7,8,2023
2023-04-21,SLN,SEA,2,5,2023
2023-04-21,TOR,NYA,6,1,2023
2023-04-21,WAS,MIN,3,2,2023
2023-04-21,KCA,ANA,0,2,2023
2023-04-21,DET,BAL,1,2,2023
2023-04-21,CIN,PIT,2,4,2023
2023-04-21,COL,PHI,3,4,2023
2023-04-21,BOS,MIL,5,3,2023
2023-04-21,LAN,CHN,0,13,2023
2023-04-21,HOU,ATL,6,4,2023
2023-04-21,SDN,ARI,0,9,2023
2023-04-21,NYN,SFN,7,0,2023
2023-04-22,OAK,TEX,3,18,2023
2023-04-22,CHA,TBA,3,4,2023
2023-04-22,SLN,SEA,4,5,2023
2023-04-22,TOR,NYA,2,3,2023
2023-04-22,WAS,MIN,10,4,2023
2023-04-22,MIA,CLE,3,2,2023
2023-04-22,MIA,CLE,6,1,2023
2023-04-22,DET,BAL,1,5,2023
2023-04-22,KCA,ANA,11,8,2023
2023-04-22,NYN,SFN,4,7,2023
2023-04-22,CIN,PIT,1,2,2023
2023-04-22,COL,PHI,3,4,2023
2023-04-22,BOS,MIL,4,5,2023
2023-04-22,LAN,CHN,9,4,2023
2023-04-22,HOU,ATL,6,3,2023
2023-04-22,SDN,ARI,5,3,2023
2023-04-23,OAK,TEX,2,5,2023
2023-04-23,CHA,TBA,1,4,2023
2023-04-23,TOR,NYA,5,1,2023
2023-04-23,WAS,MIN,1,3,2023
2023-04-23,MIA,CLE,4,7,2023
2023-04-23,DET,BAL,1,2,2023
2023-04-23,KCA,ANA,3,4,2023
2023-04-23,SLN,SEA,7,3,2023
2023-04-23,CIN,PIT,0,2,2023
2023-04-23,COL,PHI,3,9,2023
2023-04-23,BOS,MIL,12,5,2023
2023-04-23,LAN,CHN,7,3,2023
2023-04-23,NYN,SFN,4,5,2023
2023-04-23,HOU,ATL,5,2,2023
2023-04-23,SDN,ARI,7,5,2023
2023-04-24,CHA,TOR,2,5,2023
2023-04-24,HOU,TBA,3,8,2023
2023-04-24,NYA,MIN,1,6,2023
2023-04-24,COL,CLE,6,0,2023
2023-04-24,BOS,BAL,4,5,2023
2023-04-24,OAK,ANA,11,10,2023
2023-04-24,SLN,SFN,0,4,2023
2023-04-24,DET,MIL,4,2,2023
2023-04-24,TEX,CIN,6,7,2023
2023-04-24,MIA,ATL,0,11,2023
2023-04-24,KCA,ARI,4,5,2023
2023-04-25,HOU,TBA,5,0,2023
2023-04-25,CHA,TOR,0,7,2023
2023-04-25,NYA,MIN,2,6,2023
2023-04-25,COL,CLE,5,1,2023
2023-04-25,BOS,BAL,8,6,2023
2023-04-25,OAK,ANA,3,5,2023
2023-04-25,SLN,SFN,4,5,2023
2023-04-25,MIA,ATL,4,7,2023
2023-04-25,SEA,PHI,5,3,2023
2023-04-25,WAS,NYN,5,0,2023
2023-04-25,DET,MIL,4,3,2023
2023-04-25,TEX,CIN,6,7,2023
2023-04-25,SDN,CHN,0,6,2023
2023-04-25,KCA,ARI,5,4,2023
2023-04-25,LAN,PIT,8,7,2023
2023-04-26,OAK,ANA,3,11,2023
2023-04-26,CHA,TOR,0,8,2023
2023-04-26,HOU,TBA,1,0,2023
2023-04-26,NYA,MIN,12,6,2023
2023-04-26,COL,CLE,1,4,2023
2023-04-26,BOS,BAL,2,6,2023
2023-04-26,SLN,SFN,3,7,2023
2023-04-26,TEX,CIN,3,5,2023
2023-04-26,SEA,PHI,5,6,2023
2023-04-26,WAS,NYN,4,1,2023
2023-04-26,DET,MIL,2,6,2023
2023-04-26,LAN,PIT,1,8,2023
2023-04-26,SDN,CHN,5,3,2023
2023-04-26,MIA,ATL,4,6,2023
2023-04-26,KCA,ARI,0,2,2023
2023-04-27,NYA,TEX,4,2,2023
2023-04-27,KCA,MIN,1,7,2023
2023-04-27,BAL,DET,7,4,2023
2023-04-27,TBA,CHA,14,5,2023
2023-04-27,OAK,ANA,7,8,2023
2023-04-27,LAN,PIT,2,6,2023
2023-04-27,SEA,PHI,0,1,2023
2023-04-27,WAS,NYN,8,9,2023
2023-04-27,SDN,CHN,2,5,2023
2023-04-27,MIA,ATL,5,4,2023
2023-04-27,SLN,SFN,6,0,2023
2023-04-28,PHI,HOU,3,1,2023
2023-04-28,SEA,TOR,2,3,2023
2023-04-28,NYA,TEX,2,5,2023
2023-04-28,CIN,OAK,11,7,2023
2023-04-28,KCA,MIN,6,8,2023
2023-04-28,TBA,CHA,3,2,2023
2023-04-28,ARI,COL,9,1,2023
2023-04-28,ATL,NYN,4,0,2023
2023-04-28,ANA,MIL,1,2,2023
2023-04-28,CHN,MIA,2,3,2023
2023-04-28,SLN,LAN,3,7,2023
2023-04-28,CLE,BOS,5,2,2023
2023-04-29,BAL,DET,4,7,2023
2023-04-29,NYA,TEX,0,2,2023
2023-04-29,SEA,TOR,0,1,2023
2023-04-29,CIN,OAK,3,2,2023
2023-04-29,KCA,MIN,3,2,2023
2023-04-29,PHI,HOU,6,1,2023
2023-04-29,BAL,DET,6,4,2023
2023-04-29,TBA,CHA,12,3,2023
2023-04-29,SLN,LAN,0,1,2023
2023-04-29,PIT,WAS,16,1,2023
2023-04-29,PIT,WAS,6,3,2023
2023-04-29,SFN,SDN,11,16,2023
2023-04-29,ANA,MIL,5,7,2023
2023-04-29,CHN,MIA,6,7,2023
2023-04-29,ARI,COL,11,4,2023
2023-04-29,CLE,BOS,7,8,2023
2023-04-30,SEA,TOR,10,8,2023
2023-04-30,NYA,TEX,2,15,2023
2023-04-30,CIN,OAK,4,5,2023
2023-04-30,KCA,MIN,4,8,2023
2023-04-30,PHI,HOU,3,4,2023
2023-04-30,BAL,DET,5,3,2023
2023-04-30,TBA,CHA,9,12,2023
2023-04-30,SFN,SDN,4,6,2023
2023-04-30,PIT,WAS,2,7,2023
2023-04-30,ANA,MIL,3,0,2023
2023-04-30,CHN,MIA,3,4,2023
2023-04-30,SLN,LAN,3,6,2023
2023-04-30,ARI,COL,4,12,2023
2023-04-30,CLE,BOS,1,7,2023
2023-05-01,TOR,BOS,5,6,2023
2023-05-01,SFN,HOU,3,7,2023
2023-05-01,CHN,WAS,5,1,2023
2023-05-01,CLE,NYA,3,2,2023
2023-05-01,ATL,NYN,3,5,2023
2023-05-01,ATL,NYN,9,8,2023
2023-05-01,PHI,LAN,4,13,2023
2023-05-01,CIN,SDN,3,8,2023
2023-05-02,ARI,TEX,4,6,2023
2023-05-02,PIT,TBA,1,4,2023
2023-05-02,SEA,OAK,2,1,2023
2023-05-02,CLE,NYA,2,4,2023
2023-05-02,BAL,KCA,11,7,2023
2023-05-02,MIN,CHA,2,3,2023
2023-05-02,SFN,HOU,2,0,2023
2023-05-02,CHN,WAS,1,4,2023
2023-05-02,ANA,SLN,5,1,2023
2023-05-02,CIN,SDN,2,1,2023
2023-05-02,ATL,MIA,6,0,2023
2023-05-02,PHI,LAN,1,13,2023
2023-05-02,MIL,COL,2,3,2023
2023-05-02,TOR,BOS,6,7,2023
2023-05-03,NYN,DET,1,8,2023
2023-05-03,ARI,TEX,12,7,2023
2023-05-03,SEA,OAK,7,2,2023
2023-05-03,CLE,NYA,3,4,2023
2023-05-03,BAL,KCA,0,6,2023
2023-05-03,SFN,HOU,4,2,2023
2023-05-03,NYN,DET,5,6,2023
2023-05-03,PIT,TBA,1,8,2023
2023-05-03,TOR,BOS,3,8,2023
2023-05-03,CHN,WAS,1,2,2023
2023-05-03,ANA,SLN,6,4,2023
2023-05-03,CIN,SDN,1,7,2023
2023-05-03,ATL,MIA,14,6,2023
2023-05-03,PHI,LAN,6,10,2023
2023-05-03,MIN,CHA,4,6,2023
2023-05-03,MIL,COL,1,7,2023
2023-05-04,PIT,TBA,2,3,2023
2023-05-04,SEA,OAK,5,3,2023
2023-05-04,BAL,KCA,13,10,2023
2023-05-04,NYN,DET,0,2,2023
2023-05-04,MIN,CHA,7,3,2023
2023-05-04,TOR,BOS,5,11,2023
2023-05-04,CHN,WAS,3,4,2023
2023-05-04,ANA,SLN,11,7,2023
2023-05-04,ATL,MIA,6,3,2023
2023-05-04,MIL,COL,6,9,2023
2023-05-05,HOU,SEA,6,4,2023
2023-05-05,NYA,TBA,4,5,2023
2023-05-05,OAK,KCA,12,8,2023
2023-05-05,MIN,CLE,2,0,2023
2023-05-05,TEX,ANA,4,5,2023
2023-05-05,DET,SLN,5,4,2023
2023-05-05,MIL,SFN,4,6,2023
2023-05-05,BAL,ATL,9,4,2023
2023-05-05,TOR,PIT,4,0,2023
2023-05-05,BOS,PHI,5,3,2023
2023-05-05,COL,NYN,0,1,2023
2023-05-05,CHA,CIN,5,4,2023
2023-05-05,MIA,CHN,1,4,2023
2023-05-05,WAS,ARI,1,3,2023
2023-05-05,LAN,SDN,2,5,2023
2023-05-06,MIL,SFN,1,4,2023
2023-05-06,HOU,SEA,5,7,2023
2023-05-06,NYA,TBA,3,2,2023
2023-05-06,MIN,CLE,3,4,2023
2023-05-06,TEX,ANA,10,1,2023
2023-05-06,DET,SLN,6,5,2023
2023-05-06,LAN,SDN,2,1,2023
2023-05-06,OAK,KCA,5,4,2023
2023-05-06,BOS,PHI,7,4,2023
2023-05-06,COL,NYN,5,2,2023
2023-05-06,CHA,CIN,3,5,2023
2023-05-06,MIA,CHN,2,4,2023
2023-05-06,BAL,ATL,4,5,2023
2023-05-06,WAS,ARI,7,8,2023
2023-05-06,TOR,PIT,8,2,2023
2023-05-07,NYA,TBA,7,8,2023
2023-05-07,HOU,SEA,1,3,2023
2023-05-07,MIN,CLE,0,2,2023
2023-05-07,TEX,ANA,16,8,2023
2023-05-07,DET,SLN,6,12,2023
2023-05-07,MIL,SFN,7,3,2023
2023-05-07,LAN,SDN,5,2,2023
2023-05-07,OAK,KCA,1,5,2023
2023-05-07,BOS,PHI,1,6,2023
2023-05-07,COL,NYN,13,6,2023
2023-05-07,CHA,CIN,17,4,2023
2023-05-07,MIA,CHN,5,4,2023
2023-05-07,BAL,ATL,2,3,2023
2023-05-07,WAS,ARI,9,8,2023
2023-05-07,TOR,PIT,10,1,2023
2023-05-08,TEX,SEA,2,1,2023
2023-05-08,OAK,NYA,2,7,2023
2023-05-08,CHA,KCA,5,12,2023
2023-05-08,DET,CLE,6,2,2023
2023-05-08,TBA,BAL,3,0,2023
2023-05-08,HOU,ANA,4,6,2023
2023-05-08,COL,PIT,0,2,2023
2023-05-08,LAN,MIL,3,9,2023
2023-05-08,SLN,CHN,3,1,2023
2023-05-08,MIA,ARI,2,5,2023
2023-05-08,WAS,SFN,5,1,2023
2023-05-09,TBA,BAL,2,4,2023
2023-05-09,OAK,NYA,5,10,2023
2023-05-09,SDN,MIN,6,1,2023
2023-05-09,CHA,KCA,4,2,2023
2023-05-09,DET,CLE,0,2,2023
2023-05-09,TEX,SEA,0,5,2023
2023-05-09,HOU,ANA,3,1,2023
2023-05-09,LAN,MIL,6,2,2023
2023-05-09,COL,PIT,10,1,2023
2023-05-09,TOR,PHI,4,8,2023
2023-05-09,NYN,CIN,6,7,2023
2023-05-09,SLN,CHN,6,4,2023
2023-05-09,BOS,ATL,3,9,2023
2023-05-09,MIA,ARI,6,2,2023
2023-05-09,WAS,SFN,1,4,2023
2023-05-10,TEX,SEA,4,3,2023
2023-05-10,OAK,NYA,3,11,2023
2023-05-10,SDN,MIN,3,4,2023
2023-05-10,CHA,KCA,1,9,2023
2023-05-10,TBA,BAL,1,2,2023
2023-05-10,HOU,ANA,5,4,2023
2023-05-10,WAS,SFN,11,6,2023
2023-05-10,DET,CLE,5,0,2023
2023-05-10,TOR,PHI,1,2,2023
2023-05-10,LAN,MIL,8,1,2023
2023-05-10,NYN,CIN,2,1,2023
2023-05-10,SLN,CHN,4,10,2023
2023-05-10,BOS,ATL,5,2,2023
2023-05-10,MIA,ARI,5,4,2023
2023-05-10,COL,PIT,4,3,2023
2023-05-11,TEX,OAK,4,0,2023
2023-05-11,TBA,NYA,8,2,2023
2023-05-11,SDN,MIN,3,5,2023
2023-05-11,CHA,KCA,3,4,2023
2023-05-11,SFN,ARI,6,2,2023
2023-05-11,NYN,CIN,0,5,2023
2023-05-12,HOU,CHA,5,1,2023
2023-05-12,TEX,OAK,7,9,2023
2023-05-12,TBA,NYA,5,6,2023
2023-05-12,CHN,MIN,6,2,2023
2023-05-12,SEA,DET,9,2,2023
2023-05-12,ANA,CLE,5,4,2023
2023-05-12,SLN,BOS,8,6,2023
2023-05-12,ATL,TOR,0,3,2023
2023-05-12,NYN,WAS,3,2,2023
2023-05-12,KCA,MIL,1,5,2023
2023-05-12,CIN,MIA,7,4,2023
2023-05-12,SDN,LAN,2,4,2023
2023-05-12,PHI,COL,6,3,2023
2023-05-12,SFN,ARI,5,7,2023
2023-05-12,PIT,BAL,3,6,2023
2023-05-13,ATL,TOR,2,5,2023
2023-05-13,TEX,OAK,5,0,2023
2023-05-13,TBA,NYA,8,9,2023
2023-05-13,CHN,MIN,1,11,2023
2023-05-13,SEA,DET,5,0,2023
2023-05-13,ANA,CLE,6,8,2023
2023-05-13,HOU,CHA,1,3,2023
2023-05-13,SLN,BOS,4,3,2023
2023-05-13,PIT,BAL,0,2,2023
2023-05-13,NYN,WAS,2,3,2023
2023-05-13,KCA,MIL,3,4,2023
2023-05-13,CIN,MIA,6,5,2023
2023-05-13,SDN,LAN,2,4,2023
2023-05-13,PHI,COL,7,4,2023
2023-05-13,SFN,ARI,2,7,2023
2023-05-14,ATL,TOR,5,6,2023
2023-05-14,TBA,NYA,8,7,2023
2023-05-14,CHN,MIN,3,16,2023
2023-05-14,SEA,DET,3,5,2023
2023-05-14,ANA,CLE,3,4,2023
2023-05-14,HOU,CHA,4,3,2023
2023-05-14,SLN,BOS,9,1,2023
2023-05-14,TEX,OAK,11,3,2023
2023-05-14,NYN,WAS,8,2,2023
2023-05-14,KCA,MIL,6,9,2023
2023-05-14,CIN,MIA,1,3,2023
2023-05-14,SDN,LAN,0,4,2023
2023-05-14,PHI,COL,0,4,2023
2023-05-14,PIT,BAL,4,0,2023
2023-05-14,SFN,ARI,1,2,2023
2023-05-15,NYA,TOR,7,4,2023
2023-05-15,ATL,TEX,12,0,2023
2023-05-15,ARI,OAK,5,2,2023
2023-05-15,CHN,HOU,4,6,2023
2023-05-15,SEA,BOS,10,1,2023
2023-05-15,ANA,BAL,9,5,2023
2023-05-15,NYN,WAS,3,10,2023
2023-05-15,MIL,SLN,1,18,2023
2023-05-15,PHI,SFN,3,6,2023
2023-05-15,KCA,SDN,0,4,2023
2023-05-15,MIN,LAN,8,9,2023
2023-05-15,CIN,COL,8,9,2023
2023-05-16,ATL,TEX,4,7,2023
2023-05-16,NYA,TOR,6,3,2023
2023-05-16,ARI,OAK,8,9,2023
2023-05-16,CHN,HOU,3,7,2023
2023-05-16,PIT,DET,0,4,2023
2023-05-16,CLE,CHA,3,8,2023
2023-05-16,SEA,BOS,4,9,2023
2023-05-16,MIN,LAN,5,1,2023
2023-05-16,MIL,SLN,3,2,2023
2023-05-16,PHI,SFN,3,4,2023
2023-05-16,KCA,SDN,5,4,2023
2023-05-16,TBA,NYN,8,5,2023
2023-05-16,WAS,MIA,4,5,2023
2023-05-16,CIN,COL,3,1,2023
2023-05-16,ANA,BAL,3,7,2023
2023-05-17,CLE,CHA,2,7,2023
2023-05-17,NYA,TOR,0,3,2023
2023-05-17,ATL,TEX,6,5,2023
2023-05-17,ARI,OAK,5,3,2023
2023-05-17,CHN,HOU,6,7,2023
2023-05-17,PIT,DET,8,0,2023
2023-05-17,SEA,BOS,3,12,2023
2023-05-17,TBA,NYN,7,8,2023
2023-05-17,MIL,SLN,0,3,2023
2023-05-17,PHI,SFN,4,7,2023
2023-05-17,KCA,SDN,4,3,2023
2023-05-17,ANA,BAL,1,3,2023
2023-05-17,WAS,MIA,3,4,2023
2023-05-17,MIN,LAN,3,7,2023
2023-05-17,CIN,COL,6,11,2023
2023-05-18,NYA,TOR,4,2,2023
2023-05-18,CLE,CHA,3,1,2023
2023-05-18,ANA,BAL,6,5,2023
2023-05-18,LAN,SLN,8,16,2023
2023-05-18,TBA,NYN,2,3,2023
2023-05-18,WAS,MIA,3,5,2023
2023-05-19,BAL,TOR,6,2,2023
2023-05-19,COL,TEX,2,7,2023
2023-05-19,MIL,TBA,0,1,2023
2023-05-19,OAK,HOU,1,5,2023
2023-05-19,KCA,CHA,0,2,2023
2023-05-19,MIN,ANA,4,5,2023
2023-05-19,DET,WAS,8,6,2023
2023-05-19,ARI,PIT,3,13,2023
2023-05-19,MIA,SFN,3,4,2023
2023-05-19,BOS,SDN,6,1,2023
2023-05-19,CHN,PHI,10,1,2023
2023-05-19,CLE,NYN,9,10,2023
2023-05-19,NYA,CIN,6,2,2023
2023-05-19,SEA,ATL,2,6,2023
2023-05-19,LAN,SLN,5,0,2023
2023-05-20,MIN,ANA,6,2,2023
2023-05-20,COL,TEX,5,11,2023
2023-05-20,MIL,TBA,4,8,2023
2023-05-20,OAK,HOU,2,3,2023
2023-05-20,BAL,TOR,6,5,2023
2023-05-20,KCA,CHA,1,5,2023
2023-05-20,DET,WAS,2,5,2023
2023-05-20,ARI,PIT,4,3,2023
2023-05-20,MIA,SFN,1,0,2023
2023-05-20,BOS,SDN,4,2,2023
2023-05-20,CHN,PHI,3,12,2023
2023-05-20,NYA,CIN,7,4,2023
2023-05-20,SEA,ATL,7,3,2023
2023-05-20,LAN,SLN,5,6,2023
2023-05-21,BAL,TOR,8,3,2023
2023-05-21,COL,TEX,3,13,2023
2023-05-21,MIL,TBA,6,4,2023
2023-05-21,OAK,HOU,0,2,2023
2023-05-21,KCA,CHA,2,5,2023
2023-05-21,MIN,ANA,2,4,2023
2023-05-21,DET,WAS,4,6,2023
2023-05-21,LAN,SLN,5,10,2023
2023-05-21,MIA,SFN,5,7,2023
2023-05-21,ARI,PIT,8,3,2023
2023-05-21,CHN,PHI,1,2,2023
2023-05-21,CLE,NYN,1,2,2023
2023-05-21,CLE,NYN,4,5,2023
2023-05-21,NYA,CIN,4,1,2023
2023-05-21,SEA,ATL,2,3,2023
2023-05-21,BOS,SDN,0,7,2023
2023-05-22,CHA,CLE,0,3,2023
2023-05-22,TOR,TBA,4,6,2023
2023-05-22,SFN,MIN,4,1,2023
2023-05-22,DET,KCA,8,5,2023
2023-05-22,BOS,ANA,1,2,2023
2023-05-22,OAK,SEA,2,11,2023
2023-05-22,ARI,PHI,6,3,2023
2023-05-22,HOU,MIL,12,2,2023
2023-05-22,MIA,COL,3,5,2023
2023-05-22,SLN,CIN,5,6,2023
2023-05-22,TEX,PIT,4,6,2023
2023-05-22,LAN,ATL,8,6,2023
2023-05-23,TOR,TBA,20,1,2023
2023-05-23,OAK,SEA,2,3,2023
2023-05-23,BAL,NYA,5,6,2023
2023-05-23,SFN,MIN,4,3,2023
2023-05-23,DET,KCA,1,4,2023
2023-05-23,CHA,CLE,4,2,2023
2023-05-23,BOS,ANA,0,4,2023
2023-05-23,SDN,WAS,7,4,2023
2023-05-23,TEX,PIT,6,1,2023
2023-05-23,ARI,PHI,4,3,2023
2023-05-23,HOU,MIL,0,6,2023
2023-05-23,MIA,COL,4,5,2023
2023-05-23,SLN,CIN,8,5,2023
2023-05-23,NYN,CHN,2,7,2023
2023-05-23,LAN,ATL,8,1,2023
2023-05-24,TOR,TBA,3,7,2023
2023-05-24,OAK,SEA,1,6,2023
2023-05-24,SFN,MIN,1,7,2023
2023-05-24,DET,KCA,6,4,2023
2023-05-24,CHA,CLE,6,0,2023
2023-05-24,BOS,ANA,3,7,2023
2023-05-24,SDN,WAS,3,5,2023
2023-05-24,BAL,NYA,9,6,2023
2023-05-24,ARI,PHI,5,6,2023
2023-05-24,HOU,MIL,0,4,2023
2023-05-24,MIA,COL,10,2,2023
2023-05-24,SLN,CIN,3,10,2023
2023-05-24,TEX,PIT,3,2,2023
2023-05-24,NYN,CHN,2,4,2023
2023-05-24,LAN,ATL,3,4,2023
2023-05-25,TOR,TBA,3,6,2023
2023-05-25,OAK,SEA,2,3,2023
2023-05-25,BAL,NYA,3,1,2023
2023-05-25,CHA,DET,2,7,2023
2023-05-25,SDN,WAS,8,6,2023
2023-05-25,SFN,MIL,5,0,2023
2023-05-25,MIA,COL,6,7,2023
2023-05-25,SLN,CIN,2,1,2023
2023-05-25,NYN,CHN,10,1,2023
2023-05-25,PHI,ATL,5,8,2023
2023-05-26,PIT,SEA,11,6,2023
2023-05-26,HOU,OAK,5,2,2023
2023-05-26,LAN,TBA,3,9,2023
2023-05-26,SDN,NYA,5,1,2023
2023-05-26,TOR,MIN,3,1,2023
2023-05-26,WAS,KCA,12,10,2023
2023-05-26,CHA,DET,12,3,2023
2023-05-26,CIN,CHN,9,0,2023
2023-05-26,TEX,BAL,12,2,2023
2023-05-26,MIA,ANA,6,2,2023
2023-05-26,SFN,MIL,15,1,2023
2023-05-26,NYN,COL,5,2,2023
2023-05-26,PHI,ATL,6,4,2023
2023-05-26,BOS,ARI,7,2,2023
2023-05-26,SLN,CLE,3,4,2023
2023-05-27,CHA,DET,3,7,2023
2023-05-27,PIT,SEA,0,5,2023
2023-05-27,HOU,OAK,6,3,2023
2023-05-27,LAN,TBA,6,5,2023
2023-05-27,TOR,MIN,7,9,2023
2023-05-27,WAS,KCA,4,2,2023
2023-05-27,SLN,CLE,2,1,2023
2023-05-27,SDN,NYA,2,3,2023
2023-05-27,MIA,ANA,8,5,2023
2023-05-27,SFN,MIL,3,1,2023
2023-05-27,NYN,COL,7,10,2023
2023-05-27,CIN,CHN,8,5,2023
2023-05-27,PHI,ATL,2,1,2023
2023-05-27,BOS,ARI,2,1,2023
2023-05-27,TEX,BAL,5,3,2023
2023-05-28,LAN,TBA,10,11,2023
2023-05-28,PIT,SEA,3,6,2023
2023-05-28,SDN,NYA,7,10,2023
2023-05-28,TOR,MIN,3,0,2023
2023-05-28,WAS,KCA,2,3,2023
2023-05-28,CHA,DET,5,6,2023
2023-05-28,SLN,CLE,3,4,2023
2023-05-28,HOU,OAK,10,1,2023
2023-05-28,MIA,ANA,2,0,2023
2023-05-28,SFN,MIL,5,7,2023
2023-05-28,NYN,COL,10,11,2023
2023-05-28,CIN,CHN,8,5,2023
2023-05-28,PHI,ATL,4,11,2023
2023-05-28,BOS,ARI,2,4,2023
2023-05-28,TEX,BAL,2,3,2023
2023-05-29,NYA,SEA,10,4,2023
2023-05-29,ATL,OAK,2,7,2023
2023-05-29,MIN,HOU,7,5,2023
2023-05-29,TEX,DET,5,0,2023
2023-05-29,ANA,CHA,6,4,2023
2023-05-29,CLE,BAL,5,0,2023
2023-05-29,PIT,SFN,4,14,2023
2023-05-29,WAS,LAN,1,6,2023
2023-05-29,TBA,CHN,0,1,2023
2023-05-29,COL,ARI,5,7,2023
2023-05-29,KCA,SLN,7,0,2023
2023-05-30,ANA,CHA,3,7,2023
2023-05-30,NYA,SEA,10,2,2023
2023-05-30,ATL,OAK,1,2,2023
2023-05-30,MIN,HOU,1,5,2023
2023-05-30,TEX,DET,10,6,2023
2023-05-30,MIL,TOR,2,7,2023
2023-05-30,CIN,BOS,9,8,2023
2023-05-30,PHI,NYN,0,2,2023
2023-05-30,KCA,SLN,1,2,2023
2023-05-30,PIT,SFN,2,1,2023
2023-05-30,SDN,MIA,9,4,2023
2023-05-30,WAS,LAN,3,9,2023
2023-05-30,TBA,CHN,1,2,2023
2023-05-30,COL,ARI,1,5,2023
2023-05-30,CLE,BAL,5,8,2023
2023-05-31,MIL,TOR,4,2,2023
2023-05-31,NYA,SEA,0,1,2023
2023-05-31,ATL,OAK,4,2,2023
2023-05-31,TEX,DET,2,3,2023
2023-05-31,ANA,CHA,12,5,2023
2023-05-31,CIN,BOS,5,4,2023
2023-05-31,MIN,HOU,8,2,2023
2023-05-31,PIT,SFN,9,4,2023
2023-05-31,PHI,NYN,1,4,2023
2023-05-31,SDN,MIA,1,2,2023
2023-05-31,WAS,LAN,10,6,2023
2023-05-31,TBA,CHN,4,3,2023
2023-05-31,COL,ARI,0,6,2023
2023-05-31,CLE,BAL,12,8,2023
2023-06-01,MIL,TOR,1,3,2023
2023-06-01,CLE,MIN,6,7,2023
2023-06-01,ANA,HOU,2,5,2023
2023-06-01,CIN,BOS,2,8,2023
2023-06-01,SDN,MIA,10,1,2023
2023-06-01,COL,ARI,4,5,2023
2023-06-01,PHI,NYN,2,4,2023
2023-06-02,PHI,WAS,7,8,2023
2023-06-02,SEA,TEX,0,2,2023
2023-06-02,CLE,MIN,0,1,2023
2023-06-02,COL,KCA,7,2,2023
2023-06-02,ANA,HOU,2,6,2023
2023-06-02,DET,CHA,0,3,2023
2023-06-02,BAL,SFN,3,2,2023
2023-06-02,TOR,NYN,3,0,2023
2023-06-02,SLN,PIT,5,7,2023
2023-06-02,CHN,SDN,2,1,2023
2023-06-02,OAK,MIA,0,4,2023
2023-06-02,NYA,LAN,4,8,2023
2023-06-02,MIL,CIN,5,4,2023
2023-06-02,ATL,ARI,2,3,2023
2023-06-03,SEA,TEX,6,16,2023
2023-06-03,CLE,MIN,4,2,2023
2023-06-03,COL,KCA,6,4,2023
2023-06-03,ANA,HOU,6,9,2023
2023-06-03,DET,CHA,1,2,2023
2023-06-03,TBA,BOS,4,2,2023
2023-06-03,TBA,BOS,5,8,2023
2023-06-03,PHI,WAS,4,2,2023
2023-06-03,CHN,SDN,0,6,2023
2023-06-03,SLN,PIT,3,4,2023
2023-06-03,TOR,NYN,2,1,2023
2023-06-03,OAK,MIA,1,12,2023
2023-06-03,NYA,LAN,6,3,2023
2023-06-03,MIL,CIN,10,8,2023
2023-06-03,ATL,ARI,5,2,2023
2023-06-03,BAL,SFN,0,4,2023
2023-06-04,PHI,WAS,11,3,2023
2023-06-04,SEA,TEX,3,12,2023
2023-06-04,CLE,MIN,2,1,2023
2023-06-04,COL,KCA,0,2,2023
2023-06-04,ANA,HOU,2,1,2023
2023-06-04,TBA,BOS,6,2,2023
2023-06-04,BAL,SFN,8,3,2023
2023-06-04,DET,CHA,2,6,2023
2023-06-04,SLN,PIT,1,2,2023
2023-06-04,TOR,NYN,6,4,2023
2023-06-04,CHN,SDN,7,1,2023
2023-06-04,OAK,MIA,5,7,2023
2023-06-04,NYA,LAN,4,1,2023
2023-06-04,MIL,CIN,5,1,2023
2023-06-04,ATL,ARI,8,5,2023
2023-06-05,HOU,TOR,11,4,2023
2023-06-05,SLN,TEX,3,4,2023
2023-06-05,TBA,BOS,4,1,2023
2023-06-05,CHN,SDN,0,5,2023
2023-06-05,OAK,PIT,4,5,2023
2023-06-05,DET,PHI,3,8,2023
2023-06-05,KCA,MIA,6,9,2023
2023-06-05,MIL,CIN,0,2,2023
2023-06-06,SLN,TEX,4,6,2023
2023-06-06,MIN,TBA,0,7,2023
2023-06-06,HOU,TOR,1,5,2023
2023-06-06,CHA,NYA,3,2,2023
2023-06-06,BOS,CLE,5,4,2023
2023-06-06,CHN,ANA,4,7,2023
2023-06-06,ARI,WAS,10,5,2023
2023-06-06,SFN,COL,10,4,2023
2023-06-06,OAK,PIT,11,2,2023
2023-06-06,DET,PHI,0,1,2023
2023-06-06,BAL,MIL,3,4,2023
2023-06-06,KCA,MIA,1,6,2023
2023-06-06,LAN,CIN,8,9,2023
2023-06-06,NYN,ATL,4,6,2023
2023-06-06,SEA,SDN,4,1,2023
2023-06-07,ARI,WAS,6,2,2023
2023-06-07,HOU,TOR,2,3,2023
2023-06-07,MIN,TBA,1,2,2023
2023-06-07,BOS,CLE,2,5,2023
2023-06-07,CHN,ANA,2,6,2023
2023-06-07,SEA,SDN,3,10,2023
2023-06-07,SLN,TEX,1,0,2023
2023-06-07,BAL,MIL,2,10,2023
2023-06-07,NYN,ATL,5,7,2023
2023-06-07,LAN,CIN,6,8,2023
2023-06-07,OAK,PIT,9,5,2023
2023-06-07,KCA,MIA,1,6,2023
2023-06-07,SFN,COL,5,4,2023
2023-06-08,CHA,NYA,0,3,2023
2023-06-08,NYN,ATL,10,13,2023
2023-06-08,LAN,CIN,6,0,2023
2023-06-08,SFN,COL,6,4,2023
2023-06-08,BAL,MIL,6,3,2023
2023-06-08,DET,PHI,2,3,2023
2023-06-08,CHN,ANA,1,3,2023
2023-06-08,BOS,CLE,3,10,2023
2023-06-08,CHA,NYA,6,5,2023
2023-06-08,MIN,TBA,2,4,2023
2023-06-08,HOU,TOR,2,3,2023
2023-06-09,HOU,CLE,9,10,2023
2023-06-09,ARI,DET,11,6,2023
2023-06-09,NYN,PIT,7,14,2023
2023-06-09,TEX,TBA,3,8,2023
2023-06-09,MIN,TOR,3,2,2023
2023-06-09,MIA,CHA,1,2,2023
2023-06-09,BOS,NYA,3,2,2023
2023-06-09,KCA,BAL,2,3,2023
2023-06-09,OAK,MIL,5,2,2023
2023-06-09,CIN,SLN,4,7,2023
2023-06-09,CHN,SFN,3,2,2023
2023-06-09,LAN,PHI,4,5,2023
2023-06-09,SDN,COL,9,6,2023
2023-06-09,WAS,ATL,2,3,2023
2023-06-09,SEA,ANA,4,5,2023
2023-06-10,KCA,BAL,1,6,2023
2023-06-10,TEX,TBA,8,4,2023
2023-06-10,BOS,NYA,1,3,2023
2023-06-10,ARI,DET,5,0,2023
2023-06-10,HOU,CLE,6,4,2023
2023-06-10,MIA,CHA,5,1,2023
2023-06-10,MIN,TOR,9,4,2023
2023-06-10,CIN,SLN,8,4,2023
2023-06-10,CHN,SFN,4,0,2023
2023-06-10,NYN,PIT,5,1,2023
2023-06-10,LAN,PHI,9,0,2023
2023-06-10,OAK,MIL,2,1,2023
2023-06-10,SDN,COL,3,2,2023
2023-06-10,WAS,ATL,4,6,2023
2023-06-10,SEA,ANA,6,2,2023
2023-06-11,MIN,TOR,6,7,2023
2023-06-11,TEX,TBA,3,7,2023
2023-06-11,BOS,NYA,3,2,2023
2023-06-11,HOU,CLE,0,5,2023
2023-06-11,MIA,CHA,6,5,2023
2023-06-11,KCA,BAL,3,11,2023
2023-06-11,SEA,ANA,4,9,2023
2023-06-11,ARI,DET,7,5,2023
2023-06-11,CHN,SFN,3,13,2023
2023-06-11,NYN,PIT,1,2,2023
2023-06-11,LAN,PHI,3,7,2023
2023-06-11,OAK,MIL,8,6,2023
2023-06-11,SDN,COL,4,5,2023
2023-06-11,WAS,ATL,6,2,2023
2023-06-11,CIN,SLN,4,3,2023
2023-06-12,ANA,TEX,9,6,2023
2023-06-12,MIA,SEA,1,8,2023
2023-06-12,TBA,OAK,3,4,2023
2023-06-12,CIN,KCA,5,4,2023
2023-06-12,ATL,DET,5,6,2023
2023-06-12,SFN,SLN,4,3,2023
2023-06-12,PHI,ARI,8,9,2023
2023-06-12,COL,BOS,4,3,2023
2023-06-13,WAS,HOU,1,6,2023
2023-06-13,ANA,TEX,7,3,2023
2023-06-13,MIA,SEA,3,9,2023
2023-06-13,TBA,OAK,1,2,2023
2023-06-13,MIL,MIN,5,7,2023
2023-06-13,CIN,KCA,5,4,2023
2023-06-13,COL,BOS,7,6,2023
2023-06-13,PHI,ARI,15,3,2023
2023-06-13,SFN,SLN,11,3,2023
2023-06-13,CLE,SDN,3,6,2023
2023-06-13,NYA,NYN,7,6,2023
2023-06-13,CHA,LAN,1,5,2023
2023-06-13,PIT,CHN,3,11,2023
2023-06-13,TOR,BAL,6,11,2023
2023-06-14,ANA,TEX,3,6,2023
2023-06-14,MIA,SEA,4,1,2023
2023-06-14,MIL,MIN,2,4,2023
2023-06-14,CIN,KCA,7,4,2023
2023-06-14,WAS,HOU,4,5,2023
2023-06-14,ATL,DET,6,5,2023
2023-06-14,ATL,DET,10,7,2023
2023-06-14,TBA,OAK,6,3,2023
2023-06-14,TOR,BAL,3,1,2023
2023-06-14,SFN,SLN,8,5,2023
2023-06-14,CLE,SDN,0,5,2023
2023-06-14,NYA,NYN,3,4,2023
2023-06-14,CHA,LAN,8,4,2023
2023-06-14,PIT,CHN,6,10,2023
2023-06-14,PHI,ARI,4,3,2023
2023-06-14,COL,BOS,3,6,2023
2023-06-15,ANA,TEX,5,3,2023
2023-06-15,TBA,OAK,4,3,2023
2023-06-15,DET,MIN,8,4,2023
2023-06-15,WAS,HOU,4,1,2023
2023-06-15,TOR,BAL,2,4,2023
2023-06-15,CLE,SDN,8,6,2023
2023-06-15,PIT,CHN,2,7,2023
2023-06-15,COL,ATL,3,8,2023
2023-06-15,PHI,ARI,5,4,2023
2023-06-15,CHA,LAN,4,5,2023
2023-06-16,CIN,HOU,2,1,2023
2023-06-16,TOR,TEX,2,1,2023
2023-06-16,CHA,SEA,2,3,2023
2023-06-16,PHI,OAK,6,1,2023
2023-06-16,DET,MIN,7,1,2023
2023-06-16,ANA,KCA,3,0,2023
2023-06-16,NYA,BOS,5,15,2023
2023-06-16,BAL,CHN,3,10,2023
2023-06-16,TBA,SDN,6,2,2023
2023-06-16,SLN,NYN,1,6,2023
2023-06-16,PIT,MIL,4,5,2023
2023-06-16,SFN,LAN,7,5,2023
2023-06-16,COL,ATL,1,8,2023
2023-06-16,CLE,ARI,1,5,2023
2023-06-16,MIA,WAS,6,5,2023
2023-06-17,TOR,TEX,2,4,2023
2023-06-17,CHA,SEA,4,3,2023
2023-06-17,PHI,OAK,3,2,2023
2023-06-17,DET,MIN,0,2,2023
2023-06-17,ANA,KCA,9,10,2023
2023-06-17,CIN,HOU,10,3,2023
2023-06-17,MIA,WAS,5,2,2023
2023-06-17,SLN,NYN,5,3,2023
2023-06-17,PIT,MIL,0,5,2023
2023-06-17,SFN,LAN,15,0,2023
2023-06-17,BAL,CHN,2,3,2023
2023-06-17,COL,ATL,2,10,2023
2023-06-17,CLE,ARI,3,6,2023
2023-06-17,TBA,SDN,0,2,2023
2023-06-18,NYA,BOS,1,4,2023
2023-06-18,CHA,SEA,1,5,2023
2023-06-18,PHI,OAK,3,2,2023
2023-06-18,DET,MIN,6,4,2023
2023-06-18,TOR,TEX,7,11,2023
2023-06-18,ANA,KCA,5,2,2023
2023-06-18,CIN,HOU,9,7,2023
2023-06-18,NYA,BOS,2,6,2023
2023-06-18,SFN,LAN,7,3,2023
2023-06-18,TBA,SDN,4,5,2023
2023-06-18,SLN,NYN,8,7,2023
2023-06-18,PIT,MIL,2,5,2023
2023-06-18,BAL,CHN,6,3,2023
2023-06-18,COL,ATL,6,14,2023
2023-06-18,CLE,ARI,12,3,2023
2023-06-18,MIA,WAS,4,2,2023
2023-06-19,BOS,MIN,9,3,2023
2023-06-19,NYN,HOU,11,1,2023
2023-06-19,KCA,DET,4,6,2023
2023-06-19,TEX,CHA,5,2,2023
2023-06-19,SLN,WAS,8,6,2023
2023-06-19,SDN,SFN,4,7,2023
2023-06-19,CHN,PIT,8,0,2023
2023-06-19,ARI,MIL,9,1,2023
2023-06-19,TOR,MIA,0,11,2023
2023-06-19,COL,CIN,4,5,2023
2023-06-20,SEA,NYA,1,3,2023
2023-06-20,BAL,TBA,8,6,2023
2023-06-20,NYN,HOU,2,4,2023
2023-06-20,KCA,DET,1,0,2023
2023-06-20,OAK,CLE,2,3,2023
2023-06-20,TEX,CHA,6,7,2023
2023-06-20,LAN,ANA,2,0,2023
2023-06-20,BOS,MIN,10,4,2023
2023-06-20,SDN,SFN,3,4,2023
2023-06-20,CHN,PIT,4,0,2023
2023-06-20,ATL,PHI,4,2,2023
2023-06-20,ARI,MIL,5,7,2023
2023-06-20,TOR,MIA,2,0,2023
2023-06-20,COL,CIN,6,8,2023
2023-06-20,SLN,WAS,9,3,2023
2023-06-21,BAL,TBA,2,7,2023
2023-06-21,SEA,NYA,2,4,2023
2023-06-21,BOS,MIN,4,5,2023
2023-06-21,KCA,DET,4,9,2023
2023-06-21,OAK,CLE,6,7,2023
2023-06-21,TEX,CHA,6,3,2023
2023-06-21,NYN,HOU,8,10,2023
2023-06-21,SLN,WAS,0,3,2023
2023-06-21,SDN,SFN,2,4,2023
2023-06-21,CHN,PIT,8,3,2023
2023-06-21,ARI,MIL,5,1,2023
2023-06-21,TOR,MIA,6,3,2023
2023-06-21,COL,CIN,3,5,2023
2023-06-21,LAN,ANA,2,0,2023
2023-06-22,KCA,TBA,6,5,2023
2023-06-22,SEA,NYA,10,2,2023
2023-06-22,BOS,MIN,0,6,2023
2023-06-22,OAK,CLE,1,6,2023
2023-06-22,ARI,WAS,5,3,2023
2023-06-22,ATL,PHI,5,1,2023
2023-06-22,PIT,MIA,4,6,2023
2023-06-22,SDN,SFN,10,0,2023
2023-06-23,BOS,CHA,3,1,2023
2023-06-23,OAK,TOR,5,4,2023
2023-06-23,TEX,NYA,4,2,2023
2023-06-23,MIN,DET,4,1,2023
2023-06-23,MIL,CLE,7,1,2023
2023-06-23,SEA,BAL,13,1,2023
2023-06-23,KCA,TBA,3,11,2023
2023-06-23,WAS,SDN,3,13,2023
2023-06-23,NYN,PHI,1,5,2023
2023-06-23,PIT,MIA,3,1,2023
2023-06-23,HOU,LAN,2,3,2023
2023-06-23,ANA,COL,4,7,2023
2023-06-23,ARI,SFN,5,8,2023
2023-06-23,ATL,CIN,10,11,2023
2023-06-24,OAK,TOR,3,7,2023
2023-06-24,KCA,TBA,9,4,2023
2023-06-24,MIN,DET,2,3,2023
2023-06-24,MIL,CLE,2,4,2023
2023-06-24,BOS,CHA,4,5,2023
2023-06-24,SEA,BAL,4,6,2023
2023-06-24,CHN,SLN,9,1,2023
2023-06-24,TEX,NYA,0,1,2023
2023-06-24,WAS,SDN,2,0,2023
2023-06-24,NYN,PHI,4,2,2023
2023-06-24,PIT,MIA,3,4,2023
2023-06-24,HOU,LAN,7,8,2023
2023-06-24,ANA,COL,25,1,2023
2023-06-24,ATL,CIN,7,6,2023
2023-06-24,ARI,SFN,6,7,2023
2023-06-25,OAK,TOR,1,12,2023
2023-06-25,KCA,TBA,1,3,2023
2023-06-25,TEX,NYA,3,5,2023
2023-06-25,MIN,DET,6,3,2023
2023-06-25,MIL,CLE,5,4,2023
2023-06-25,BOS,CHA,1,4,2023
2023-06-25,SEA,BAL,2,3,2023
2023-06-25,WAS,SDN,8,3,2023
2023-06-25,ARI,SFN,5,2,2023
2023-06-25,NYN,PHI,6,7,2023
2023-06-25,PIT,MIA,0,2,2023
2023-06-25,HOU,LAN,6,5,2023
2023-06-25,ANA,COL,3,4,2023
2023-06-25,ATL,CIN,7,6,2023
2023-06-25,CHN,SLN,5,7,2023
2023-06-26,WAS,SEA,4,8,2023
2023-06-26,DET,TEX,7,2,2023
2023-06-26,CIN,BAL,3,10,2023
2023-06-26,CHA,ANA,1,2,2023
2023-06-26,MIL,NYN,2,1,2023
2023-06-26,MIN,ATL,1,4,2023
2023-06-27,SFN,TOR,3,0,2023
2023-06-27,DET,TEX,3,8,2023
2023-06-27,WAS,SEA,7,4,2023
2023-06-27,NYA,OAK,1,2,2023
2023-06-27,CLE,KCA,2,1,2023
2023-06-27,CIN,BAL,3,1,2023
2023-06-27,CHA,ANA,2,4,2023
2023-06-27,MIA,BOS,10,1,2023
2023-06-27,SDN,PIT,4,9,2023
2023-06-27,MIL,NYN,2,7,2023
2023-06-27,LAN,COL,5,0,2023
2023-06-27,PHI,CHN,5,1,2023
2023-06-27,MIN,ATL,2,6,2023
2023-06-27,TBA,ARI,4,8,2023
2023-06-27,HOU,SLN,2,4,2023
2023-06-28,MIA,BOS,6,2,2023
2023-06-28,SFN,TOR,1,6,2023
2023-06-28,DET,TEX,2,10,2023
2023-06-28,WAS,SEA,4,1,2023
2023-06-28,NYA,OAK,11,0,2023
2023-06-28,CLE,KCA,14,1,2023
2023-06-28,CIN,BAL,11,7,2023
2023-06-28,MIN,ATL,0,3,2023
2023-06-28,HOU,SLN,10,7,2023
2023-06-28,SDN,PIT,1,7,2023
2023-06-28,MIL,NYN,5,2,2023
2023-06-28,LAN,COL,8,9,2023
2023-06-28,PHI,CHN,8,5,2023
2023-06-28,TBA,ARI,3,2,2023
2023-06-28,CHA,ANA,11,5,2023
2023-06-29,MIA,BOS,2,0,2023
2023-06-29,SFN,TOR,1,2,2023
2023-06-29,DET,TEX,8,5,2023
2023-06-29,NYA,OAK,10,4,2023
2023-06-29,CLE,KCA,3,4,2023
2023-06-29,CHA,ANA,9,7,2023
2023-06-29,TBA,ARI,6,1,2023
2023-06-29,SDN,PIT,4,5,2023
2023-06-29,MIL,NYN,3,2,2023
2023-06-29,LAN,COL,14,3,2023
2023-06-29,PHI,CHN,3,1,2023
2023-06-29,HOU,SLN,14,0,2023
2023-06-30,BOS,TOR,5,0,2023
2023-06-30,HOU,TEX,5,3,2023
2023-06-30,TBA,SEA,15,4,2023
2023-06-30,CHA,OAK,4,7,2023
2023-06-30,LAN,KCA,9,3,2023
2023-06-30,MIN,BAL,8,1,2023
2023-06-30,ARI,ANA,6,2,2023
2023-06-30,WAS,PHI,2,1,2023
2023-06-30,SFN,NYN,5,4,2023
2023-06-30,DET,COL,5,8,2023
2023-06-30,SDN,CIN,5,7,2023
2023-06-30,CLE,CHN,1,10,2023
2023-06-30,MIA,ATL,4,16,2023
2023-06-30,MIL,PIT,7,8,2023
2023-07-01,ARI,ANA,3,1,2023
2023-07-01,BOS,TOR,7,6,2023
2023-07-01,TBA,SEA,3,8,2023
2023-07-01,CHA,OAK,6,7,2023
2023-07-01,LAN,KCA,4,6,2023
2023-07-01,MIN,BAL,1,0,2023
2023-07-01,NYA,SLN,6,2,2023
2023-07-01,HOU,TEX,2,5,2023
2023-07-01,MIL,PIT,11,8,2023
2023-07-01,WAS,PHI,4,19,2023
2023-07-01,SFN,NYN,1,4,2023
2023-07-01,DET,COL,4,2,2023
2023-07-01,SDN,CIN,12,5,2023
2023-07-01,CLE,CHN,6,0,2023
2023-07-01,MIA,ATL,0,7,2023
2023-07-01,NYA,SLN,4,11,2023
2023-07-02,BOS,TOR,5,4,2023
2023-07-02,HOU,TEX,5,3,2023
2023-07-02,TBA,SEA,6,7,2023
2023-07-02,LAN,KCA,1,9,2023
2023-07-02,MIN,BAL,1,2,2023
2023-07-02,ARI,ANA,2,5,2023
2023-07-02,NYA,SLN,1,5,2023
2023-07-02,CHA,OAK,8,7,2023
2023-07-02,WAS,PHI,5,4,2023
2023-07-02,SFN,NYN,4,8,2023
2023-07-02,DET,COL,14,9,2023
2023-07-02,SDN,CIN,3,4,2023
2023-07-02,CLE,CHN,8,6,2023
2023-07-02,MIA,ATL,3,6,2023
2023-07-02,MIL,PIT,6,3,2023
2023-07-03,HOU,TEX,12,11,2023
2023-07-03,BAL,NYA,3,6,2023
2023-07-03,KCA,MIN,4,8,2023
2023-07-03,ATL,CLE,4,2,2023
2023-07-03,CIN,WAS,3,2,2023
2023-07-03,SEA,SFN,6,5,2023
2023-07-03,CHN,MIL,6,8,2023
2023-07-03,SLN,MIA,4,5,2023
2023-07-03,PIT,LAN,2,5,2023
2023-07-03,ANA,SDN,3,10,2023
2023-07-04,ATL,CLE,5,6,2023
2023-07-04,PHI,TBA,3,1,2023
2023-07-04,BAL,NYA,4,8,2023
2023-07-04,KCA,MIN,3,9,2023
2023-07-04,COL,HOU,1,4,2023
2023-07-04,OAK,DET,1,0,2023
2023-07-04,TOR,CHA,4,3,2023
2023-07-04,ANA,SDN,5,8,2023
2023-07-04,CIN,WAS,8,4,2023
2023-07-04,NYN,ARI,8,5,2023
2023-07-04,PIT,LAN,9,7,2023
2023-07-04,SLN,MIA,2,15,2023
2023-07-04,TEX,BOS,6,2,2023
2023-07-04,CHN,MIL,7,6,2023
2023-07-04,SEA,SFN,6,0,2023
2023-07-05,BAL,NYA,6,3,2023
2023-07-05,KCA,MIN,0,5,2023
2023-07-05,COL,HOU,4,6,2023
2023-07-05,OAK,DET,12,3,2023
2023-07-05,ATL,CLE,8,1,2023
2023-07-05,TEX,BOS,2,4,2023
2023-07-05,PHI,TBA,8,4,2023
2023-07-05,SEA,SFN,0,2,2023
2023-07-05,ANA,SDN,3,5,2023
2023-07-05,CHN,MIL,4,3,2023
2023-07-05,SLN,MIA,9,10,2023
2023-07-05,PIT,LAN,4,6,2023
2023-07-05,NYN,ARI,2,1,2023
2023-07-05,CIN,WAS,9,2,2023
2023-07-06,PHI,TBA,3,1,2023
2023-07-06,BAL,NYA,14,1,2023
2023-07-06,SEA,HOU,5,1,2023
2023-07-06,OAK,DET,0,9,2023
2023-07-06,KCA,CLE,1,6,2023
2023-07-06,TOR,CHA,5,4,2023
2023-07-06,CHN,MIL,5,6,2023
2023-07-06,TEX,BOS,6,10,2023
2023-07-06,CIN,WAS,5,4,2023
2023-07-06,PIT,LAN,2,5,2023
2023-07-06,NYN,ARI,9,0,2023
2023-07-06,TOR,CHA,6,2,2023
2023-07-06,SLN,MIA,3,0,2023
2023-07-07,TOR,DET,12,2,2023
2023-07-07,SEA,HOU,10,1,2023
2023-07-07,CIN,MIL,3,7,2023
2023-07-07,CHN,NYA,3,0,2023
2023-07-07,ATL,TBA,2,1,2023
2023-07-07,KCA,CLE,0,3,2023
2023-07-07,BAL,MIN,3,1,2023
2023-07-07,SLN,CHA,7,8,2023
2023-07-07,ANA,LAN,4,11,2023
2023-07-07,TEX,WAS,7,2,2023
2023-07-07,COL,SFN,5,2,2023
2023-07-07,NYN,SDN,7,5,2023
2023-07-07,PHI,MIA,4,3,2023
2023-07-07,PIT,ARI,3,7,2023
2023-07-07,OAK,BOS,3,7,2023
2023-07-08,ATL,TBA,6,1,2023
2023-07-08,CHN,NYA,3,6,2023
2023-07-08,BAL,MIN,6,2,2023
2023-07-08,SEA,HOU,2,3,2023
2023-07-08,TOR,DET,0,2,2023
2023-07-08,KCA,CLE,6,10,2023
2023-07-08,SLN,CHA,3,0,2023
2023-07-08,OAK,BOS,3,10,2023
2023-07-08,COL,SFN,3,5,2023
2023-07-08,NYN,SDN,1,3,2023
2023-07-08,CIN,MIL,8,5,2023
2023-07-08,PHI,MIA,3,5,2023
2023-07-08,ANA,LAN,5,10,2023
2023-07-08,PIT,ARI,2,3,2023
2023-07-08,TEX,WAS,3,8,2023
2023-07-09,SLN,CHA,4,3,2023
2023-07-09,CHN,NYA,7,4,2023
2023-07-09,BAL,MIN,15,2,2023
2023-07-09,SEA,HOU,3,1,2023
2023-07-09,TOR,DET,4,3,2023
2023-07-09,KCA,CLE,4,1,2023
2023-07-09,ATL,TBA,4,10,2023
2023-07-09,OAK,BOS,3,4,2023
2023-07-09,COL,SFN,0,1,2023
2023-07-09,NYN,SDN,2,6,2023
2023-07-09,CIN,MIL,0,1,2023
2023-07-09,PHI,MIA,3,7,2023
2023-07-09,PIT,ARI,4,2,2023
2023-07-09,TEX,WAS,2,7,2023
2023-07-14,ARI,TOR,2,7,2023
2023-07-14,CLE,TEX,4,12,2023
2023-07-14,DET,SEA,5,4,2023
2023-07-14,MIN,OAK,5,4,2023
2023-07-14,MIA,BAL,2,5,2023
2023-07-14,HOU,ANA,7,5,2023
2023-07-14,WAS,SLN,7,5,2023
2023-07-14,SDN,PHI,8,3,2023
2023-07-14,LAN,NYN,6,0,2023
2023-07-14,NYA,COL,2,7,2023
2023-07-14,MIL,CIN,1,0,2023
2023-07-14,BOS,CHN,8,3,2023
2023-07-14,CHA,ATL,0,9,2023
2023-07-14,SFN,PIT,6,4,2023
2023-07-15,HOU,ANA,12,13,2023
2023-07-15,CLE,TEX,0,2,2023
2023-07-15,ARI,TOR,2,5,2023
2023-07-15,MIN,OAK,10,7,2023
2023-07-15,TBA,KCA,4,2,2023
2023-07-15,TBA,KCA,6,1,2023
2023-07-15,MIA,BAL,5,6,2023
2023-07-15,WAS,SLN,6,9,2023
2023-07-15,DET,SEA,6,0,2023
2023-07-15,SDN,PHI,4,9,2023
2023-07-15,SDN,PHI,4,6,2023
2023-07-15,LAN,NYN,5,1,2023
2023-07-15,NYA,COL,6,3,2023
2023-07-15,MIL,CIN,3,0,2023
2023-07-15,BOS,CHN,4,10,2023
2023-07-15,CHA,ATL,6,5,2023
2023-07-15,SFN,PIT,3,1,2023
2023-07-16,ARI,TOR,5,7,2023
2023-07-16,CLE,TEX,5,6,2023
2023-07-16,DET,SEA,0,2,2023
2023-07-16,TBA,KCA,4,8,2023
2023-07-16,MIA,BAL,4,5,2023
2023-07-16,HOU,ANA,9,8,2023
2023-07-16,WAS,SLN,4,8,2023
2023-07-16,MIN,OAK,5,4,2023
2023-07-16,SDN,PHI,6,7,2023
2023-07-16,LAN,NYN,1,2,2023
2023-07-16,NYA,COL,7,8,2023
2023-07-16,MIL,CIN,4,3,2023
2023-07-16,BOS,CHN,11,5,2023
2023-07-16,CHA,ATL,8,1,2023
2023-07-16,SFN,PIT,8,4,2023
2023-07-17,TBA,TEX,2,3,2023
2023-07-17,MIN,SEA,6,7,2023
2023-07-17,BOS,OAK,7,0,2023
2023-07-17,DET,KCA,3,2,2023
2023-07-17,LAN,BAL,6,4,2023
2023-07-17,NYA,ANA,3,4,2023
2023-07-17,CLE,PIT,11,0,2023
2023-07-17,SFN,CIN,4,2,2023
2023-07-17,WAS,CHN,7,5,2023
2023-07-17,MIA,SLN,4,6,2023
2023-07-18,LAN,BAL,10,3,2023
2023-07-18,TBA,TEX,3,5,2023
2023-07-18,MIN,SEA,10,3,2023
2023-07-18,SDN,TOR,9,1,2023
2023-07-18,BOS,OAK,0,3,2023
2023-07-18,DET,KCA,10,11,2023
2023-07-18,NYA,ANA,1,5,2023
2023-07-18,SFN,CIN,11,10,2023
2023-07-18,CLE,PIT,10,1,2023
2023-07-18,MIL,PHI,3,4,2023
2023-07-18,CHA,NYN,10,11,2023
2023-07-18,HOU,COL,3,4,2023
2023-07-18,WAS,CHN,3,17,2023
2023-07-18,ARI,ATL,16,13,2023
2023-07-18,MIA,SLN,2,5,2023
2023-07-19,SDN,TOR,2,0,2023
2023-07-19,TBA,TEX,1,5,2023
2023-07-19,BOS,OAK,5,6,2023
2023-07-19,DET,KCA,3,2,2023
2023-07-19,LAN,BAL,5,8,2023
2023-07-19,NYA,ANA,3,7,2023
2023-07-19,MIA,SLN,4,6,2023
2023-07-19,MIN,SEA,6,3,2023
2023-07-19,MIL,PHI,5,3,2023
2023-07-19,CHA,NYN,1,5,2023
2023-07-19,HOU,COL,4,1,2023
2023-07-19,SFN,CIN,2,3,2023
2023-07-19,WAS,CHN,3,8,2023
2023-07-19,ARI,ATL,5,3,2023
2023-07-19,CLE,PIT,5,7,2023
2023-07-20,SDN,TOR,0,4,2023
2023-07-20,BAL,TBA,4,3,2023
2023-07-20,MIN,SEA,0,5,2023
2023-07-20,HOU,OAK,3,1,2023
2023-07-20,DET,KCA,3,0,2023
2023-07-20,MIL,PHI,4,0,2023
2023-07-20,SFN,CIN,1,5,2023
2023-07-20,SLN,CHN,7,2,2023
2023-07-20,ARI,ATL,5,7,2023
2023-07-20,CHA,NYN,6,2,2023
2023-07-21,CHA,MIN,4,9,2023
2023-07-21,LAN,TEX,11,5,2023
2023-07-21,BAL,TBA,0,3,2023
2023-07-21,TOR,SEA,2,3,2023
2023-07-21,HOU,OAK,6,4,2023
2023-07-21,KCA,NYA,4,5,2023
2023-07-21,SDN,DET,5,4,2023
2023-07-21,COL,MIA,6,1,2023
2023-07-21,NYN,BOS,5,4,2023
2023-07-21,PIT,ANA,5,8,2023
2023-07-21,SFN,WAS,3,5,2023
2023-07-21,ATL,MIL,6,4,2023
2023-07-21,ARI,CIN,6,9,2023
2023-07-21,SLN,CHN,3,4,2023
2023-07-21,PHI,CLE,5,6,2023
2023-07-22,LAN,TEX,16,3,2023
2023-07-22,BAL,TBA,6,5,2023
2023-07-22,TOR,SEA,8,9,2023
2023-07-22,HOU,OAK,1,4,2023
2023-07-22,KCA,NYA,2,5,2023
2023-07-22,CHA,MIN,2,3,2023
2023-07-22,SDN,DET,14,3,2023
2023-07-22,PHI,CLE,0,1,2023
2023-07-22,PIT,ANA,3,0,2023
2023-07-22,SFN,WAS,1,10,2023
2023-07-22,ATL,MIL,3,4,2023
2023-07-22,COL,MIA,4,3,2023
2023-07-22,ARI,CIN,2,4,2023
2023-07-22,SLN,CHN,6,8,2023
2023-07-22,NYN,BOS,6,8,2023
2023-07-23,SDN,DET,1,3,2023
2023-07-23,LAN,TEX,4,8,2023
2023-07-23,BAL,TBA,5,3,2023
2023-07-23,TOR,SEA,4,3,2023
2023-07-23,HOU,OAK,3,2,2023
2023-07-23,KCA,NYA,5,8,2023
2023-07-23,PHI,CLE,8,5,2023
2023-07-23,CHA,MIN,4,5,2023
2023-07-23,PIT,ANA,5,7,2023
2023-07-23,NYN,BOS,1,6,2023
2023-07-23,SFN,WAS,1,6,2023
2023-07-23,ATL,MIL,4,2,2023
2023-07-23,COL,MIA,2,3,2023
2023-07-23,ARI,CIN,3,7,2023
2023-07-23,SLN,CHN,2,7,2023
2023-07-24,SEA,MIN,3,4,2023
2023-07-24,TEX,HOU,9,10,2023
2023-07-24,SFN,DET,1,5,2023
2023-07-24,KCA,CLE,5,3,2023
2023-07-24,COL,WAS,10,6,2023
2023-07-24,PIT,SDN,8,4,2023
2023-07-24,BAL,PHI,3,2,2023
2023-07-24,CIN,MIL,2,3,2023
2023-07-24,TOR,LAN,6,3,2023
2023-07-24,SLN,ARI,10,6,2023
2023-07-25,MIA,TBA,1,4,2023
2023-07-25,NYN,NYA,9,3,2023
2023-07-25,SEA,MIN,9,7,2023
2023-07-25,TEX,HOU,3,4,2023
2023-07-25,ANA,DET,7,6,2023
2023-07-25,KCA,CLE,1,5,2023
2023-07-25,CHN,CHA,7,3,2023
2023-07-25,CIN,MIL,4,3,2023
2023-07-25,COL,WAS,5,6,2023
2023-07-25,OAK,SFN,1,2,2023
2023-07-25,PIT,SDN,1,5,2023
2023-07-25,BAL,PHI,3,4,2023
2023-07-25,TOR,LAN,7,8,2023
2023-07-25,SLN,ARI,1,3,2023
2023-07-25,ATL,BOS,1,7,2023
2023-07-26,CHN,CHA,10,7,2023
2023-07-26,NYN,NYA,1,3,2023
2023-07-26,SEA,MIN,8,7,2023
2023-07-26,TEX,HOU,13,5,2023
2023-07-26,KCA,CLE,3,8,2023
2023-07-26,MIA,TBA,7,1,2023
2023-07-26,ATL,BOS,3,5,2023
2023-07-26,PIT,SDN,3,2,2023
2023-07-26,OAK,SFN,3,8,2023
2023-07-26,BAL,PHI,4,6,2023
2023-07-26,CIN,MIL,0,3,2023
2023-07-26,TOR,LAN,8,1,2023
2023-07-26,SLN,ARI,11,7,2023
2023-07-26,COL,WAS,4,5,2023
2023-07-27,ANA,DET,11,4,2023
2023-07-27,ANA,DET,6,0,2023
2023-07-27,CLE,CHA,6,3,2023
2023-07-27,WAS,NYN,1,2,2023
2023-07-27,CHN,SLN,10,3,2023
2023-07-28,ANA,TOR,1,4,2023
2023-07-28,MIN,KCA,5,8,2023
2023-07-28,TBA,HOU,4,3,2023
2023-07-28,CLE,CHA,0,3,2023
2023-07-28,NYA,BAL,0,1,2023
2023-07-28,CHN,SLN,3,2,2023
2023-07-28,BOS,SFN,3,2,2023
2023-07-28,WAS,NYN,1,5,2023
2023-07-28,PHI,PIT,2,1,2023
2023-07-28,DET,MIA,5,6,2023
2023-07-28,CIN,LAN,6,5,2023
2023-07-28,OAK,COL,8,5,2023
2023-07-28,MIL,ATL,7,10,2023
2023-07-28,SEA,ARI,5,2,2023
2023-07-28,TEX,SDN,1,7,2023
2023-07-29,CHN,SLN,5,1,2023
2023-07-29,MIN,KCA,7,10,2023
2023-07-29,TBA,HOU,4,17,2023
2023-07-29,CLE,CHA,2,7,2023
2023-07-29,ANA,TOR,1,6,2023
2023-07-29,NYA,BAL,8,3,2023
2023-07-29,BOS,SFN,2,3,2023
2023-07-29,CIN,LAN,2,3,2023
2023-07-29,PHI,PIT,6,7,2023
2023-07-29,SEA,ARI,3,4,2023
2023-07-29,MIL,ATL,5,11,2023
2023-07-29,TEX,SDN,0,4,2023
2023-07-29,DET,MIA,5,0,2023
2023-07-29,WAS,NYN,11,6,2023
2023-07-29,OAK,COL,11,3,2023
2023-07-30,MIN,KCA,1,2,2023
2023-07-30,TBA,HOU,8,2,2023
2023-07-30,CLE,CHA,5,0,2023
2023-07-30,NYA,BAL,3,9,2023
2023-07-30,CHN,SLN,0,3,2023
2023-07-30,BOS,SFN,3,4,2023
2023-07-30,TEX,SDN,3,5,2023
2023-07-30,ANA,TOR,3,2,2023
2023-07-30,WAS,NYN,2,5,2023
2023-07-30,DET,MIA,6,8,2023
2023-07-30,CIN,LAN,9,0,2023
2023-07-30,OAK,COL,0,2,2023
2023-07-30,MIL,ATL,6,8,2023
2023-07-30,SEA,ARI,4,0,2023
2023-07-30,PHI,PIT,4,6,2023
2023-07-31,BAL,TOR,4,2,2023
2023-07-31,BOS,SEA,2,6,2023
2023-07-31,TBA,NYA,5,1,2023
2023-07-31,CLE,HOU,3,7,2023
2023-07-31,MIL,WAS,3,5,2023
2023-07-31,ARI,SFN,4,3,2023
2023-07-31,SDN,COL,3,4,2023
2023-07-31,CIN,CHN,6,5,2023
2023-07-31,ANA,ATL,4,1,2023
2023-07-31,PHI,MIA,4,2,2023
2023-08-01,CLE,HOU,0,2,2023
2023-08-01,CHA,TEX,0,2,2023
2023-08-01,BOS,SEA,6,4,2023
2023-08-01,TBA,NYA,5,2,2023
2023-08-01,BAL,TOR,13,3,2023
2023-08-01,NYN,KCA,6,7,2023
2023-08-01,MIL,WAS,6,4,2023
2023-08-01,OAK,LAN,3,7,2023
2023-08-01,ARI,SFN,3,4,2023
2023-08-01,MIN,SLN,3,2,2023
2023-08-01,ANA,ATL,1,5,2023
2023-08-01,CIN,CHN,9,20,2023
2023-08-01,PHI,MIA,3,1,2023
2023-08-01,SDN,COL,8,5,2023
2023-08-01,DET,PIT,1,4,2023
2023-08-02,MIL,WAS,2,3,2023
2023-08-02,BAL,TOR,1,4,2023
2023-08-02,CHA,TEX,1,11,2023
2023-08-02,BOS,SEA,3,6,2023
2023-08-02,TBA,NYA,2,7,2023
2023-08-02,NYN,KCA,0,4,2023
2023-08-02,CLE,HOU,2,3,2023
2023-08-02,ARI,SFN,2,4,2023
2023-08-02,DET,PIT,6,3,2023
2023-08-02,PHI,MIA,8,9,2023
2023-08-02,OAK,LAN,1,10,2023
2023-08-02,SDN,COL,11,1,2023
2023-08-02,CIN,CHN,6,16,2023
2023-08-02,ANA,ATL,5,12,2023
2023-08-02,MIN,SLN,3,7,2023
2023-08-03,BAL,TOR,6,1,2023
2023-08-03,CHA,TEX,3,5,2023
2023-08-03,HOU,NYA,3,4,2023
2023-08-03,NYN,KCA,2,9,2023
2023-08-03,SEA,ANA,5,3,2023
2023-08-03,MIN,SLN,5,3,2023
2023-08-03,PIT,MIL,1,14,2023
2023-08-03,PHI,MIA,4,2,2023
2023-08-03,OAK,LAN,2,8,2023
2023-08-03,CIN,CHN,3,5,2023
2023-08-03,ARI,SFN,0,1,2023
2023-08-04,MIA,TEX,2,6,2023
2023-08-04,HOU,NYA,7,3,2023
2023-08-04,ARI,MIN,2,3,2023
2023-08-04,TBA,DET,8,0,2023
2023-08-04,CHA,CLE,2,4,2023
2023-08-04,TOR,BOS,7,3,2023
2023-08-04,NYN,BAL,3,10,2023
2023-08-04,COL,SLN,9,4,2023
2023-08-04,LAN,SDN,10,5,2023
2023-08-04,KCA,PHI,7,5,2023
2023-08-04,PIT,MIL,8,4,2023
2023-08-04,WAS,CIN,6,3,2023
2023-08-04,ATL,CHN,8,0,2023
2023-08-04,SEA,ANA,9,7,2023
2023-08-05,TOR,BOS,5,4,2023
2023-08-05,SFN,OAK,1,2,2023
2023-08-05,HOU,NYA,1,3,2023
2023-08-05,ARI,MIN,1,12,2023
2023-08-05,TBA,DET,2,4,2023
2023-08-05,CHA,CLE,7,4,2023
2023-08-05,NYN,BAL,3,7,2023
2023-08-05,MIA,TEX,8,9,2023
2023-08-05,COL,SLN,2,6,2023
2023-08-05,LAN,SDN,3,8,2023
2023-08-05,KCA,PHI,6,9,2023
2023-08-05,PIT,MIL,2,3,2023
2023-08-05,WAS,CIN,7,3,2023
2023-08-05,ATL,CHN,6,8,2023
2023-08-05,SEA,ANA,3,2,2023
2023-08-06,MIA,TEX,0,6,2023
2023-08-06,HOU,NYA,9,7,2023
2023-08-06,ARI,MIN,3,5,2023
2023-08-06,TBA,DET,10,6,2023
2023-08-06,CHA,CLE,5,3,2023
2023-08-06,TOR,BOS,13,1,2023
2023-08-06,NYN,BAL,0,2,2023
2023-08-06,SFN,OAK,6,8,2023
2023-08-06,COL,SLN,1,0,2023
2023-08-06,LAN,SDN,8,2,2023
2023-08-06,KCA,PHI,4,8,2023
2023-08-06,PIT,MIL,4,1,2023
2023-08-06,WAS,CIN,6,3,2023
2023-08-06,ATL,CHN,4,6,2023
2023-08-06,SEA,ANA,3,2,2023
2023-08-07,TEX,OAK,5,3,2023
2023-08-07,MIN,DET,9,3,2023
2023-08-07,TOR,CLE,3,1,2023
2023-08-07,NYA,CHA,1,5,2023
2023-08-07,KCA,BOS,2,6,2023
2023-08-07,SFN,ANA,8,3,2023
2023-08-07,ATL,PIT,6,7,2023
2023-08-07,CHN,NYN,2,11,2023
2023-08-07,COL,MIL,1,12,2023
2023-08-07,MIA,CIN,2,5,2023
2023-08-07,LAN,SDN,13,7,2023
2023-08-08,KCA,BOS,9,3,2023
2023-08-08,SDN,SEA,0,2,2023
2023-08-08,TEX,OAK,6,1,2023
2023-08-08,SLN,TBA,2,4,2023
2023-08-08,MIN,DET,0,6,2023
2023-08-08,TOR,CLE,0,1,2023
2023-08-08,NYA,CHA,7,1,2023
2023-08-08,HOU,BAL,7,6,2023
2023-08-08,COL,MIL,7,3,2023
2023-08-08,ATL,PIT,8,6,2023
2023-08-08,WAS,PHI,5,4,2023
2023-08-08,WAS,PHI,4,8,2023
2023-08-08,CHN,NYN,3,2,2023
2023-08-08,MIA,CIN,3,2,2023
2023-08-08,LAN,ARI,5,4,2023
2023-08-08,SFN,ANA,5,7,2023
2023-08-09,SLN,TBA,6,4,2023
2023-08-09,SDN,SEA,1,6,2023
2023-08-09,TEX,OAK,0,2,2023
2023-08-09,TOR,CLE,1,0,2023
2023-08-09,NYA,CHA,2,9,2023
2023-08-09,KCA,BOS,3,4,2023
2023-08-09,HOU,BAL,8,2,2023
2023-08-09,MIN,DET,5,9,2023
2023-08-09,ATL,PIT,6,5,2023
2023-08-09,WAS,PHI,0,7,2023
2023-08-09,CHN,NYN,3,4,2023
2023-08-09,COL,MIL,6,7,2023
2023-08-09,MIA,CIN,5,4,2023
2023-08-09,LAN,ARI,2,0,2023
2023-08-09,SFN,ANA,1,4,2023
2023-08-10,SLN,TBA,5,2,2023
2023-08-10,MIN,DET,0,3,2023
2023-08-10,TOR,CLE,3,4,2023
2023-08-10,KCA,BOS,0,2,2023
2023-08-10,HOU,BAL,4,5,2023
2023-08-10,WAS,PHI,2,6,2023
2023-08-10,COL,LAN,1,2,2023
2023-08-10,ATL,PIT,5,7,2023
2023-08-11,MIL,CHA,7,6,2023
2023-08-11,CHN,TOR,6,2,2023
2023-08-11,CLE,TBA,8,9,2023
2023-08-11,BAL,SEA,2,9,2023
2023-08-11,SLN,KCA,8,12,2023
2023-08-11,ANA,HOU,3,11,2023
2023-08-11,DET,BOS,2,5,2023
2023-08-11,ATL,NYN,7,0,2023
2023-08-11,TEX,SFN,2,1,2023
2023-08-11,CIN,PIT,9,2,2023
2023-08-11,MIN,PHI,2,13,2023
2023-08-11,NYA,MIA,9,4,2023
2023-08-11,COL,LAN,1,6,2023
2023-08-11,SDN,ARI,10,5,2023
2023-08-11,OAK,WAS,2,8,2023
2023-08-12,CHN,TOR,5,4,2023
2023-08-12,CLE,TBA,5,6,2023
2023-08-12,BAL,SEA,1,0,2023
2023-08-12,SLN,KCA,5,4,2023
2023-08-12,ANA,HOU,3,11,2023
2023-08-12,MIL,CHA,3,2,2023
2023-08-12,DET,BOS,6,2,2023
2023-08-12,OAK,WAS,2,3,2023
2023-08-12,MIN,PHI,8,1,2023
2023-08-12,ATL,NYN,6,0,2023
2023-08-12,ATL,NYN,21,3,2023
2023-08-12,NYA,MIA,1,3,2023
2023-08-12,COL,LAN,1,4,2023
2023-08-12,SDN,ARI,0,3,2023
2023-08-12,TEX,SFN,9,3,2023
2023-08-13,OAK,WAS,7,8,2023
2023-08-13,CHN,TOR,4,11,2023
2023-08-13,CLE,TBA,9,2,2023
2023-08-13,BAL,SEA,5,3,2023
2023-08-13,MIL,CHA,7,3,2023
2023-08-13,DET,BOS,3,6,2023
2023-08-13,TEX,SFN,2,3,2023
2023-08-13,ANA,HOU,2,1,2023
2023-08-13,CIN,PIT,2,4,2023
2023-08-13,SDN,ARI,4,5,2023
2023-08-13,COL,LAN,3,8,2023
2023-08-13,NYA,MIA,7,8,2023
2023-08-13,CIN,PIT,6,5,2023
2023-08-13,ATL,NYN,6,7,2023
2023-08-13,MIN,PHI,3,0,2023
2023-08-14,ANA,TEX,0,12,2023
2023-08-14,SEA,KCA,6,7,2023
2023-08-14,TBA,SFN,10,2,2023
2023-08-14,BAL,SDN,4,1,2023
2023-08-14,OAK,SLN,5,7,2023
2023-08-14,HOU,MIA,1,5,2023
2023-08-14,ARI,COL,4,6,2023
2023-08-14,NYA,ATL,3,11,2023
2023-08-14,PIT,NYN,2,7,2023
2023-08-15,OAK,SLN,2,6,2023
2023-08-15,PHI,TOR,1,2,2023
2023-08-15,ANA,TEX,3,7,2023
2023-08-15,DET,MIN,3,5,2023
2023-08-15,SEA,KCA,10,8,2023
2023-08-15,BOS,WAS,5,4,2023
2023-08-15,TBA,SFN,0,7,2023
2023-08-15,HOU,MIA,6,5,2023
2023-08-15,PIT,NYN,7,4,2023
2023-08-15,MIL,LAN,2,6,2023
2023-08-15,ARI,COL,8,5,2023
2023-08-15,CHA,CHN,5,3,2023
2023-08-15,NYA,ATL,0,5,2023
2023-08-15,BAL,SDN,3,10,2023
2023-08-15,CLE,CIN,3,0,2023
2023-08-16,PHI,TOR,9,4,2023
2023-08-16,TBA,SFN,6,1,2023
2023-08-16,ANA,TEX,2,0,2023
2023-08-16,DET,MIN,8,7,2023
2023-08-16,SEA,KCA,6,5,2023
2023-08-16,BOS,WAS,2,6,2023
2023-08-16,OAK,SLN,8,0,2023
2023-08-16,PIT,NYN,3,8,2023
2023-08-16,HOU,MIA,12,5,2023
2023-08-16,MIL,LAN,1,7,2023
2023-08-16,ARI,COL,9,7,2023
2023-08-16,CLE,CIN,2,7,2023
2023-08-16,CHA,CHN,3,4,2023
2023-08-16,NYA,ATL,0,2,2023
2023-08-16,BAL,SDN,2,5,2023
2023-08-17,SEA,KCA,6,4,2023
2023-08-17,BOS,WAS,7,10,2023
2023-08-17,NYN,SLN,4,2,2023
2023-08-17,MIL,LAN,0,1,2023
2023-08-17,ARI,SDN,3,1,2023
2023-08-18,MIL,TEX,9,8,2023
2023-08-18,BAL,OAK,9,4,2023
2023-08-18,BOS,NYA,8,3,2023
2023-08-18,PIT,MIN,1,5,2023
2023-08-18,SEA,HOU,2,0,2023
2023-08-18,DET,CLE,1,4,2023
2023-08-18,DET,CLE,4,2,2023
2023-08-18,TBA,ANA,9,6,2023
2023-08-18,NYN,SLN,7,1,2023
2023-08-18,ARI,SDN,0,4,2023
2023-08-18,MIA,LAN,11,3,2023
2023-08-18,CHA,COL,1,14,2023
2023-08-18,TOR,CIN,0,1,2023
2023-08-18,KCA,CHN,4,3,2023
2023-08-18,SFN,ATL,0,4,2023
2023-08-18,PHI,WAS,7,8,2023
2023-08-19,TBA,ANA,6,7,2023
2023-08-19,MIL,TEX,6,1,2023
2023-08-19,BAL,OAK,7,2,2023
2023-08-19,BOS,NYA,8,1,2023
2023-08-19,PIT,MIN,7,4,2023
2023-08-19,SEA,HOU,10,3,2023
2023-08-19,DET,CLE,4,3,2023
2023-08-19,TBA,ANA,18,4,2023
2023-08-19,PHI,WAS,12,3,2023
2023-08-19,MIA,LAN,1,3,2023
2023-08-19,ARI,SDN,8,1,2023
2023-08-19,ARI,SDN,6,4,2023
2023-08-19,MIA,LAN,1,3,2023
2023-08-19,NYN,SLN,13,2,2023
2023-08-19,CHA,COL,5,11,2023
2023-08-19,TOR,CIN,4,3,2023
2023-08-19,KCA,CHN,4,6,2023
2023-08-19,SFN,ATL,5,6,2023
2023-08-20,MIL,TEX,6,2,2023
2023-08-20,BAL,OAK,12,1,2023
2023-08-20,PIT,MIN,0,2,2023
2023-08-20,SEA,HOU,7,6,2023
2023-08-20,DET,CLE,4,1,2023
2023-08-20,BOS,NYA,6,5,2023
2023-08-20,NYN,SLN,3,7,2023
2023-08-20,CHA,COL,10,5,2023
2023-08-20,TOR,CIN,10,3,2023
2023-08-20,KCA,CHN,3,4,2023
2023-08-20,SFN,ATL,4,3,2023
2023-08-20,PHI,WAS,3,4,2023
2023-08-21,KCA,OAK,4,6,2023
2023-08-21,BOS,HOU,4,9,2023
2023-08-21,CHN,DET,7,6,2023
2023-08-21,SEA,CHA,14,2,2023
2023-08-21,MIA,SDN,2,6,2023
2023-08-21,SFN,PHI,4,10,2023
2023-08-21,NYN,ATL,10,4,2023
2023-08-21,TEX,ARI,3,4,2023
2023-08-21,SLN,PIT,1,11,2023
2023-08-22,LAN,CLE,3,8,2023
2023-08-22,COL,TBA,4,12,2023
2023-08-22,KCA,OAK,4,5,2023
2023-08-22,WAS,NYA,2,1,2023
2023-08-22,BOS,HOU,3,7,2023
2023-08-22,CHN,DET,6,8,2023
2023-08-22,SEA,CHA,6,3,2023
2023-08-22,MIN,MIL,3,7,2023
2023-08-22,CIN,ANA,4,3,2023
2023-08-22,MIA,SDN,3,0,2023
2023-08-22,SLN,PIT,3,6,2023
2023-08-22,SFN,PHI,3,4,2023
2023-08-22,NYN,ATL,2,3,2023
2023-08-22,TEX,ARI,3,6,2023
2023-08-22,TOR,BAL,6,3,2023
2023-08-23,COL,TBA,5,6,2023
2023-08-23,KCA,OAK,4,0,2023
2023-08-23,WAS,NYA,1,9,2023
2023-08-23,BOS,HOU,7,5,2023
2023-08-23,CHN,DET,6,4,2023
2023-08-23,LAN,CLE,6,1,2023
2023-08-23,SEA,CHA,4,5,2023
2023-08-23,CIN,ANA,9,4,2023
2023-08-23,CIN,ANA,7,3,2023
2023-08-23,MIA,SDN,0,4,2023
2023-08-23,SLN,PIT,6,4,2023
2023-08-23,SFN,PHI,8,6,2023
2023-08-23,MIN,MIL,7,8,2023
2023-08-23,NYN,ATL,0,7,2023
2023-08-23,TOR,BAL,0,7,2023
2023-08-24,BOS,HOU,17,1,2023
2023-08-24,COL,TBA,3,5,2023
2023-08-24,TEX,MIN,5,7,2023
2023-08-24,LAN,CLE,9,3,2023
2023-08-24,WAS,NYA,6,5,2023
2023-08-24,TOR,BAL,3,5,2023
2023-08-24,CHN,PIT,5,4,2023
2023-08-24,CIN,ARI,2,3,2023
2023-08-24,OAK,CHA,8,5,2023
2023-08-25,CLE,TOR,5,2,2023
2023-08-25,NYA,TBA,6,2,2023
2023-08-25,KCA,SEA,5,7,2023
2023-08-25,TEX,MIN,2,12,2023
2023-08-25,HOU,DET,1,4,2023
2023-08-25,OAK,CHA,12,4,2023
2023-08-25,COL,BAL,4,5,2023
2023-08-25,LAN,BOS,7,4,2023
2023-08-25,CHN,PIT,1,2,2023
2023-08-25,SLN,PHI,2,7,2023
2023-08-25,ANA,NYN,3,1,2023
2023-08-25,SDN,MIL,3,7,2023
2023-08-25,WAS,MIA,7,4,2023
2023-08-25,CIN,ARI,8,10,2023
2023-08-25,ATL,SFN,5,1,2023
2023-08-26,OAK,CHA,2,6,2023
2023-08-26,CLE,TOR,3,8,2023
2023-08-26,NYA,TBA,0,3,2023
2023-08-26,KCA,SEA,2,15,2023
2023-08-26,TEX,MIN,6,2,2023
2023-08-26,HOU,DET,9,2,2023
2023-08-26,LAN,BOS,5,8,2023
2023-08-26,WAS,MIA,3,2,2023
2023-08-26,ATL,SFN,7,3,2023
2023-08-26,CHN,PIT,10,6,2023
2023-08-26,SLN,PHI,1,12,2023
2023-08-26,ANA,NYN,5,3,2023
2023-08-26,SDN,MIL,4,5,2023
2023-08-26,CIN,ARI,8,7,2023
2023-08-26,COL,BAL,4,5,2023
2023-08-27,OAK,CHA,1,6,2023
2023-08-27,CLE,TOR,10,7,2023
2023-08-27,NYA,TBA,4,7,2023
2023-08-27,KCA,SEA,2,3,2023
2023-08-27,TEX,MIN,6,7,2023
2023-08-27,HOU,DET,17,4,2023
2023-08-27,LAN,BOS,7,4,2023
2023-08-27,CIN,ARI,2,5,2023
2023-08-27,ATL,SFN,5,8,2023
2023-08-27,CHN,PIT,10,1,2023
2023-08-27,SLN,PHI,0,3,2023
2023-08-27,ANA,NYN,2,3,2023
2023-08-27,SDN,MIL,6,10,2023
2023-08-27,WAS,MIA,1,2,2023
2023-08-27,COL,BAL,4,3,2023
2023-08-28,WAS,TOR,3,6,2023
2023-08-28,OAK,SEA,0,7,2023
2023-08-28,CLE,MIN,6,10,2023
2023-08-28,PIT,KCA,5,0,2023
2023-08-28,NYA,DET,4,1,2023
2023-08-28,HOU,BOS,13,5,2023
2023-08-28,CHA,BAL,0,9,2023
2023-08-28,SDN,SLN,4,1,2023
2023-08-28,ANA,PHI,4,6,2023
2023-08-28,TEX,NYN,4,3,2023
2023-08-28,ARI,LAN,4,7,2023
2023-08-28,ATL,COL,14,4,2023
2023-08-28,MIL,CHN,6,2,2023
2023-08-28,CIN,SFN,1,4,2023
2023-08-29,HOU,BOS,6,2,2023
2023-08-29,WAS,TOR,5,4,2023
2023-08-29,OAK,SEA,3,1,2023
2023-08-29,CLE,MIN,4,2,2023
2023-08-29,PIT,KCA,6,3,2023
2023-08-29,NYA,DET,4,2,2023
2023-08-29,SDN,SLN,5,6,2023
2023-08-29,CHA,BAL,3,9,2023
2023-08-29,CIN,SFN,1,6,2023
2023-08-29,ANA,PHI,7,12,2023
2023-08-29,TEX,NYN,2,1,2023
2023-08-29,TBA,MIA,11,2,2023
2023-08-29,ARI,LAN,1,9,2023
2023-08-29,ATL,COL,3,1,2023
2023-08-29,MIL,CHN,0,1,2023
2023-08-30,WAS,TOR,0,7,2023
2023-08-30,OAK,SEA,4,5,2023
2023-08-30,CLE,MIN,5,2,2023
2023-08-30,PIT,KCA,4,1,2023
2023-08-30,NYA,DET,6,2,2023
2023-08-30,CHA,BAL,10,5,2023
2023-08-30,SDN,SLN,4,5,2023
2023-08-30,HOU,BOS,7,4,2023
2023-08-30,ANA,PHI,10,8,2023
2023-08-30,TEX,NYN,5,6,2023
2023-08-30,TBA,MIA,3,0,2023
2023-08-30,ARI,LAN,0,7,2023
2023-08-30,ATL,COL,7,3,2023
2023-08-30,MIL,CHN,2,3,2023
2023-08-30,CIN,SFN,4,1,2023
2023-08-31,NYA,DET,3,4,2023
2023-08-31,MIA,WAS,6,1,2023
2023-08-31,ATL,LAN,8,7,2023
2023-08-31,SFN,SDN,7,2,2023
2023-09-01,MIA,WAS,8,5,2023
2023-09-01,MIN,TEX,5,1,2023
2023-09-01,ANA,OAK,2,9,2023
2023-09-01,BOS,KCA,2,13,2023
2023-09-01,NYA,HOU,6,2,2023
2023-09-01,TBA,CLE,2,3,2023
2023-09-01,DET,CHA,4,2,2023
2023-09-01,PIT,SLN,4,2,2023
2023-09-01,PHI,MIL,5,7,2023
2023-09-01,SEA,NYN,1,2,2023
2023-09-01,SFN,SDN,3,7,2023
2023-09-01,BAL,ARI,2,4,2023
2023-09-01,CHN,CIN,6,2,2023
2023-09-01,TOR,COL,13,9,2023
2023-09-01,ATL,LAN,6,3,2023
2023-09-01,CHN,CIN,2,3,2023
2023-09-02,PIT,SLN,7,6,2023
2023-09-02,MIN,TEX,9,7,2023
2023-09-02,ANA,OAK,1,2,2023
2023-09-02,BOS,KCA,9,5,2023
2023-09-02,NYA,HOU,5,4,2023
2023-09-02,TBA,CLE,6,7,2023
2023-09-02,DET,CHA,10,0,2023
2023-09-02,MIA,WAS,11,5,2023
2023-09-02,PHI,MIL,5,7,2023
2023-09-02,SEA,NYN,8,7,2023
2023-09-02,ATL,LAN,4,2,2023
2023-09-02,TOR,COL,7,8,2023
2023-09-02,CHN,CIN,1,2,2023
2023-09-02,BAL,ARI,7,3,2023
2023-09-02,SFN,SDN,1,6,2023
2023-09-03,DET,CHA,3,2,2023
2023-09-03,TBA,CLE,6,2,2023
2023-09-03,ANA,OAK,6,10,2023
2023-09-03,MIN,TEX,5,6,2023
2023-09-03,MIA,WAS,6,4,2023
2023-09-03,BOS,KCA,7,3,2023
2023-09-03,PIT,SLN,4,6,2023
2023-09-03,NYA,HOU,6,1,2023
2023-09-03,SEA,NYN,3,6,2023
2023-09-03,PHI,MIL,4,2,2023
2023-09-03,ATL,LAN,1,3,2023
2023-09-03,SFN,SDN,0,4,2023
2023-09-03,TOR,COL,7,5,2023
2023-09-03,CHN,CIN,15,7,2023
2023-09-03,BAL,ARI,8,5,2023
2023-09-04,HOU,TEX,13,6,2023
2023-09-04,BOS,TBA,7,3,2023
2023-09-04,TOR,OAK,6,5,2023
2023-09-04,CHA,KCA,1,12,2023
2023-09-04,MIN,CLE,20,6,2023
2023-09-04,BAL,ANA,6,3,2023
2023-09-04,PHI,SDN,9,7,2023
2023-09-04,MIL,PIT,2,4,2023
2023-09-04,SEA,CIN,3,6,2023
2023-09-04,SFN,CHN,0,5,2023
2023-09-04,COL,ARI,2,4,2023
2023-09-05,HOU,TEX,14,1,2023
2023-09-05,BOS,TBA,6,8,2023
2023-09-05,TOR,OAK,7,1,2023
2023-09-05,DET,NYA,1,5,2023
2023-09-05,CHA,KCA,6,7,2023
2023-09-05,MIN,CLE,8,3,2023
2023-09-05,BAL,ANA,5,4,2023
2023-09-05,SLN,ATL,10,6,2023
2023-09-05,PHI,SDN,0,8,2023
2023-09-05,MIL,PIT,7,3,2023
2023-09-05,LAN,MIA,3,6,2023
2023-09-05,SEA,CIN,6,7,2023
2023-09-05,SFN,CHN,8,11,2023
2023-09-05,COL,ARI,3,2,2023
2023-09-05,NYN,WAS,11,5,2023
2023-09-06,MIN,CLE,1,2,2023
2023-09-06,BOS,TBA,1,3,2023
2023-09-06,TOR,OAK,2,5,2023
2023-09-06,HOU,TEX,12,3,2023
2023-09-06,DET,NYA,3,4,2023
2023-09-06,CHA,KCA,6,4,2023
2023-09-06,BAL,ANA,10,3,2023
2023-09-06,SFN,CHN,2,8,2023
2023-09-06,PHI,SDN,5,1,2023
2023-09-06,MIL,PIT,4,5,2023
2023-09-06,LAN,MIA,4,11,2023
2023-09-06,SEA,CIN,8,4,2023
2023-09-06,SLN,ATL,11,6,2023
2023-09-06,COL,ARI,5,12,2023
2023-09-06,NYN,WAS,2,3,2023
2023-09-07,SEA,TBA,1,0,2023
2023-09-07,DET,NYA,10,3,2023
2023-09-07,CLE,ANA,2,3,2023
2023-09-07,LAN,MIA,10,0,2023
2023-09-07,ARI,CHN,6,2,2023
2023-09-07,SLN,ATL,5,8,2023
2023-09-08,OAK,TEX,6,3,2023
2023-09-08,SEA,TBA,4,7,2023
2023-09-08,KCA,TOR,4,5,2023
2023-09-08,MIL,NYA,8,2,2023
2023-09-08,NYN,MIN,2,5,2023
2023-09-08,SDN,HOU,11,2,2023
2023-09-08,CHA,DET,6,0,2023
2023-09-08,SLN,CIN,9,4,2023
2023-09-08,CLE,ANA,6,3,2023
2023-09-08,LAN,WAS,8,5,2023
2023-09-08,COL,SFN,8,9,2023
2023-09-08,MIA,PHI,3,2,2023
2023-09-08,ARI,CHN,1,0,2023
2023-09-08,PIT,ATL,2,8,2023
2023-09-08,BAL,BOS,11,2,2023
2023-09-09,NYN,MIN,4,8,2023
2023-09-09,SDN,HOU,5,7,2023
2023-09-09,MIL,NYA,9,2,2023
2023-09-09,CLE,ANA,2,6,2023
2023-09-09,OAK,TEX,2,3,2023
2023-09-09,KCA,TOR,1,5,2023
2023-09-09,SEA,TBA,5,7,2023
2023-09-09,CHA,DET,1,3,2023
2023-09-09,MIA,PHI,4,8,2023
2023-09-09,LAN,WAS,6,7,2023
2023-09-09,COL,SFN,1,9,2023
2023-09-09,BAL,BOS,13,12,2023
2023-09-09,SLN,CIN,4,3,2023
2023-09-09,ARI,CHN,3,2,2023
2023-09-09,PIT,ATL,8,4,2023
2023-09-10,OAK,TEX,4,9,2023
2023-09-10,SEA,TBA,3,6,2023
2023-09-10,MIL,NYA,3,4,2023
2023-09-10,NYN,MIN,2,0,2023
2023-09-10,SDN,HOU,2,12,2023
2023-09-10,CHA,DET,2,3,2023
2023-09-10,BAL,BOS,3,7,2023
2023-09-10,KCA,TOR,2,5,2023
2023-09-10,LAN,WAS,7,3,2023
2023-09-10,COL,SFN,3,6,2023
2023-09-10,MIA,PHI,5,4,2023
2023-09-10,SLN,CIN,1,7,2023
2023-09-10,ARI,CHN,2,5,2023
2023-09-10,PIT,ATL,2,5,2023
2023-09-10,CLE,ANA,1,2,2023
2023-09-11,TEX,TOR,10,4,2023
2023-09-11,ANA,SEA,8,5,2023
2023-09-11,TBA,MIN,7,4,2023
2023-09-11,OAK,HOU,4,0,2023
2023-09-11,SLN,BAL,5,11,2023
2023-09-11,CLE,SFN,4,5,2023
2023-09-11,WAS,PIT,6,2,2023
2023-09-11,ATL,PHI,10,8,2023
2023-09-11,ARI,NYN,4,3,2023
2023-09-11,MIA,MIL,0,12,2023
2023-09-11,SDN,LAN,11,8,2023
2023-09-11,CHN,COL,5,4,2023
2023-09-11,ATL,PHI,5,7,2023
2023-09-12,KCA,CHA,2,6,2023
2023-09-12,TEX,TOR,6,3,2023
2023-09-12,ANA,SEA,0,8,2023
2023-09-12,TBA,MIN,2,3,2023
2023-09-12,OAK,HOU,6,2,2023
2023-09-12,CIN,DET,6,5,2023
2023-09-12,KCA,CHA,11,10,2023
2023-09-12,NYA,BOS,4,1,2023
2023-09-12,CHN,COL,4,6,2023
2023-09-12,SLN,BAL,5,2,2023
2023-09-12,CLE,SFN,3,1,2023
2023-09-12,WAS,PIT,1,5,2023
2023-09-12,ATL,PHI,7,6,2023
2023-09-12,ARI,NYN,4,7,2023
2023-09-12,MIA,MIL,1,3,2023
2023-09-12,SDN,LAN,2,11,2023
2023-09-12,NYA,BOS,3,2,2023
2023-09-13,TEX,TOR,10,0,2023
2023-09-13,ANA,SEA,2,3,2023
2023-09-13,TBA,MIN,5,4,2023
2023-09-13,OAK,HOU,2,6,2023
2023-09-13,CIN,DET,4,3,2023
2023-09-13,KCA,CHA,7,1,2023
2023-09-13,SLN,BAL,1,0,2023
2023-09-13,ATL,PHI,4,1,2023
2023-09-13,WAS,PIT,6,7,2023
2023-09-13,ARI,NYN,1,7,2023
2023-09-13,MIA,MIL,2,0,2023
2023-09-13,SDN,LAN,6,1,2023
2023-09-13,CHN,COL,3,7,2023
2023-09-13,CLE,SFN,5,6,2023
2023-09-14,MIN,CHA,10,2,2023
2023-09-14,CIN,DET,2,8,2023
2023-09-14,TEX,TOR,9,2,2023
2023-09-14,NYA,BOS,8,5,2023
2023-09-14,ARI,NYN,1,11,2023
2023-09-14,TBA,BAL,4,3,2023
2023-09-14,WAS,PIT,0,2,2023
2023-09-14,MIA,MIL,2,4,2023
2023-09-14,NYA,BOS,0,5,2023
2023-09-15,BOS,TOR,0,3,2023
2023-09-15,LAN,SEA,6,3,2023
2023-09-15,SDN,OAK,8,3,2023
2023-09-15,HOU,KCA,2,4,2023
2023-09-15,TEX,CLE,3,12,2023
2023-09-15,MIN,CHA,10,2,2023
2023-09-15,DET,ANA,11,2,2023
2023-09-15,TBA,BAL,7,1,2023
2023-09-15,NYA,PIT,7,5,2023
2023-09-15,CIN,NYN,5,3,2023
2023-09-15,WAS,MIL,3,5,2023
2023-09-15,ATL,MIA,6,9,2023
2023-09-15,SFN,COL,2,3,2023
2023-09-15,CHN,ARI,4,6,2023
2023-09-15,PHI,SLN,5,4,2023
2023-09-16,TBA,BAL,0,8,2023
2023-09-16,LAN,SEA,6,2,2023
2023-09-16,SDN,OAK,5,2,2023
2023-09-16,BOS,TOR,3,4,2023
2023-09-16,TEX,CLE,1,2,2023
2023-09-16,MIN,CHA,6,7,2023
2023-09-16,DET,ANA,5,4,2023
2023-09-16,HOU,KCA,8,10,2023
2023-09-16,NYA,PIT,6,3,2023
2023-09-16,CIN,NYN,3,2,2023
2023-09-16,WAS,MIL,5,9,2023
2023-09-16,ATL,MIA,5,11,2023
2023-09-16,SFN,COL,2,5,2023
2023-09-16,SFN,COL,5,9,2023
2023-09-16,CHN,ARI,6,7,2023
2023-09-16,PHI,SLN,6,1,2023
2023-09-17,BOS,TOR,2,3,2023
2023-09-17,LAN,SEA,6,1,2023
2023-09-17,SDN,OAK,10,1,2023
2023-09-17,HOU,KCA,7,1,2023
2023-09-17,TEX,CLE,2,9,2023
2023-09-17,TBA,BAL,4,5,2023
2023-09-17,DET,ANA,5,3,2023
2023-09-17,MIN,CHA,4,0,2023
2023-09-17,NYA,PIT,2,3,2023
2023-09-17,CIN,NYN,4,8,2023
2023-09-17,WAS,MIL,2,1,2023
2023-09-17,ATL,MIA,2,16,2023
2023-09-17,SFN,COL,11,10,2023
2023-09-17,CHN,ARI,2,6,2023
2023-09-17,PHI,SLN,5,6,2023
2023-09-18,BOS,TEX,4,2,2023
2023-09-18,SEA,OAK,5,0,2023
2023-09-18,CLE,KCA,4,6,2023
2023-09-18,BAL,HOU,8,7,2023
2023-09-18,CHA,WAS,6,1,2023
2023-09-18,DET,LAN,3,8,2023
2023-09-18,COL,SDN,9,11,2023
2023-09-18,NYN,MIA,2,1,2023
2023-09-18,MIN,CIN,3,7,2023
2023-09-18,PHI,ATL,7,1,2023
2023-09-18,MIL,SLN,0,1,2023
2023-09-19,CLE,KCA,6,7,2023
2023-09-19,BOS,TEX,4,6,2023
2023-09-19,BAL,HOU,9,5,2023
2023-09-19,SEA,OAK,7,2,2023
2023-09-19,ANA,TBA,2,6,2023
2023-09-19,TOR,NYA,7,1,2023
2023-09-19,CHA,WAS,3,4,2023
2023-09-19,MIN,CIN,7,0,2023
2023-09-19,COL,SDN,0,2,2023
2023-09-19,NYN,MIA,3,4,2023
2023-09-19,DET,LAN,2,3,2023
2023-09-19,PIT,CHN,1,14,2023
2023-09-19,PHI,ATL,3,9,2023
2023-09-19,SFN,ARI,4,8,2023
2023-09-19,MIL,SLN,7,3,2023
2023-09-20,BOS,TEX,5,15,2023
2023-09-20,ANA,TBA,8,3,2023
2023-09-20,SEA,OAK,6,3,2023
2023-09-20,CLE,KCA,2,6,2023
2023-09-20,BAL,HOU,1,2,2023
2023-09-20,CHA,WAS,3,13,2023
2023-09-20,MIL,SLN,8,2,2023
2023-09-20,TOR,NYA,6,1,2023
2023-09-20,NYN,MIA,8,3,2023
2023-09-20,DET,LAN,4,2,2023
2023-09-20,MIN,CIN,5,3,2023
2023-09-20,PIT,CHN,13,7,2023
2023-09-20,PHI,ATL,6,5,2023
2023-09-20,SFN,ARI,1,7,2023
2023-09-20,COL,SDN,2,3,2023
2023-09-21,ANA,TBA,4,5,2023
2023-09-21,DET,OAK,7,3,2023
2023-09-21,TOR,NYA,3,5,2023
2023-09-21,BAL,CLE,2,5,2023
2023-09-21,ATL,WAS,10,3,2023
2023-09-21,NYN,PHI,4,5,2023
2023-09-21,SFN,LAN,2,7,2023
2023-09-21,PIT,CHN,8,6,2023
2023-09-21,MIL,SLN,6,0,2023
2023-09-22,KCA,HOU,7,5,2023
2023-09-22,SEA,TEX,5,8,2023
2023-09-22,TOR,TBA,6,2,2023
2023-09-22,DET,OAK,2,8,2023
2023-09-22,ARI,NYA,1,7,2023
2023-09-22,ANA,MIN,6,8,2023
2023-09-22,BAL,CLE,8,9,2023
2023-09-22,PIT,CIN,7,5,2023
2023-09-22,ATL,WAS,9,6,2023
2023-09-22,SLN,SDN,2,4,2023
2023-09-22,NYN,PHI,4,5,2023
2023-09-22,MIL,MIA,16,1,2023
2023-09-22,SFN,LAN,5,1,2023
2023-09-22,COL,CHN,0,6,2023
2023-09-22,CHA,BOS,2,3,2023
2023-09-23,SEA,TEX,0,2,2023
2023-09-23,TOR,TBA,6,7,2023
2023-09-23,DET,OAK,1,4,2023
2023-09-23,ANA,MIN,1,0,2023
2023-09-23,KCA,HOU,3,2,2023
2023-09-23,BAL,CLE,2,1,2023
2023-09-23,CHA,BOS,1,0,2023
2023-09-23,NYN,PHI,5,7,2023
2023-09-23,MIL,MIA,4,5,2023
2023-09-23,SFN,LAN,0,7,2023
2023-09-23,PIT,CIN,13,12,2023
2023-09-23,COL,CHN,3,6,2023
2023-09-23,SLN,SDN,5,2,2023
2023-09-24,BAL,CLE,5,1,2023
2023-09-24,SEA,TEX,8,9,2023
2023-09-24,TOR,TBA,9,5,2023
2023-09-24,DET,OAK,2,0,2023
2023-09-24,ANA,MIN,3,9,2023
2023-09-24,KCA,HOU,6,5,2023
2023-09-24,CHA,BOS,3,2,2023
2023-09-24,ARI,NYA,7,1,2023
2023-09-24,ATL,WAS,2,3,2023
2023-09-24,SLN,SDN,2,12,2023
2023-09-24,NYN,PHI,2,5,2023
2023-09-24,MIL,MIA,1,6,2023
2023-09-24,ATL,WAS,8,5,2023
2023-09-24,SFN,LAN,2,3,2023
2023-09-24,PIT,CIN,2,4,2023
2023-09-24,COL,CHN,3,4,2023
2023-09-25,HOU,SEA,5,1,2023
2023-09-25,ARI,NYA,4,6,2023
2023-09-25,TEX,ANA,5,1,2023
2023-09-25,SDN,SFN,1,2,2023
2023-09-26,NYA,TOR,2,0,2023
2023-09-26,HOU,SEA,2,6,2023
2023-09-26,OAK,MIN,3,11,2023
2023-09-26,KCA,DET,3,6,2023
2023-09-26,CIN,CLE,11,7,2023
2023-09-26,ARI,CHA,15,4,2023
2023-09-26,TBA,BOS,9,7,2023
2023-09-26,PIT,PHI,2,3,2023
2023-09-26,TEX,ANA,3,9,2023
2023-09-26,SDN,SFN,4,0,2023
2023-09-26,SLN,MIL,4,1,2023
2023-09-26,LAN,COL,11,2,2023
2023-09-26,LAN,COL,1,4,2023
2023-09-26,CHN,ATL,6,7,2023
2023-09-26,WAS,BAL,0,1,2023
2023-09-27,TBA,BOS,5,0,2023
2023-09-27,HOU,SEA,8,3,2023
2023-09-27,OAK,MIN,4,6,2023
2023-09-27,KCA,DET,0,8,2023
2023-09-27,CIN,CLE,3,4,2023
2023-09-27,NYA,TOR,6,0,2023
2023-09-27,WAS,BAL,1,5,2023
2023-09-27,ARI,CHA,3,0,2023
2023-09-27,SDN,SFN,5,2,2023
2023-09-27,PIT,PHI,6,7,2023
2023-09-27,MIA,NYN,4,2,2023
2023-09-27,MIA,NYN,2,11,2023
2023-09-27,SLN,MIL,2,3,2023
2023-09-27,LAN,COL,8,2,2023
2023-09-27,CHN,ATL,5,6,2023
2023-09-27,TEX,ANA,5,0,2023
2023-09-28,NYA,TOR,0,6,2023
2023-09-28,TEX,SEA,2,3,2023
2023-09-28,OAK,MIN,2,1,2023
2023-09-28,KCA,DET,3,7,2023
2023-09-28,ARI,CHA,1,3,2023
2023-09-28,PIT,PHI,3,2,2023
2023-09-28,MIA,NYN,0,1,2023
2023-09-28,SLN,MIL,0,3,2023
2023-09-28,LAN,COL,5,14,2023
2023-09-28,CHN,ATL,3,5,2023
2023-09-28,BOS,BAL,0,2,2023
2023-09-29,BOS,BAL,3,0,2023
2023-09-29,TEX,SEA,0,8,2023
2023-09-29,TBA,TOR,4,11,2023
2023-09-29,NYA,KCA,5,12,2023
2023-09-29,CLE,DET,7,5,2023
2023-09-29,SDN,CHA,3,2,2023
2023-09-29,OAK,ANA,1,5,2023
2023-09-29,WAS,ATL,10,6,2023
2023-09-29,LAN,SFN,6,2,2023
2023-09-29,MIA,PIT,4,3,2023
2023-09-29,CHN,MIL,3,4,2023
2023-09-29,MIN,COL,7,6,2023
2023-09-29,HOU,ARI,2,1,2023
2023-09-29,CIN,SLN,19,2,2023
2023-09-30,OAK,ANA,7,3,2023
2023-09-30,TBA,TOR,7,5,2023
2023-09-30,TEX,SEA,6,1,2023
2023-09-30,NYA,KCA,5,2,2023
2023-09-30,CLE,DET,0,8,2023
2023-09-30,SDN,CHA,6,1,2023
2023-09-30,BOS,BAL,2,5,2023
2023-09-30,CIN,SLN,6,15,2023
2023-09-30,WAS,ATL,3,5,2023
2023-09-30,MIA,PIT,7,3,2023
2023-09-30,PHI,NYN,4,11,2023
2023-09-30,PHI,NYN,3,4,2023
2023-09-30,CHN,MIL,10,6,2023
2023-09-30,MIN,COL,14,6,2023
2023-09-30,LAN,SFN,1,2,2023
2023-09-30,HOU,ARI,1,0,2023
2023-10-01,TBA,TOR,12,8,2023
2023-10-01,TEX,SEA,0,1,2023
2023-10-01,NYA,KCA,2,5,2023
2023-10-01,CLE,DET,2,5,2023
2023-10-01,SDN,CHA,2,1,2023
2023-10-01,BOS,BAL,6,1,2023
2023-10-01,OAK,ANA,3,7,2023
2023-10-01,CIN,SLN,3,4,2023
2023-10-01,LAN,SFN,5,2,2023
2023-10-01,MIA,PIT,0,3,2023
2023-10-01,PHI,NYN,9,1,2023
2023-10-01,CHN,MIL,0,4,2023
2023-10-01,MIN,COL,2,3,2023
2023-10-01,WAS,ATL,10,9,2023
2023-10-01,HOU,ARI,8,1,2023
2024-03-20,LAN,SDN,5,2,2024
2024-03-21,SDN,LAN,15,11,2024
2024-03-28,CHN,TEX,3,4,2024
2024-03-28,TOR,TBA,8,2,2024
2024-03-28,CLE,OAK,8,0,2024
2024-03-28,MIN,KCA,4,1,2024
2024-03-28,NYA,HOU,5,4,2024
2024-03-28,DET,CHA,1,0,2024
2024-03-28,BOS,SEA,6,4,2024
2024-03-28,SFN,SDN,4,6,2024
2024-03-28,PIT,MIA,6,5,2024
2024-03-28,SLN,LAN,1,7,2024
2024-03-28,ANA,BAL,3,11,2024
2024-03-28,WAS,CIN,2,8,2024
2024-03-28,COL,ARI,1,16,2024
2024-03-29,TOR,TBA,2,8,2024
2024-03-29,BOS,SEA,0,1,2024
2024-03-29,CLE,OAK,6,4,2024
2024-03-29,NYA,HOU,7,1,2024
2024-03-29,SFN,SDN,8,3,2024
2024-03-29,MIL,NYN,3,1,2024
2024-03-29,PIT,MIA,7,2,2024
2024-03-29,SLN,LAN,3,6,2024
2024-03-29,COL,ARI,3,7,2024
2024-03-29,ATL,PHI,9,3,2024
2024-03-30,NYA,HOU,5,3,2024
2024-03-30,TOR,TBA,1,5,2024
2024-03-30,BOS,SEA,3,4,2024
2024-03-30,CHN,TEX,2,11,2024
2024-03-30,CLE,OAK,12,3,2024
2024-03-30,MIN,KCA,5,1,2024
2024-03-30,DET,CHA,7,6,2024
2024-03-30,SLN,LAN,6,5,2024
2024-03-30,SFN,SDN,9,6,2024
2024-03-30,ATL,PHI,12,4,2024
2024-03-30,MIL,NYN,7,6,2024
2024-03-30,PIT,MIA,9,3,2024
2024-03-30,WAS,CIN,7,6,2024
2024-03-30,COL,ARI,9,4,2024
2024-03-30,ANA,BAL,4,13,2024
2024-03-31,NYA,HOU,4,3,2024
2024-03-31,TOR,TBA,9,2,2024
2024-03-31,BOS,SEA,5,1,2024
2024-03-31,CHN,TEX,9,5,2024
2024-03-31,CLE,OAK,3,4,2024
2024-03-31,MIN,KCA,0,11,2024
2024-03-31,DET,CHA,3,2,2024
2024-03-31,SLN,LAN,4,5,2024
2024-03-31,SFN,SDN,4,13,2024
2024-03-31,ATL,PHI,4,5,2024
2024-03-31,MIL,NYN,4,1,2024
2024-03-31,PIT,MIA,9,7,2024
2024-03-31,WAS,CIN,5,6,2024
2024-03-31,COL,ARI,1,5,2024
2024-03-31,ANA,BAL,4,1,2024
2024-04-01,TEX,TBA,9,3,2024
2024-04-01,CLE,SEA,4,5,2024
2024-04-01,BOS,OAK,9,0,2024
2024-04-01,TOR,HOU,0,10,2024
2024-04-01,ATL,CHA,9,0,2024
2024-04-01,KCA,BAL,4,6,2024
2024-04-01,PIT,WAS,8,4,2024
2024-04-01,SLN,SDN,6,2,2024
2024-04-01,CIN,PHI,6,3,2024
2024-04-01,DET,NYN,5,0,2024
2024-04-01,ANA,MIA,7,4,2024
2024-04-01,SFN,LAN,3,8,2024
2024-04-01,COL,CHN,0,5,2024
2024-04-01,NYA,ARI,5,2,2024
2024-04-02,CLE,SEA,5,2,2024
2024-04-02,BOS,OAK,5,4,2024
2024-04-02,TOR,HOU,2,1,2024
2024-04-02,TEX,TBA,2,5,2024
2024-04-02,KCA,BAL,4,1,2024
2024-04-02,SLN,SDN,5,2,2024
2024-04-02,ATL,CHA,2,3,2024
2024-04-02,MIN,MIL,2,3,2024
2024-04-02,ANA,MIA,3,1,2024
2024-04-02,SFN,LAN,4,5,2024
2024-04-02,COL,CHN,2,12,2024
2024-04-02,NYA,ARI,0,7,2024
2024-04-02,CIN,PHI,4,9,2024
2024-04-03,TEX,TBA,4,1,2024
2024-04-03,CLE,SEA,8,0,2024
2024-04-03,BOS,OAK,1,0,2024
2024-04-03,KCA,BAL,3,4,2024
2024-04-03,PIT,WAS,3,5,2024
2024-04-03,SLN,SDN,2,3,2024
2024-04-03,TOR,HOU,0,8,2024
2024-04-03,MIN,MIL,7,3,2024
2024-04-03,ANA,MIA,10,2,2024
2024-04-03,SFN,LAN,4,5,2024
2024-04-03,COL,CHN,8,9,2024
2024-04-03,NYA,ARI,6,5,2024
2024-04-03,CIN,PHI,4,1,2024
2024-04-04,CLE,MIN,4,2,2024
2024-04-04,CHA,KCA,1,10,2024
2024-04-04,PIT,WAS,7,4,2024
2024-04-04,MIA,SLN,5,8,2024
2024-04-04,DET,NYN,6,3,2024
2024-04-04,DET,NYN,1,2,2024
2024-04-05,PHI,WAS,4,0,2024
2024-04-05,TOR,NYA,3,0,2024
2024-04-05,CHA,KCA,1,2,2024
2024-04-05,HOU,TEX,2,10,2024
2024-04-05,BOS,ANA,8,6,2024
2024-04-05,SDN,SFN,2,3,2024
2024-04-05,OAK,DET,4,5,2024
2024-04-05,SEA,MIL,5,6,2024
2024-04-05,TBA,COL,7,10,2024
2024-04-05,NYN,CIN,3,2,2024
2024-04-05,LAN,CHN,7,9,2024
2024-04-05,ARI,ATL,5,6,2024
2024-04-05,BAL,PIT,5,2,2024
2024-04-06,HOU,TEX,2,7,2024
2024-04-06,TOR,NYA,8,9,2024
2024-04-06,CLE,MIN,3,1,2024
2024-04-06,CHA,KCA,0,3,2024
2024-04-06,OAK,DET,4,0,2024
2024-04-06,BOS,ANA,1,2,2024
2024-04-06,PHI,WAS,5,2,2024
2024-04-06,MIA,SLN,1,3,2024
2024-04-06,SDN,SFN,4,0,2024
2024-04-06,BAL,PIT,4,5,2024
2024-04-06,SEA,MIL,5,3,2024
2024-04-06,TBA,COL,8,6,2024
2024-04-06,NYN,CIN,6,9,2024
2024-04-06,LAN,CHN,4,1,2024
2024-04-06,ARI,ATL,8,9,2024
2024-04-07,TOR,NYA,3,8,2024
2024-04-07,CHA,KCA,3,5,2024
2024-04-07,OAK,DET,7,1,2024
2024-04-07,BOS,ANA,12,2,2024
2024-04-07,PHI,WAS,2,3,2024
2024-04-07,MIA,SLN,10,3,2024
2024-04-07,HOU,TEX,3,1,2024
2024-04-07,BAL,PIT,2,3,2024
2024-04-07,SEA,MIL,4,12,2024
2024-04-07,TBA,COL,3,2,2024
2024-04-07,NYN,CIN,3,1,2024
2024-04-07,LAN,CHN,1,8,2024
2024-04-07,ARI,ATL,2,5,2024
2024-04-07,SDN,SFN,2,3,2024
2024-04-08,SEA,TOR,2,5,2024
2024-04-08,HOU,TEX,10,5,2024
2024-04-08,MIA,NYA,0,7,2024
2024-04-08,LAN,MIN,4,2,2024
2024-04-08,CHA,CLE,0,4,2024
2024-04-08,TBA,ANA,1,7,2024
2024-04-08,PHI,SLN,5,3,2024
2024-04-08,WAS,SFN,8,1,2024
2024-04-08,CHN,SDN,8,9,2024
2024-04-08,DET,PIT,4,7,2024
2024-04-08,ARI,COL,5,7,2024
2024-04-08,MIL,CIN,8,10,2024
2024-04-08,NYN,ATL,8,7,2024
2024-04-09,SEA,TOR,3,5,2024
2024-04-09,OAK,TEX,4,3,2024
2024-04-09,MIA,NYA,2,3,2024
2024-04-09,LAN,MIN,6,3,2024
2024-04-09,HOU,KCA,3,4,2024
2024-04-09,CHA,CLE,7,5,2024
2024-04-09,BAL,BOS,7,1,2024
2024-04-09,NYN,ATL,5,6,2024
2024-04-09,PHI,SLN,0,3,2024
2024-04-09,WAS,SFN,5,3,2024
2024-04-09,CHN,SDN,5,1,2024
2024-04-09,DET,PIT,5,3,2024
2024-04-09,ARI,COL,3,2,2024
2024-04-09,MIL,CIN,9,5,2024
2024-04-09,TBA,ANA,6,4,2024
2024-04-10,HOU,KCA,2,11,2024
2024-04-10,SEA,TOR,6,1,2024
2024-04-10,OAK,TEX,2,6,2024
2024-04-10,MIA,NYA,5,2,2024
2024-04-10,LAN,MIN,2,3,2024
2024-04-10,CHA,CLE,6,7,2024
2024-04-10,WAS,SFN,1,7,2024
2024-04-10,TBA,ANA,4,2,2024
2024-04-10,PHI,SLN,4,3,2024
2024-04-10,CHN,SDN,2,10,2024
2024-04-10,ARI,COL,5,3,2024
2024-04-10,MIL,CIN,7,2,2024
2024-04-10,BAL,BOS,7,5,2024
2024-04-11,OAK,TEX,1,0,2024
2024-04-11,HOU,KCA,3,13,2024
2024-04-11,BAL,BOS,9,4,2024
2024-04-11,NYN,ATL,16,4,2024
2024-04-11,PIT,PHI,1,5,2024
2024-04-12,COL,TOR,12,4,2024
2024-04-12,SFN,TBA,1,2,2024
2024-04-12,CHN,SEA,2,4,2024
2024-04-12,WAS,OAK,1,2,2024
2024-04-12,TEX,HOU,12,8,2024
2024-04-12,MIN,DET,2,8,2024
2024-04-12,CIN,CHA,11,1,2024
2024-04-12,MIL,BAL,11,1,2024
2024-04-12,PIT,PHI,5,2,2024
2024-04-12,KCA,NYN,1,6,2024
2024-04-12,ATL,MIA,8,1,2024
2024-04-12,SDN,LAN,8,7,2024
2024-04-12,SLN,ARI,9,6,2024
2024-04-12,ANA,BOS,7,0,2024
2024-04-13,COL,TOR,3,5,2024
2024-04-13,SFN,TBA,11,2,2024
2024-04-13,CHN,SEA,4,1,2024
2024-04-13,WAS,OAK,3,1,2024
2024-04-13,TEX,HOU,2,9,2024
2024-04-13,MIN,DET,4,1,2024
2024-04-13,MIN,DET,11,5,2024
2024-04-13,NYA,CLE,8,2,2024
2024-04-13,ANA,BOS,2,7,2024
2024-04-13,CIN,CHA,5,0,2024
2024-04-13,MIL,BAL,11,5,2024
2024-04-13,PIT,PHI,3,4,2024
2024-04-13,KCA,NYN,11,7,2024
2024-04-13,ATL,MIA,1,5,2024
2024-04-13,SDN,LAN,2,5,2024
2024-04-13,SLN,ARI,2,4,2024
2024-04-13,NYA,CLE,3,2,2024
2024-04-14,COL,TOR,0,5,2024
2024-04-14,SFN,TBA,4,9,2024
2024-04-14,CHN,SEA,3,2,2024
2024-04-14,WAS,OAK,6,7,2024
2024-04-14,TEX,HOU,5,8,2024
2024-04-14,MIN,DET,3,4,2024
2024-04-14,NYA,CLE,7,8,2024
2024-04-14,ANA,BOS,4,5,2024
2024-04-14,MIL,BAL,4,6,2024
2024-04-14,PIT,PHI,9,2,2024
2024-04-14,KCA,NYN,1,2,2024
2024-04-14,ATL,MIA,9,7,2024
2024-04-14,SDN,LAN,6,3,2024
2024-04-14,SLN,ARI,0,5,2024
2024-04-14,CIN,CHA,11,4,2024
2024-04-15,KCA,CHA,2,0,2024
2024-04-15,ANA,TBA,7,3,2024
2024-04-15,NYA,TOR,1,3,2024
2024-04-15,SLN,OAK,3,1,2024
2024-04-15,ATL,HOU,6,1,2024
2024-04-15,TEX,DET,1,0,2024
2024-04-15,CLE,BOS,6,0,2024
2024-04-15,CIN,SEA,3,9,2024
2024-04-15,COL,PHI,1,2,2024
2024-04-15,PIT,NYN,3,6,2024
2024-04-15,SDN,MIL,7,3,2024
2024-04-15,SFN,MIA,4,3,2024
2024-04-15,WAS,LAN,6,4,2024
2024-04-15,CHN,ARI,3,2,2024
2024-04-15,MIN,BAL,4,7,2024
2024-04-16,NYA,TOR,4,5,2024
2024-04-16,ANA,TBA,6,7,2024
2024-04-16,SLN,OAK,3,2,2024
2024-04-16,ATL,HOU,6,2,2024
2024-04-16,TEX,DET,2,4,2024
2024-04-16,CLE,BOS,10,7,2024
2024-04-16,CIN,SEA,1,3,2024
2024-04-16,COL,PHI,0,5,2024
2024-04-16,PIT,NYN,1,3,2024
2024-04-16,SDN,MIL,6,3,2024
2024-04-16,SFN,MIA,3,6,2024
2024-04-16,WAS,LAN,2,6,2024
2024-04-16,CHN,ARI,11,12,2024
2024-04-16,MIN,BAL,3,11,2024
2024-04-17,ANA,TBA,5,4,2024
2024-04-17,CIN,SEA,1,5,2024
2024-04-17,SLN,OAK,3,6,2024
2024-04-17,ATL,HOU,5,4,2024
2024-04-17,TEX,DET,5,4,2024
2024-04-17,KCA,CHA,1,2,2024
2024-04-17,KCA,CHA,4,2,2024
2024-04-17,PIT,NYN,1,9,2024
2024-04-17,MIN,BAL,2,4,2024
2024-04-17,COL,PHI,6,7,2024
2024-04-17,SDN,MIL,0,1,2024
2024-04-17,SFN,MIA,3,1,2024
2024-04-17,WAS,LAN,2,0,2024
2024-04-17,CHN,ARI,5,3,2024
2024-04-17,NYA,TOR,6,4,2024
2024-04-17,CLE,BOS,0,2,2024
2024-04-18,ANA,TBA,1,2,2024
2024-04-18,TEX,DET,9,7,2024
2024-04-18,CLE,BOS,5,4,2024
2024-04-18,ARI,SFN,0,5,2024
2024-04-19,TBA,NYA,3,5,2024
2024-04-19,DET,MIN,5,4,2024
2024-04-19,BAL,KCA,4,9,2024
2024-04-19,OAK,CLE,2,10,2024
2024-04-19,MIL,SLN,2,1,2024
2024-04-19,ARI,SFN,17,1,2024
2024-04-19,HOU,WAS,5,3,2024
2024-04-19,BOS,PIT,8,1,2024
2024-04-19,CHA,PHI,0,7,2024
2024-04-19,NYN,LAN,9,4,2024
2024-04-19,ANA,CIN,1,7,2024
2024-04-19,MIA,CHN,3,8,2024
2024-04-19,TEX,ATL,3,8,2024
2024-04-19,TOR,SDN,5,1,2024
2024-04-20,HOU,WAS,4,5,2024
2024-04-20,OAK,CLE,3,6,2024
2024-04-20,ANA,CIN,5,7,2024
2024-04-20,DET,MIN,3,4,2024
2024-04-20,TBA,NYA,2,0,2024
2024-04-20,MIL,SLN,12,5,2024
2024-04-20,BAL,KCA,9,7,2024
2024-04-20,ARI,SFN,3,7,2024
2024-04-20,MIA,CHN,3,2,2024
2024-04-20,BOS,PIT,4,2,2024
2024-04-20,CHA,PHI,5,9,2024
2024-04-20,NYN,LAN,6,4,2024
2024-04-20,SEA,COL,7,0,2024
2024-04-20,MIA,CHN,3,5,2024
2024-04-20,TEX,ATL,2,5,2024
2024-04-20,TOR,SDN,5,2,2024
2024-04-21,HOU,WAS,0,6,2024
2024-04-21,MIL,SLN,2,0,2024
2024-04-21,OAK,CLE,2,6,2024
2024-04-21,ARI,SFN,5,3,2024
2024-04-21,TBA,NYA,4,5,2024
2024-04-21,DET,MIN,6,1,2024
2024-04-21,BAL,KCA,5,0,2024
2024-04-21,TOR,SDN,3,6,2024
2024-04-21,MIA,CHN,6,3,2024
2024-04-21,CHA,PHI,2,8,2024
2024-04-21,NYN,LAN,0,10,2024
2024-04-21,SEA,COL,10,2,2024
2024-04-21,SEA,COL,1,2,2024
2024-04-21,ANA,CIN,0,3,2024
2024-04-21,TEX,ATL,6,4,2024
2024-04-21,BOS,PIT,6,1,2024
2024-04-22,DET,TBA,7,1,2024
2024-04-22,OAK,NYA,2,0,2024
2024-04-22,CHA,MIN,0,7,2024
2024-04-22,TOR,KCA,5,3,2024
2024-04-22,BAL,ANA,4,2,2024
2024-04-22,ARI,SLN,3,5,2024
2024-04-22,NYN,SFN,2,5,2024
2024-04-22,MIL,PIT,2,4,2024
2024-04-22,SDN,COL,3,1,2024
2024-04-22,PHI,CIN,7,0,2024
2024-04-22,MIA,ATL,0,3,2024
2024-04-23,DET,TBA,4,2,2024
2024-04-23,OAK,NYA,3,4,2024
2024-04-23,CHA,MIN,5,6,2024
2024-04-23,TOR,KCA,2,3,2024
2024-04-23,BOS,CLE,1,4,2024
2024-04-23,BAL,ANA,4,7,2024
2024-04-23,LAN,WAS,4,1,2024
2024-04-23,SEA,TEX,4,0,2024
2024-04-23,NYN,SFN,1,5,2024
2024-04-23,MIL,PIT,1,2,2024
2024-04-23,SDN,COL,4,7,2024
2024-04-23,PHI,CIN,1,8,2024
2024-04-23,HOU,CHN,2,7,2024
2024-04-23,MIA,ATL,0,5,2024
2024-04-23,ARI,SLN,14,1,2024
2024-04-24,SEA,TEX,1,5,2024
2024-04-24,DET,TBA,5,7,2024
2024-04-24,CHA,MIN,3,6,2024
2024-04-24,TOR,KCA,2,3,2024
2024-04-24,BOS,CLE,8,0,2024
2024-04-24,BAL,ANA,6,5,2024
2024-04-24,LAN,WAS,11,2,2024
2024-04-24,OAK,NYA,3,7,2024
2024-04-24,NYN,SFN,8,2,2024
2024-04-24,MIL,PIT,3,2,2024
2024-04-24,SDN,COL,5,2,2024
2024-04-24,PHI,CIN,4,7,2024
2024-04-24,HOU,CHN,3,4,2024
2024-04-24,MIA,ATL,3,4,2024
2024-04-24,ARI,SLN,1,5,2024
2024-04-25,SEA,TEX,4,3,2024
2024-04-25,OAK,NYA,3,1,2024
2024-04-25,CHA,MIN,3,6,2024
2024-04-25,TOR,KCA,1,2,2024
2024-04-25,BOS,CLE,4,6,2024
2024-04-25,LAN,WAS,2,1,2024
2024-04-25,SDN,COL,9,10,2024
2024-04-25,PHI,CIN,5,0,2024
2024-04-25,HOU,CHN,1,3,2024
2024-04-25,MIL,PIT,7,5,2024
2024-04-26,CHN,BOS,7,1,2024
2024-04-26,CIN,TEX,1,2,2024
2024-04-26,ARI,SEA,1,6,2024
2024-04-26,KCA,DET,8,0,2024
2024-04-26,TBA,CHA,4,9,2024
2024-04-26,LAN,TOR,12,2,2024
2024-04-26,OAK,BAL,3,2,2024
2024-04-26,PHI,SDN,9,3,2024
2024-04-26,PIT,SFN,0,3,2024
2024-04-26,SLN,NYN,4,2,2024
2024-04-26,NYA,MIL,6,7,2024
2024-04-26,WAS,MIA,3,1,2024
2024-04-26,CLE,ATL,2,6,2024
2024-04-26,MIN,ANA,5,3,2024
2024-04-27,LAN,TOR,4,2,2024
2024-04-27,CIN,TEX,8,4,2024
2024-04-27,ARI,SEA,1,3,2024
2024-04-27,KCA,DET,5,6,2024
2024-04-27,TBA,CHA,7,8,2024
2024-04-27,CHN,BOS,0,17,2024
2024-04-27,OAK,BAL,0,7,2024
2024-04-27,MIN,ANA,16,5,2024
2024-04-27,PIT,SFN,4,3,2024
2024-04-27,PHI,SDN,5,1,2024
2024-04-27,SLN,NYN,7,4,2024
2024-04-27,NYA,MIL,15,3,2024
2024-04-27,WAS,MIA,11,4,2024
2024-04-27,HOU,COL,12,4,2024
2024-04-27,CLE,ATL,4,2,2024
2024-04-28,LAN,TOR,1,3,2024
2024-04-28,ARI,SEA,3,2,2024
2024-04-28,KCA,DET,1,4,2024
2024-04-28,TBA,CHA,2,4,2024
2024-04-28,CHN,BOS,4,5,2024
2024-04-28,OAK,BAL,7,6,2024
2024-04-28,MIN,ANA,11,5,2024
2024-04-28,CIN,TEX,3,4,2024
2024-04-28,PHI,SDN,8,6,2024
2024-04-28,SLN,NYN,2,4,2024
2024-04-28,NYA,MIL,15,5,2024
2024-04-28,WAS,MIA,12,9,2024
2024-04-28,HOU,COL,8,2,2024
2024-04-28,PIT,SFN,2,3,2024
2024-04-28,CLE,ATL,3,4,2024
2024-04-29,KCA,TOR,5,6,2024
2024-04-29,ATL,SEA,1,2,2024
2024-04-29,PIT,OAK,1,5,2024
2024-04-29,MIN,CHA,3,2,2024
2024-04-29,NYA,BAL,0,2,2024
2024-04-29,PHI,ANA,5,6,2024
2024-04-29,CIN,SDN,5,2,2024
2024-04-29,CHN,NYN,3,1,2024
2024-04-29,TBA,MIL,1,0,2024
2024-04-29,WAS,MIA,7,2,2024
2024-04-29,LAN,ARI,8,4,2024
2024-04-30,WAS,TEX,1,7,2024
2024-04-30,ATL,SEA,2,3,2024
2024-04-30,KCA,TOR,4,1,2024
2024-04-30,PIT,OAK,2,5,2024
2024-04-30,CLE,HOU,9,10,2024
2024-04-30,SLN,DET,6,11,2024
2024-04-30,SLN,DET,2,1,2024
2024-04-30,MIN,CHA,6,5,2024
2024-04-30,TBA,MIL,2,8,2024
2024-04-30,NYA,BAL,2,4,2024
2024-04-30,PHI,ANA,7,5,2024
2024-04-30,CIN,SDN,4,6,2024
2024-04-30,CHN,NYN,2,4,2024
2024-04-30,COL,MIA,6,7,2024
2024-04-30,LAN,ARI,3,4,2024
2024-04-30,SFN,BOS,0,4,2024
2024-05-01,SLN,DET,1,4,2024
2024-05-01,KCA,TOR,6,1,2024
2024-05-01,WAS,TEX,1,0,2024
2024-05-01,ATL,SEA,5,2,2024
2024-05-01,PIT,OAK,0,4,2024
2024-05-01,CLE,HOU,3,2,2024
2024-05-01,MIN,CHA,10,5,2024
2024-05-01,CHN,NYN,1,0,2024
2024-05-01,NYA,BAL,2,0,2024
2024-05-01,PHI,ANA,2,1,2024
2024-05-01,CIN,SDN,2,6,2024
2024-05-01,SFN,BOS,2,6,2024
2024-05-01,TBA,MIL,1,7,2024
2024-05-01,COL,MIA,1,4,2024
2024-05-01,LAN,ARI,8,0,2024
2024-05-02,WAS,TEX,0,6,2024
2024-05-02,CLE,HOU,2,8,2024
2024-05-02,SFN,BOS,3,1,2024
2024-05-02,NYA,BAL,2,7,2024
2024-05-02,CHN,NYN,6,7,2024
2024-05-02,COL,MIA,4,5,2024
2024-05-03,NYN,TBA,8,10,2024
2024-05-03,MIA,OAK,1,3,2024
2024-05-03,DET,NYA,1,2,2024
2024-05-03,BOS,MIN,2,5,2024
2024-05-03,TEX,KCA,1,7,2024
2024-05-03,SEA,HOU,3,5,2024
2024-05-03,ANA,CLE,6,0,2024
2024-05-03,SFN,PHI,3,4,2024
2024-05-03,CHA,SLN,0,3,2024
2024-05-03,COL,PIT,3,2,2024
2024-05-03,ATL,LAN,3,4,2024
2024-05-03,BAL,CIN,3,0,2024
2024-05-03,MIL,CHN,3,1,2024
2024-05-03,SDN,ARI,7,1,2024
2024-05-03,TOR,WAS,3,9,2024
2024-05-04,SEA,HOU,5,0,2024
2024-05-04,MIA,OAK,4,20,2024
2024-05-04,DET,NYA,3,5,2024
2024-05-04,NYN,TBA,1,3,2024
2024-05-04,BOS,MIN,1,3,2024
2024-05-04,TEX,KCA,15,4,2024
2024-05-04,ANA,CLE,1,7,2024
2024-05-04,BAL,CIN,2,1,2024
2024-05-04,CHA,SLN,6,5,2024
2024-05-04,COL,PIT,0,1,2024
2024-05-04,SFN,PHI,3,14,2024
2024-05-04,ATL,LAN,2,11,2024
2024-05-04,MIL,CHN,5,6,2024
2024-05-04,SDN,ARI,13,1,2024
2024-05-04,TOR,WAS,6,3,2024
2024-05-05,NYN,TBA,6,7,2024
2024-05-05,MIA,OAK,12,3,2024
2024-05-05,DET,NYA,2,5,2024
2024-05-05,BOS,MIN,9,2,2024
2024-05-05,TEX,KCA,3,2,2024
2024-05-05,SEA,HOU,5,4,2024
2024-05-05,ANA,CLE,1,4,2024
2024-05-05,COL,PIT,3,5,2024
2024-05-05,CHA,SLN,5,1,2024
2024-05-05,SFN,PHI,4,5,2024
2024-05-05,ATL,LAN,1,5,2024
2024-05-05,BAL,CIN,11,1,2024
2024-05-05,MIL,CHN,0,5,2024
2024-05-05,SDN,ARI,4,11,2024
2024-05-05,TOR,WAS,8,11,2024
2024-05-06,MIL,KCA,2,3,2024
2024-05-06,TEX,OAK,4,2,2024
2024-05-06,SEA,MIN,1,3,2024
2024-05-06,DET,CLE,1,2,2024
2024-05-06,CHA,TBA,2,8,2024
2024-05-06,ANA,PIT,1,4,2024
2024-05-06,SFN,PHI,1,6,2024
2024-05-06,MIA,LAN,3,6,2024
2024-05-06,SDN,CHN,6,3,2024
2024-05-06,NYN,SLN,4,3,2024
2024-05-07,CHA,TBA,1,5,2024
2024-05-07,TEX,OAK,15,8,2024
2024-05-07,HOU,NYA,3,10,2024
2024-05-07,SEA,MIN,10,6,2024
2024-05-07,MIL,KCA,6,5,2024
2024-05-07,DET,CLE,11,7,2024
2024-05-07,NYN,SLN,7,5,2024
2024-05-07,BAL,WAS,0,3,2024
2024-05-07,TOR,PHI,1,10,2024
2024-05-07,MIA,LAN,2,8,2024
2024-05-07,SFN,COL,5,0,2024
2024-05-07,ARI,CIN,6,2,2024
2024-05-07,SDN,CHN,2,3,2024
2024-05-07,BOS,ATL,2,4,2024
2024-05-07,ANA,PIT,9,0,2024
2024-05-08,DET,CLE,4,5,2024
2024-05-08,CHA,TBA,4,1,2024
2024-05-08,TEX,OAK,12,11,2024
2024-05-08,TEX,OAK,4,9,2024
2024-05-08,SEA,MIN,3,6,2024
2024-05-08,MIL,KCA,4,6,2024
2024-05-08,BAL,WAS,7,6,2024
2024-05-08,HOU,NYA,4,9,2024
2024-05-08,TOR,PHI,5,3,2024
2024-05-08,MIA,LAN,1,3,2024
2024-05-08,SFN,COL,8,6,2024
2024-05-08,ANA,PIT,5,4,2024
2024-05-08,ARI,CIN,4,3,2024
2024-05-08,SDN,CHN,3,0,2024
2024-05-08,BOS,ATL,0,5,2024
2024-05-09,HOU,NYA,4,3,2024
2024-05-09,SEA,MIN,1,11,2024
2024-05-09,CLE,CHA,2,3,2024
2024-05-09,KCA,ANA,10,4,2024
2024-05-09,SLN,MIL,1,7,2024
2024-05-09,SFN,COL,1,9,2024
2024-05-09,ARI,CIN,5,4,2024
2024-05-10,NYA,TBA,2,0,2024
2024-05-10,OAK,SEA,1,8,2024
2024-05-10,HOU,DET,5,2,2024
2024-05-10,MIN,TOR,3,2,2024
2024-05-10,CLE,CHA,3,6,2024
2024-05-10,WAS,BOS,5,1,2024
2024-05-10,ARI,BAL,2,4,2024
2024-05-10,ATL,NYN,4,2,2024
2024-05-10,CIN,SFN,4,2,2024
2024-05-10,LAN,SDN,1,2,2024
2024-05-10,CHN,PIT,7,2,2024
2024-05-10,SLN,MIL,2,11,2024
2024-05-10,PHI,MIA,8,2,2024
2024-05-10,TEX,COL,2,4,2024
2024-05-10,KCA,ANA,2,1,2024
2024-05-11,ARI,BAL,4,5,2024
2024-05-11,NYA,TBA,2,7,2024
2024-05-11,OAK,SEA,8,1,2024
2024-05-11,HOU,DET,2,8,2024
2024-05-11,CLE,CHA,1,3,2024
2024-05-11,WAS,BOS,2,4,2024
2024-05-11,KCA,ANA,3,9,2024
2024-05-11,MIN,TOR,8,10,2024
2024-05-11,LAN,SDN,5,0,2024
2024-05-11,CHN,PIT,9,10,2024
2024-05-11,ATL,NYN,4,1,2024
2024-05-11,SLN,MIL,3,5,2024
2024-05-11,PHI,MIA,8,3,2024
2024-05-11,TEX,COL,3,8,2024
2024-05-11,CIN,SFN,1,5,2024
2024-05-12,MIN,TOR,5,1,2024
2024-05-12,OAK,SEA,4,8,2024
2024-05-12,HOU,DET,9,3,2024
2024-05-12,CLE,CHA,7,0,2024
2024-05-12,WAS,BOS,2,3,2024
2024-05-12,ARI,BAL,9,2,2024
2024-05-12,KCA,ANA,4,2,2024
2024-05-12,NYA,TBA,10,6,2024
2024-05-12,LAN,SDN,0,4,2024
2024-05-12,CHN,PIT,5,4,2024
2024-05-12,ATL,NYN,3,4,2024
2024-05-12,SLN,MIL,4,3,2024
2024-05-12,PHI,MIA,6,7,2024
2024-05-12,TEX,COL,1,3,2024
2024-05-12,CIN,SFN,5,6,2024
2024-05-13,CLE,TEX,7,0,2024
2024-05-13,KCA,SEA,2,6,2024
2024-05-13,OAK,HOU,2,9,2024
2024-05-13,MIA,DET,5,6,2024
2024-05-13,TBA,BOS,5,3,2024
2024-05-13,TOR,BAL,3,2,2024
2024-05-13,SLN,ANA,10,5,2024
2024-05-13,COL,SDN,5,4,2024
2024-05-13,PHI,NYN,5,4,2024
2024-05-13,PIT,MIL,8,6,2024
2024-05-13,CHN,ATL,0,2,2024
2024-05-13,CIN,ARI,5,6,2024
2024-05-13,LAN,SFN,6,4,2024
2024-05-14,WAS,CHA,0,4,2024
2024-05-14,KCA,SEA,4,2,2024
2024-05-14,NYA,MIN,5,1,2024
2024-05-14,OAK,HOU,1,2,2024
2024-05-14,CLE,TEX,7,4,2024
2024-05-14,MIA,DET,1,0,2024
2024-05-14,WAS,CHA,6,3,2024
2024-05-14,PHI,NYN,4,0,2024
2024-05-14,SLN,ANA,7,6,2024
2024-05-14,LAN,SFN,10,2,2024
2024-05-14,COL,SDN,6,3,2024
2024-05-14,PIT,MIL,3,4,2024
2024-05-14,CHN,ATL,0,7,2024
2024-05-14,CIN,ARI,6,2,2024
2024-05-14,TBA,BOS,4,5,2024
2024-05-15,CLE,TEX,0,4,2024
2024-05-15,KCA,SEA,2,4,2024
2024-05-15,NYA,MIN,4,0,2024
2024-05-15,OAK,HOU,0,3,2024
2024-05-15,WAS,CHA,0,2,2024
2024-05-15,TBA,BOS,4,3,2024
2024-05-15,TOR,BAL,2,3,2024
2024-05-15,MIA,DET,2,0,2024
2024-05-15,LAN,SFN,1,4,2024
2024-05-15,COL,SDN,8,0,2024
2024-05-15,NYN,PHI,5,10,2024
2024-05-15,PIT,MIL,2,10,2024
2024-05-15,CHN,ATL,7,1,2024
2024-05-15,CIN,ARI,1,2,2024
2024-05-15,SLN,ANA,2,7,2024
2024-05-16,NYA,MIN,5,0,2024
2024-05-16,OAK,HOU,1,8,2024
2024-05-16,TBA,BOS,7,5,2024
2024-05-16,NYN,PHI,6,5,2024
2024-05-16,PIT,CHN,5,4,2024
2024-05-16,CIN,LAN,7,2,2024
2024-05-17,MIN,CLE,2,3,2024
2024-05-17,TBA,TOR,4,3,2024
2024-05-17,ANA,TEX,9,3,2024
2024-05-17,CHA,NYA,2,4,2024
2024-05-17,OAK,KCA,2,6,2024
2024-05-17,MIL,HOU,4,5,2024
2024-05-17,SEA,BAL,2,9,2024
2024-05-17,BOS,SLN,6,10,2024
2024-05-17,COL,SFN,5,10,2024
2024-05-17,WAS,PHI,2,4,2024
2024-05-17,NYN,MIA,0,8,2024
2024-05-17,CIN,LAN,3,7,2024
2024-05-17,PIT,CHN,9,3,2024
2024-05-17,SDN,ATL,3,1,2024
2024-05-17,DET,ARI,13,0,2024
2024-05-18,TBA,TOR,5,4,2024
2024-05-18,ANA,TEX,2,3,2024
2024-05-18,CHA,NYA,1,6,2024
2024-05-18,OAK,KCA,3,5,2024
2024-05-18,MIL,HOU,4,2,2024
2024-05-18,MIN,CLE,4,11,2024
2024-05-18,SEA,BAL,4,3,2024
2024-05-18,BOS,SLN,2,7,2024
2024-05-18,COL,SFN,4,14,2024
2024-05-18,WAS,PHI,3,4,2024
2024-05-18,NYN,MIA,9,10,2024
2024-05-18,CIN,LAN,0,4,2024
2024-05-18,PIT,CHN,0,1,2024
2024-05-18,DET,ARI,8,3,2024
2024-05-19,TBA,TOR,2,5,2024
2024-05-19,CHA,NYA,2,7,2024
2024-05-19,OAK,KCA,4,8,2024
2024-05-19,MIL,HOU,4,9,2024
2024-05-19,MIN,CLE,2,5,2024
2024-05-19,SEA,BAL,3,6,2024
2024-05-19,BOS,SLN,11,3,2024
2024-05-19,ANA,TEX,4,1,2024
2024-05-19,WAS,PHI,5,11,2024
2024-05-19,NYN,MIA,7,3,2024
2024-05-19,CIN,LAN,2,3,2024
2024-05-19,PIT,CHN,3,2,2024
2024-05-19,SDN,ATL,9,1,2024
2024-05-19,COL,SFN,1,4,2024
2024-05-19,DET,ARI,4,6,2024
2024-05-20,CHA,TOR,3,9,2024
2024-05-20,BOS,TBA,5,0,2024
2024-05-20,SEA,NYA,5,4,2024
2024-05-20,DET,KCA,3,8,2024
2024-05-20,ANA,HOU,9,7,2024
2024-05-20,NYN,CLE,1,3,2024
2024-05-20,MIN,WAS,3,12,2024
2024-05-20,BAL,SLN,3,6,2024
2024-05-20,MIL,MIA,2,3,2024
2024-05-20,ARI,LAN,4,6,2024
2024-05-20,SDN,ATL,0,3,2024
2024-05-20,SDN,ATL,6,5,2024
2024-05-21,BOS,TBA,5,2,2024
2024-05-21,CHA,TOR,5,0,2024
2024-05-21,COL,OAK,4,5,2024
2024-05-21,SEA,NYA,6,3,2024
2024-05-21,DET,KCA,3,10,2024
2024-05-21,ANA,HOU,5,6,2024
2024-05-21,NYN,CLE,6,7,2024
2024-05-21,SDN,CIN,0,2,2024
2024-05-21,BAL,SLN,1,3,2024
2024-05-21,SFN,PIT,6,7,2024
2024-05-21,TEX,PHI,2,5,2024
2024-05-21,MIL,MIA,7,5,2024
2024-05-21,ARI,LAN,7,3,2024
2024-05-21,ATL,CHN,3,4,2024
2024-05-21,MIN,WAS,10,0,2024
2024-05-22,ANA,HOU,2,1,2024
2024-05-22,CHA,TOR,2,9,2024
2024-05-22,BOS,TBA,8,5,2024
2024-05-22,COL,OAK,4,3,2024
2024-05-22,SEA,NYA,3,7,2024
2024-05-22,DET,KCA,3,8,2024
2024-05-22,NYN,CLE,3,6,2024
2024-05-22,MIL,MIA,0,1,2024
2024-05-22,BAL,SLN,4,5,2024
2024-05-22,SFN,PIT,9,5,2024
2024-05-22,TEX,PHI,4,11,2024
2024-05-22,MIN,WAS,3,2,2024
2024-05-22,ARI,LAN,6,0,2024
2024-05-22,SDN,CIN,7,3,2024
2024-05-22,ATL,CHN,9,2,2024
2024-05-23,COL,OAK,9,10,2024
2024-05-23,SEA,NYA,0,5,2024
2024-05-23,TOR,DET,9,1,2024
2024-05-23,BAL,CHA,8,6,2024
2024-05-23,SFN,PIT,7,6,2024
2024-05-23,TEX,PHI,2,5,2024
2024-05-23,SDN,CIN,6,4,2024
2024-05-23,ATL,CHN,3,0,2024
2024-05-24,KCA,TBA,8,1,2024
2024-05-24,HOU,OAK,6,3,2024
2024-05-24,TEX,MIN,2,3,2024
2024-05-24,TOR,DET,2,6,2024
2024-05-24,BAL,CHA,6,4,2024
2024-05-24,MIL,BOS,7,2,2024
2024-05-24,CLE,ANA,10,4,2024
2024-05-24,PHI,COL,2,3,2024
2024-05-24,NYA,SDN,8,0,2024
2024-05-24,ATL,PIT,5,11,2024
2024-05-24,SFN,NYN,8,7,2024
2024-05-24,LAN,CIN,6,9,2024
2024-05-24,MIA,ARI,3,0,2024
2024-05-24,SEA,WAS,1,6,2024
2024-05-25,MIL,BOS,6,3,2024
2024-05-25,HOU,OAK,1,3,2024
2024-05-25,TEX,MIN,3,5,2024
2024-05-25,KCA,TBA,7,4,2024
2024-05-25,TOR,DET,1,2,2024
2024-05-25,BAL,CHA,5,3,2024
2024-05-25,CLE,ANA,4,3,2024
2024-05-25,PHI,COL,8,4,2024
2024-05-25,CHN,SLN,6,7,2024
2024-05-25,NYA,SDN,4,1,2024
2024-05-25,ATL,PIT,1,4,2024
2024-05-25,SFN,NYN,7,2,2024
2024-05-25,LAN,CIN,1,3,2024
2024-05-25,MIA,ARI,2,3,2024
2024-05-25,SEA,WAS,1,3,2024
2024-05-26,KCA,TBA,1,4,2024
2024-05-26,HOU,OAK,5,2,2024
2024-05-26,TEX,MIN,6,2,2024
2024-05-26,TOR,DET,11,14,2024
2024-05-26,BAL,CHA,4,1,2024
2024-05-26,MIL,BOS,1,2,2024
2024-05-26,CLE,ANA,5,4,2024
2024-05-26,NYA,SDN,2,5,2024
2024-05-26,CHN,SLN,3,4,2024
2024-05-26,ATL,PIT,8,1,2024
2024-05-26,SFN,NYN,3,4,2024
2024-05-26,PHI,COL,2,5,2024
2024-05-26,LAN,CIN,1,4,2024
2024-05-26,MIA,ARI,3,1,2024
2024-05-26,SEA,WAS,9,5,2024
2024-05-27,BOS,BAL,3,11,2024
2024-05-27,HOU,SEA,2,3,2024
2024-05-27,TOR,CHA,5,1,2024
2024-05-27,PHI,SFN,4,8,2024
2024-05-27,KCA,MIN,5,6,2024
2024-05-27,CHN,MIL,1,5,2024
2024-05-27,CLE,COL,6,8,2024
2024-05-27,SLN,CIN,1,3,2024
2024-05-27,MIA,SDN,1,2,2024
2024-05-27,WAS,ATL,8,4,2024
2024-05-28,ARI,TEX,2,4,2024
2024-05-28,OAK,TBA,3,0,2024
2024-05-28,HOU,SEA,2,4,2024
2024-05-28,KCA,MIN,2,4,2024
2024-05-28,TOR,CHA,7,2,2024
2024-05-28,BOS,BAL,8,3,2024
2024-05-28,PHI,SFN,0,1,2024
2024-05-28,NYA,ANA,3,4,2024
2024-05-28,LAN,NYN,3,0,2024
2024-05-28,LAN,NYN,5,2,2024
2024-05-28,CHN,MIL,6,3,2024
2024-05-28,CLE,COL,13,7,2024
2024-05-28,SLN,CIN,7,1,2024
2024-05-28,WAS,ATL,0,2,2024
2024-05-28,MIA,SDN,0,4,2024
2024-05-29,TOR,CHA,3,1,2024
2024-05-29,ARI,TEX,1,6,2024
2024-05-29,OAK,TBA,3,4,2024
2024-05-29,HOU,SEA,1,2,2024
2024-05-29,PIT,DET,10,2,2024
2024-05-29,PIT,DET,0,8,2024
2024-05-29,BOS,BAL,1,6,2024
2024-05-29,KCA,MIN,6,1,2024
2024-05-29,PHI,SFN,6,1,2024
2024-05-29,MIA,SDN,9,1,2024
2024-05-29,LAN,NYN,10,3,2024
2024-05-29,CHN,MIL,6,10,2024
2024-05-29,NYA,ANA,2,1,2024
2024-05-29,CLE,COL,4,7,2024
2024-05-29,SLN,CIN,5,3,2024
2024-05-29,WAS,ATL,7,2,2024
2024-05-30,OAK,TBA,5,6,2024
2024-05-30,HOU,SEA,4,0,2024
2024-05-30,KCA,MIN,6,7,2024
2024-05-30,DET,BOS,5,0,2024
2024-05-30,NYA,ANA,8,3,2024
2024-05-30,ARI,NYN,2,3,2024
2024-05-30,CHN,MIL,4,6,2024
2024-05-30,WAS,ATL,3,1,2024
2024-05-31,ANA,SEA,4,5,2024
2024-05-31,SDN,KCA,11,8,2024
2024-05-31,PIT,TOR,3,5,2024
2024-05-31,MIN,HOU,6,1,2024
2024-05-31,WAS,CLE,1,7,2024
2024-05-31,DET,BOS,3,7,2024
2024-05-31,TBA,BAL,1,3,2024
2024-05-31,COL,LAN,4,1,2024
2024-05-31,SLN,PHI,2,4,2024
2024-05-31,ARI,NYN,9,10,2024
2024-05-31,CHA,MIL,5,12,2024
2024-05-31,TEX,MIA,2,8,2024
2024-05-31,CIN,CHN,5,4,2024
2024-05-31,OAK,ATL,2,4,2024
2024-05-31,NYA,SFN,6,2,2024
2024-06-01,TBA,BAL,5,9,2024
2024-06-01,ANA,SEA,0,9,2024
2024-06-01,SDN,KCA,7,3,2024
2024-06-01,PIT,TOR,8,1,2024
2024-06-01,WAS,CLE,2,3,2024
2024-06-01,DET,BOS,3,6,2024
2024-06-01,NYA,SFN,7,3,2024
2024-06-01,MIN,HOU,2,5,2024
2024-06-01,ARI,NYN,10,5,2024
2024-06-01,OAK,ATL,11,9,2024
2024-06-01,CIN,CHN,5,7,2024
2024-06-01,SLN,PHI,1,6,2024
2024-06-01,TEX,MIA,7,0,2024
2024-06-01,CHA,MIL,3,4,2024
2024-06-01,COL,LAN,1,4,2024
2024-06-02,PIT,TOR,4,5,2024
2024-06-02,SDN,KCA,3,4,2024
2024-06-02,WAS,CLE,5,2,2024
2024-06-02,DET,BOS,8,4,2024
2024-06-02,TBA,BAL,4,3,2024
2024-06-02,NYA,SFN,7,5,2024
2024-06-02,ANA,SEA,1,5,2024
2024-06-02,ARI,NYN,5,4,2024
2024-06-02,SLN,PHI,5,4,2024
2024-06-02,OAK,ATL,1,3,2024
2024-06-02,CIN,CHN,5,2,2024
2024-06-02,MIN,HOU,4,3,2024
2024-06-02,COL,LAN,0,4,2024
2024-06-02,TEX,MIA,6,0,2024
2024-06-02,CHA,MIL,3,6,2024
2024-06-03,BAL,TOR,7,2,2024
2024-06-03,DET,TEX,2,1,2024
2024-06-03,SDN,ANA,1,2,2024
2024-06-03,SLN,HOU,4,7,2024
2024-06-03,CIN,COL,13,3,2024
2024-06-03,SFN,ARI,2,4,2024
2024-06-03,MIL,PHI,1,3,2024
2024-06-03,NYN,WAS,8,7,2024
2024-06-04,ATL,BOS,8,3,2024
2024-06-04,BAL,TOR,10,1,2024
2024-06-04,DET,TEX,3,1,2024
2024-06-04,SEA,OAK,4,3,2024
2024-06-04,MIN,NYA,1,5,2024
2024-06-04,SLN,HOU,5,8,2024
2024-06-04,KCA,CLE,5,8,2024
2024-06-04,SDN,ANA,2,4,2024
2024-06-04,LAN,PIT,0,1,2024
2024-06-04,MIL,PHI,1,2,2024
2024-06-04,TBA,MIA,9,5,2024
2024-06-04,CIN,COL,4,1,2024
2024-06-04,CHA,CHN,6,7,2024
2024-06-04,SFN,ARI,5,8,2024
2024-06-04,NYN,WAS,6,3,2024
2024-06-05,BAL,TOR,2,3,2024
2024-06-05,DET,TEX,1,9,2024
2024-06-05,MIN,NYA,5,9,2024
2024-06-05,SLN,HOU,4,2,2024
2024-06-05,ATL,BOS,0,9,2024
2024-06-05,SDN,ANA,2,3,2024
2024-06-05,SEA,OAK,1,2,2024
2024-06-05,LAN,PIT,6,10,2024
2024-06-05,MIL,PHI,0,2,2024
2024-06-05,TBA,MIA,5,3,2024
2024-06-05,CIN,COL,12,7,2024
2024-06-05,CHA,CHN,6,7,2024
2024-06-05,SFN,ARI,9,3,2024
2024-06-05,NYN,WAS,9,1,2024
2024-06-06,BAL,TOR,5,6,2024
2024-06-06,SEA,OAK,3,0,2024
2024-06-06,MIN,NYA,5,8,2024
2024-06-06,KCA,CLE,4,3,2024
2024-06-06,BOS,CHA,14,2,2024
2024-06-06,ATL,WAS,5,2,2024
2024-06-06,ARI,SDN,4,3,2024
2024-06-06,LAN,PIT,11,7,2024
2024-06-06,CHN,CIN,4,8,2024
2024-06-06,COL,SLN,3,2,2024
2024-06-07,MIL,DET,10,0,2024
2024-06-07,BAL,TBA,6,3,2024
2024-06-07,TOR,OAK,1,2,2024
2024-06-07,LAN,NYA,2,1,2024
2024-06-07,SEA,KCA,9,10,2024
2024-06-07,BOS,CHA,2,7,2024
2024-06-07,SFN,TEX,5,2,2024
2024-06-07,ATL,WAS,1,2,2024
2024-06-07,COL,SLN,5,8,2024
2024-06-07,ARI,SDN,3,10,2024
2024-06-07,MIN,PIT,0,3,2024
2024-06-07,CLE,MIA,2,3,2024
2024-06-07,CHN,CIN,2,3,2024
2024-06-07,HOU,ANA,7,1,2024
2024-06-08,SFN,TEX,3,1,2024
2024-06-08,BAL,TBA,5,0,2024
2024-06-08,TOR,OAK,7,0,2024
2024-06-08,LAN,NYA,11,3,2024
2024-06-08,SEA,KCA,4,8,2024
2024-06-08,MIL,DET,5,4,2024
2024-06-08,BOS,CHA,1,6,2024
2024-06-08,HOU,ANA,6,1,2024
2024-06-08,ATL,WAS,3,7,2024
2024-06-08,COL,SLN,6,5,2024
2024-06-08,ARI,SDN,1,13,2024
2024-06-08,MIN,PIT,0,4,2024
2024-06-08,PHI,NYN,7,2,2024
2024-06-08,CLE,MIA,8,0,2024
2024-06-08,CHN,CIN,3,4,2024
2024-06-09,SFN,TEX,2,7,2024
2024-06-09,BAL,TBA,9,2,2024
2024-06-09,TOR,OAK,6,4,2024
2024-06-09,LAN,NYA,4,6,2024
2024-06-09,MIL,DET,2,10,2024
2024-06-09,BOS,CHA,6,4,2024
2024-06-09,HOU,ANA,7,9,2024
2024-06-09,SEA,KCA,6,5,2024
2024-06-09,COL,SLN,1,5,2024
2024-06-09,ARI,SDN,9,3,2024
2024-06-09,ATL,WAS,5,8,2024
2024-06-09,MIN,PIT,11,5,2024
2024-06-09,NYN,PHI,6,5,2024
2024-06-09,CLE,MIA,6,3,2024
2024-06-09,CHN,CIN,4,2,2024
2024-06-10,BAL,TBA,5,2,2024
2024-06-10,CHA,SEA,4,8,2024
2024-06-10,COL,MIN,0,5,2024
2024-06-10,NYA,KCA,4,2,2024
2024-06-10,HOU,SFN,3,4,2024
2024-06-10,OAK,SDN,1,6,2024
2024-06-10,TOR,MIL,1,3,2024
2024-06-11,CHA,SEA,3,4,2024
2024-06-11,COL,MIN,5,4,2024
2024-06-11,NYA,KCA,10,1,2024
2024-06-11,CHN,TBA,2,5,2024
2024-06-11,WAS,DET,5,4,2024
2024-06-11,PHI,BOS,4,1,2024
2024-06-11,ATL,BAL,0,4,2024
2024-06-11,TOR,MIL,3,0,2024
2024-06-11,HOU,SFN,3,1,2024
2024-06-11,OAK,SDN,3,4,2024
2024-06-11,MIA,NYN,4,2,2024
2024-06-11,TEX,LAN,2,15,2024
2024-06-11,CLE,CIN,5,3,2024
2024-06-11,ANA,ARI,4,9,2024
2024-06-11,PIT,SLN,2,1,2024
2024-06-12,ATL,BAL,2,4,2024
2024-06-12,CHN,TBA,4,3,2024
2024-06-12,COL,MIN,9,17,2024
2024-06-12,NYA,KCA,11,5,2024
2024-06-12,WAS,DET,7,5,2024
2024-06-12,PHI,BOS,6,8,2024
2024-06-12,PIT,SLN,2,4,2024
2024-06-12,CHA,SEA,1,2,2024
2024-06-12,OAK,SDN,4,5,2024
2024-06-12,ANA,ARI,8,3,2024
2024-06-12,CLE,CIN,2,4,2024
2024-06-12,HOU,SFN,3,5,2024
2024-06-12,TOR,MIL,4,5,2024
2024-06-12,TEX,LAN,3,2,2024
2024-06-12,MIA,NYN,4,10,2024
2024-06-13,CHN,TBA,2,3,2024
2024-06-13,CHA,SEA,3,2,2024
2024-06-13,OAK,MIN,2,6,2024
2024-06-13,WAS,DET,2,7,2024
2024-06-13,PHI,BOS,3,9,2024
2024-06-13,NYA,KCA,3,4,2024
2024-06-13,PIT,SLN,3,4,2024
2024-06-13,MIA,NYN,2,3,2024
2024-06-13,TEX,LAN,3,1,2024
2024-06-13,ANA,ARI,1,11,2024
2024-06-13,ATL,BAL,6,3,2024
2024-06-14,PHI,BAL,5,3,2024
2024-06-14,TEX,SEA,2,3,2024
2024-06-14,OAK,MIN,5,6,2024
2024-06-14,DET,HOU,0,4,2024
2024-06-14,CLE,TOR,3,1,2024
2024-06-14,NYA,BOS,8,1,2024
2024-06-14,MIA,WAS,1,8,2024
2024-06-14,PIT,COL,5,2,2024
2024-06-14,SDN,NYN,1,2,2024
2024-06-14,CIN,MIL,6,5,2024
2024-06-14,KCA,LAN,3,4,2024
2024-06-14,SLN,CHN,3,0,2024
2024-06-14,CHA,ARI,1,7,2024
2024-06-14,ANA,SFN,8,6,2024
2024-06-14,TBA,ATL,3,7,2024
2024-06-15,ANA,SFN,4,3,2024
2024-06-15,CLE,TOR,0,5,2024
2024-06-15,TEX,SEA,5,7,2024
2024-06-15,DET,HOU,13,5,2024
2024-06-15,NYA,BOS,4,8,2024
2024-06-15,PHI,BAL,2,6,2024
2024-06-15,MIA,WAS,0,4,2024
2024-06-15,SDN,NYN,1,5,2024
2024-06-15,KCA,LAN,7,2,2024
2024-06-15,PIT,COL,4,16,2024
2024-06-15,SLN,CHN,1,5,2024
2024-06-15,TBA,ATL,2,9,2024
2024-06-15,CHA,ARI,9,2,2024
2024-06-15,CIN,MIL,1,3,2024
2024-06-16,CLE,TOR,6,7,2024
2024-06-16,TEX,SEA,0,5,2024
2024-06-16,OAK,MIN,7,8,2024
2024-06-16,DET,HOU,1,4,2024
2024-06-16,NYA,BOS,3,9,2024
2024-06-16,PHI,BAL,3,8,2024
2024-06-16,MIA,WAS,1,3,2024
2024-06-16,OAK,MIN,2,6,2024
2024-06-16,SDN,NYN,6,11,2024
2024-06-16,CIN,MIL,4,5,2024
2024-06-16,KCA,LAN,0,3,2024
2024-06-16,PIT,COL,8,2,2024
2024-06-16,SLN,CHN,2,1,2024
2024-06-16,TBA,ATL,8,6,2024
2024-06-16,CHA,ARI,5,12,2024
2024-06-16,ANA,SFN,6,13,2024
2024-06-17,BOS,TOR,7,3,2024
2024-06-17,NYN,TEX,14,2,2024
2024-06-17,MIL,ANA,3,5,2024
2024-06-17,CIN,PIT,1,4,2024
2024-06-17,SLN,MIA,7,6,2024
2024-06-17,LAN,COL,9,5,2024
2024-06-17,SFN,CHN,7,6,2024
2024-06-17,DET,ATL,1,2,2024
2024-06-17,SDN,PHI,2,9,2024
2024-06-18,SEA,CLE,8,5,2024
2024-06-18,BOS,TOR,4,3,2024
2024-06-18,NYN,TEX,7,6,2024
2024-06-18,KCA,OAK,5,7,2024
2024-06-18,BAL,NYA,2,4,2024
2024-06-18,TBA,MIN,6,7,2024
2024-06-18,HOU,CHA,0,2,2024
2024-06-18,DET,ATL,1,2,2024
2024-06-18,ARI,WAS,5,0,2024
2024-06-18,CIN,PIT,2,1,2024
2024-06-18,SDN,PHI,3,4,2024
2024-06-18,SLN,MIA,8,9,2024
2024-06-18,LAN,COL,11,9,2024
2024-06-18,SFN,CHN,2,5,2024
2024-06-18,MIL,ANA,6,3,2024
2024-06-19,BOS,TOR,7,3,2024
2024-06-19,NYN,TEX,3,5,2024
2024-06-19,KCA,OAK,1,5,2024
2024-06-19,TBA,MIN,3,2,2024
2024-06-19,SEA,CLE,0,8,2024
2024-06-19,HOU,CHA,4,1,2024
2024-06-19,MIL,ANA,2,0,2024
2024-06-19,BAL,NYA,7,6,2024
2024-06-19,CIN,PIT,0,1,2024
2024-06-19,SDN,PHI,5,2,2024
2024-06-19,SLN,MIA,3,4,2024
2024-06-19,LAN,COL,6,7,2024
2024-06-19,SFN,CHN,5,6,2024
2024-06-19,DET,ATL,0,7,2024
2024-06-19,ARI,WAS,1,3,2024
2024-06-20,KCA,OAK,3,2,2024
2024-06-20,BAL,NYA,17,5,2024
2024-06-20,TBA,MIN,7,6,2024
2024-06-20,SEA,CLE,3,6,2024
2024-06-20,HOU,CHA,5,3,2024
2024-06-20,SFN,SLN,5,6,2024
2024-06-20,MIL,SDN,6,7,2024
2024-06-20,LAN,COL,5,3,2024
2024-06-20,ARI,WAS,5,2,2024
2024-06-21,TOR,CLE,1,7,2024
2024-06-21,MIN,OAK,5,6,2024
2024-06-21,ATL,NYA,8,1,2024
2024-06-21,KCA,TEX,2,6,2024
2024-06-21,BAL,HOU,11,14,2024
2024-06-21,CHA,DET,1,2,2024
2024-06-21,MIL,SDN,5,9,2024
2024-06-21,WAS,COL,11,5,2024
2024-06-21,ARI,PHI,5,4,2024
2024-06-21,SEA,MIA,2,3,2024
2024-06-21,ANA,LAN,3,2,2024
2024-06-21,BOS,CIN,2,5,2024
2024-06-21,NYN,CHN,11,1,2024
2024-06-21,TBA,PIT,10,3,2024
2024-06-22,KCA,TEX,0,6,2024
2024-06-22,MIN,OAK,10,2,2024
2024-06-22,ATL,NYA,3,8,2024
2024-06-22,BAL,HOU,1,5,2024
2024-06-22,CHA,DET,5,1,2024
2024-06-22,TOR,CLE,3,6,2024
2024-06-22,SFN,SLN,4,9,2024
2024-06-22,MIL,SDN,4,6,2024
2024-06-22,ARI,PHI,1,12,2024
2024-06-22,SEA,MIA,9,0,2024
2024-06-22,ANA,LAN,2,7,2024
2024-06-22,WAS,COL,7,8,2024
2024-06-22,BOS,CIN,4,3,2024
2024-06-22,NYN,CHN,1,8,2024
2024-06-22,TBA,PIT,3,4,2024
2024-06-23,KCA,TEX,0,4,2024
2024-06-23,MIN,OAK,3,0,2024
2024-06-23,ATL,NYA,3,1,2024
2024-06-23,BAL,HOU,1,8,2024
2024-06-23,CHA,DET,2,11,2024
2024-06-23,TOR,CLE,5,6,2024
2024-06-23,SFN,SLN,3,5,2024
2024-06-23,TBA,PIT,3,1,2024
2024-06-23,ARI,PHI,1,4,2024
2024-06-23,SEA,MIA,4,6,2024
2024-06-23,WAS,COL,2,1,2024
2024-06-23,BOS,CIN,7,4,2024
2024-06-23,NYN,CHN,5,2,2024
2024-06-23,MIL,SDN,6,2,2024
2024-06-24,SEA,TBA,3,4,2024
2024-06-24,MIA,KCA,1,4,2024
2024-06-24,PHI,DET,8,1,2024
2024-06-24,LAN,CHA,3,0,2024
2024-06-24,TOR,BOS,6,7,2024
2024-06-24,CLE,BAL,3,2,2024
2024-06-24,OAK,ANA,1,5,2024
2024-06-24,ATL,SLN,3,4,2024
2024-06-24,CHN,SFN,4,5,2024
2024-06-24,WAS,SDN,6,7,2024
2024-06-24,TEX,MIL,3,6,2024
2024-06-24,PIT,CIN,5,11,2024
2024-06-25,MIA,KCA,2,1,2024
2024-06-25,COL,HOU,2,5,2024
2024-06-25,PHI,DET,1,4,2024
2024-06-25,LAN,CHA,4,3,2024
2024-06-25,TOR,BOS,9,4,2024
2024-06-25,CLE,BAL,10,8,2024
2024-06-25,SEA,TBA,3,11,2024
2024-06-25,CHN,SFN,1,5,2024
2024-06-25,WAS,SDN,7,9,2024
2024-06-25,NYA,NYN,7,9,2024
2024-06-25,TEX,MIL,1,3,2024
2024-06-25,PIT,CIN,9,5,2024
2024-06-25,MIN,ARI,4,5,2024
2024-06-25,OAK,ANA,5,7,2024
2024-06-26,SEA,TBA,5,2,2024
2024-06-26,MIA,KCA,1,5,2024
2024-06-26,COL,HOU,1,7,2024
2024-06-26,LAN,CHA,4,0,2024
2024-06-26,TOR,BOS,4,1,2024
2024-06-26,CLE,BAL,2,4,2024
2024-06-26,OAK,ANA,2,5,2024
2024-06-26,PHI,DET,6,2,2024
2024-06-26,ATL,SLN,6,2,2024
2024-06-26,CHN,SFN,3,4,2024
2024-06-26,WAS,SDN,5,8,2024
2024-06-26,NYA,NYN,2,12,2024
2024-06-26,TEX,MIL,5,6,2024
2024-06-26,PIT,CIN,6,1,2024
2024-06-26,MIN,ARI,8,3,2024
2024-06-26,ATL,SLN,1,4,2024
2024-06-27,NYA,TOR,2,9,2024
2024-06-27,CLE,KCA,1,2,2024
2024-06-27,ATL,CHA,0,1,2024
2024-06-27,TEX,BAL,2,11,2024
2024-06-27,CIN,SLN,11,4,2024
2024-06-27,CHN,SFN,5,3,2024
2024-06-27,MIA,PHI,7,4,2024
2024-06-27,MIN,ARI,13,6,2024
2024-06-27,DET,ANA,0,5,2024
2024-06-28,TEX,BAL,1,2,2024
2024-06-28,WAS,TBA,1,3,2024
2024-06-28,NYA,TOR,16,5,2024
2024-06-28,CLE,KCA,3,10,2024
2024-06-28,COL,CHA,3,5,2024
2024-06-28,SDN,BOS,9,2,2024
2024-06-28,DET,ANA,2,5,2024
2024-06-28,MIN,SEA,2,3,2024
2024-06-28,LAN,SFN,3,5,2024
2024-06-28,MIA,PHI,0,2,2024
2024-06-28,HOU,NYN,2,7,2024
2024-06-28,CHN,MIL,2,4,2024
2024-06-28,PIT,ATL,1,6,2024
2024-06-28,OAK,ARI,9,4,2024
2024-06-28,CIN,SLN,0,1,2024
2024-06-29,NYA,TOR,3,9,2024
2024-06-29,WAS,TBA,8,1,2024
2024-06-29,MIN,SEA,5,1,2024
2024-06-29,COL,CHA,3,11,2024
2024-06-29,SDN,BOS,11,1,2024
2024-06-29,TEX,BAL,5,6,2024
2024-06-29,DET,ANA,5,6,2024
2024-06-29,CLE,KCA,7,2,2024
2024-06-29,LAN,SFN,14,7,2024
2024-06-29,MIA,PHI,3,2,2024
2024-06-29,HOU,NYN,9,6,2024
2024-06-29,CHN,MIL,5,3,2024
2024-06-29,PIT,ATL,1,2,2024
2024-06-29,OAK,ARI,0,3,2024
2024-06-29,CIN,SLN,9,4,2024
2024-06-30,WAS,TBA,0,5,2024
2024-06-30,MIN,SEA,5,3,2024
2024-06-30,CLE,KCA,2,6,2024
2024-06-30,COL,CHA,5,4,2024
2024-06-30,SDN,BOS,1,4,2024
2024-06-30,TEX,BAL,11,2,2024
2024-06-30,DET,ANA,7,6,2024
2024-06-30,MIA,PHI,6,7,2024
2024-06-30,LAN,SFN,4,10,2024
2024-06-30,HOU,NYN,10,5,2024
2024-06-30,CHN,MIL,1,7,2024
2024-06-30,PIT,ATL,4,2,2024
2024-06-30,OAK,ARI,1,5,2024
2024-06-30,NYA,TOR,8,1,2024
2024-06-30,CIN,SLN,0,2,2024
2024-07-01,HOU,TOR,3,1,2024
2024-07-01,NYN,WAS,9,7,2024
2024-07-01,MIL,COL,7,8,2024
2024-07-02,HOU,TOR,6,7,2024
2024-07-02,SDN,TEX,0,7,2024
2024-07-02,BAL,SEA,2,0,2024
2024-07-02,ANA,OAK,5,7,2024
2024-07-02,DET,MIN,3,5,2024
2024-07-02,TBA,KCA,5,1,2024
2024-07-02,CHA,CLE,6,7,2024
2024-07-02,CIN,NYA,5,4,2024
2024-07-02,SLN,PIT,7,4,2024
2024-07-02,BOS,MIA,8,3,2024
2024-07-02,ARI,LAN,5,6,2024
2024-07-02,MIL,COL,4,3,2024
2024-07-02,PHI,CHN,6,4,2024
2024-07-02,SFN,ATL,5,3,2024
2024-07-02,NYN,WAS,7,2,2024
2024-07-03,DET,MIN,9,2,2024
2024-07-03,HOU,TOR,9,2,2024
2024-07-03,SDN,TEX,6,4,2024
2024-07-03,BAL,SEA,4,1,2024
2024-07-03,ANA,OAK,0,5,2024
2024-07-03,CIN,NYA,3,2,2024
2024-07-03,TBA,KCA,2,4,2024
2024-07-03,MIL,COL,3,0,2024
2024-07-03,NYN,WAS,5,7,2024
2024-07-03,SLN,PIT,4,5,2024
2024-07-03,BOS,MIA,7,2,2024
2024-07-03,ARI,LAN,12,4,2024
2024-07-03,PHI,CHN,5,3,2024
2024-07-03,SFN,ATL,1,3,2024
2024-07-03,CHA,CLE,8,2,2024
2024-07-04,DET,MIN,3,12,2024
2024-07-04,SDN,TEX,3,1,2024
2024-07-04,HOU,TOR,5,3,2024
2024-07-04,BAL,SEA,3,7,2024
2024-07-04,ANA,OAK,0,5,2024
2024-07-04,CIN,NYA,8,4,2024
2024-07-04,TBA,KCA,10,8,2024
2024-07-04,PHI,CHN,2,10,2024
2024-07-04,NYN,WAS,0,1,2024
2024-07-04,SLN,PIT,3,2,2024
2024-07-04,BOS,MIA,6,5,2024
2024-07-04,ARI,LAN,9,3,2024
2024-07-04,MIL,COL,3,4,2024
2024-07-04,SFN,ATL,4,2,2024
2024-07-04,CHA,CLE,4,8,2024
2024-07-05,TBA,TEX,0,3,2024
2024-07-05,TOR,SEA,1,2,2024
2024-07-05,BAL,OAK,3,2,2024
2024-07-05,BOS,NYA,5,3,2024
2024-07-05,HOU,MIN,13,12,2024
2024-07-05,SFN,CLE,4,2,2024
2024-07-05,SLN,WAS,7,6,2024
2024-07-05,ARI,SDN,8,10,2024
2024-07-05,NYN,PIT,2,14,2024
2024-07-05,CHA,MIA,3,2,2024
2024-07-05,MIL,LAN,5,8,2024
2024-07-05,KCA,COL,2,4,2024
2024-07-05,DET,CIN,5,4,2024
2024-07-05,ANA,CHN,1,5,2024
2024-07-05,PHI,ATL,8,6,2024
2024-07-06,TOR,SEA,5,4,2024
2024-07-06,BAL,OAK,8,19,2024
2024-07-06,BOS,NYA,4,14,2024
2024-07-06,TBA,TEX,3,4,2024
2024-07-06,SFN,CLE,4,5,2024
2024-07-06,SLN,WAS,6,14,2024
2024-07-06,ARI,SDN,7,5,2024
2024-07-06,HOU,MIN,3,9,2024
2024-07-06,CHA,MIA,3,4,2024
2024-07-06,MIL,LAN,3,5,2024
2024-07-06,KCA,COL,1,3,2024
2024-07-06,DET,CIN,5,3,2024
2024-07-06,ANA,CHN,7,0,2024
2024-07-06,PHI,ATL,1,5,2024
2024-07-06,NYN,PIT,5,2,2024
2024-07-07,TBA,TEX,2,13,2024
2024-07-07,TOR,SEA,5,4,2024
2024-07-07,BAL,OAK,6,3,2024
2024-07-07,BOS,NYA,3,0,2024
2024-07-07,SFN,CLE,4,5,2024
2024-07-07,SLN,WAS,8,3,2024
2024-07-07,ARI,SDN,9,1,2024
2024-07-07,HOU,MIN,2,3,2024
2024-07-07,CHA,MIA,4,7,2024
2024-07-07,MIL,LAN,9,2,2024
2024-07-07,KCA,COL,10,1,2024
2024-07-07,DET,CIN,5,1,2024
2024-07-07,ANA,CHN,0,5,2024
2024-07-07,PHI,ATL,0,6,2024
2024-07-07,NYN,PIT,3,2,2024
2024-07-08,CLE,DET,0,1,2024
2024-07-08,MIN,CHA,8,6,2024
2024-07-08,TEX,ANA,9,4,2024
2024-07-08,NYN,PIT,2,8,2024
2024-07-08,COL,CIN,0,6,2024
2024-07-08,ATL,ARI,5,4,2024
2024-07-08,SLN,WAS,6,0,2024
2024-07-09,NYA,TBA,3,5,2024
2024-07-09,MIA,HOU,3,4,2024
2024-07-09,CLE,DET,9,8,2024
2024-07-09,OAK,BOS,9,12,2024
2024-07-09,CHN,BAL,9,2,2024
2024-07-09,TOR,SFN,3,4,2024
2024-07-09,TEX,ANA,5,4,2024
2024-07-09,LAN,PHI,1,10,2024
2024-07-09,ATL,ARI,6,2,2024
2024-07-09,COL,CIN,6,12,2024
2024-07-09,SEA,SDN,8,3,2024
2024-07-09,WAS,NYN,5,7,2024
2024-07-09,PIT,MIL,12,2,2024
2024-07-10,MIA,HOU,1,9,2024
2024-07-10,CLE,DET,4,5,2024
2024-07-10,MIN,CHA,3,2,2024
2024-07-10,MIN,CHA,1,3,2024
2024-07-10,OAK,BOS,5,2,2024
2024-07-10,CHN,BAL,4,0,2024
2024-07-10,TEX,ANA,2,7,2024
2024-07-10,KCA,SLN,8,5,2024
2024-07-10,NYA,TBA,2,1,2024
2024-07-10,TOR,SFN,10,6,2024
2024-07-10,SEA,SDN,2,0,2024
2024-07-10,LAN,PHI,3,4,2024
2024-07-10,WAS,NYN,2,6,2024
2024-07-10,PIT,MIL,0,9,2024
2024-07-10,COL,CIN,6,5,2024
2024-07-10,ATL,ARI,5,7,2024
2024-07-10,KCA,SLN,6,4,2024
2024-07-11,NYA,TBA,4,5,2024
2024-07-11,MIA,HOU,3,6,2024
2024-07-11,CLE,DET,1,10,2024
2024-07-11,OAK,BOS,0,7,2024
2024-07-11,CHN,BAL,8,0,2024
2024-07-11,SEA,ANA,11,0,2024
2024-07-11,TOR,SFN,5,3,2024
2024-07-11,WAS,NYN,0,7,2024
2024-07-11,PIT,MIL,1,0,2024
2024-07-11,COL,CIN,1,8,2024
2024-07-11,ATL,ARI,0,1,2024
2024-07-11,LAN,PHI,1,5,2024
2024-07-12,NYA,BAL,4,1,2024
2024-07-12,TEX,HOU,3,6,2024
2024-07-12,LAN,DET,4,3,2024
2024-07-12,PIT,CHA,4,1,2024
2024-07-12,CLE,TBA,0,2,2024
2024-07-12,KCA,BOS,6,1,2024
2024-07-12,SEA,ANA,5,6,2024
2024-07-12,COL,NYN,6,7,2024
2024-07-12,MIN,SFN,1,7,2024
2024-07-12,CHN,SLN,5,1,2024
2024-07-12,TOR,ARI,4,5,2024
2024-07-12,MIA,CIN,4,7,2024
2024-07-12,OAK,PHI,6,2,2024
2024-07-12,WAS,MIL,5,2,2024
2024-07-12,ATL,SDN,6,1,2024
2024-07-13,SEA,ANA,1,2,2024
2024-07-13,CLE,TBA,4,2,2024
2024-07-13,TEX,HOU,2,1,2024
2024-07-13,LAN,DET,9,11,2024
2024-07-13,PIT,CHA,6,2,2024
2024-07-13,KCA,BOS,0,5,2024
2024-07-13,NYA,BAL,6,1,2024
2024-07-13,CHN,SLN,4,5,2024
2024-07-13,CHN,SLN,3,11,2024
2024-07-13,ATL,SDN,0,4,2024
2024-07-13,OAK,PHI,5,11,2024
2024-07-13,COL,NYN,3,7,2024
2024-07-13,WAS,MIL,6,5,2024
2024-07-13,MIA,CIN,6,10,2024
2024-07-13,TOR,ARI,1,12,2024
2024-07-13,MIN,SFN,4,2,2024
2024-07-14,CLE,TBA,0,2,2024
2024-07-14,TEX,HOU,4,2,2024
2024-07-14,LAN,DET,3,4,2024
2024-07-14,PIT,CHA,9,4,2024
2024-07-14,KCA,BOS,4,5,2024
2024-07-14,NYA,BAL,5,6,2024
2024-07-14,SEA,ANA,2,3,2024
2024-07-14,MIN,SFN,2,3,2024
2024-07-14,ATL,SDN,6,3,2024
2024-07-14,OAK,PHI,18,3,2024
2024-07-14,COL,NYN,8,5,2024
2024-07-14,WAS,MIL,3,9,2024
2024-07-14,MIA,CIN,3,2,2024
2024-07-14,TOR,ARI,8,7,2024
2024-07-14,CHN,SLN,8,3,2024
2024-07-19,DET,TOR,5,4,2024
2024-07-19,BAL,TEX,9,1,2024
2024-07-19,HOU,SEA,3,0,2024
2024-07-19,ANA,OAK,3,13,2024
2024-07-19,TBA,NYA,1,6,2024
2024-07-19,CHA,KCA,1,7,2024
2024-07-19,SDN,CLE,0,7,2024
2024-07-19,CIN,WAS,5,8,2024
2024-07-19,PHI,PIT,7,8,2024
2024-07-19,NYN,MIA,4,6,2024
2024-07-19,BOS,LAN,1,4,2024
2024-07-19,SFN,COL,3,7,2024
2024-07-19,ARI,CHN,5,2,2024
2024-07-20,BAL,TEX,8,4,2024
2024-07-20,HOU,SEA,4,2,2024
2024-07-20,ANA,OAK,2,8,2024
2024-07-20,TBA,NYA,9,1,2024
2024-07-20,MIL,MIN,8,4,2024
2024-07-20,CHA,KCA,1,6,2024
2024-07-20,SDN,CLE,7,0,2024
2024-07-20,DET,TOR,7,3,2024
2024-07-20,PHI,PIT,1,4,2024
2024-07-20,NYN,MIA,1,0,2024
2024-07-20,BOS,LAN,6,7,2024
2024-07-20,SFN,COL,3,4,2024
2024-07-20,ARI,CHN,3,0,2024
2024-07-20,SLN,ATL,9,5,2024
2024-07-20,SLN,ATL,2,3,2024
2024-07-20,CIN,WAS,4,5,2024
2024-07-21,DET,TOR,4,5,2024
2024-07-21,HOU,SEA,4,6,2024
2024-07-21,ANA,OAK,8,5,2024
2024-07-21,TBA,NYA,6,4,2024
2024-07-21,MIL,MIN,8,7,2024
2024-07-21,CHA,KCA,1,4,2024
2024-07-21,SDN,CLE,2,1,2024
2024-07-21,BAL,TEX,2,3,2024
2024-07-21,PHI,PIT,6,0,2024
2024-07-21,NYN,MIA,2,4,2024
2024-07-21,BOS,LAN,6,9,2024
2024-07-21,SFN,COL,3,2,2024
2024-07-21,ARI,CHN,1,2,2024
2024-07-21,SLN,ATL,6,2,2024
2024-07-21,CIN,WAS,2,5,2024
2024-07-22,CHA,TEX,3,4,2024
2024-07-22,ANA,SEA,3,1,2024
2024-07-22,HOU,OAK,0,4,2024
2024-07-22,TBA,NYA,1,9,2024
2024-07-22,PHI,MIN,2,7,2024
2024-07-22,ARI,KCA,4,10,2024
2024-07-22,DET,CLE,8,2,2024
2024-07-22,NYN,MIA,6,4,2024
2024-07-22,SFN,LAN,2,3,2024
2024-07-22,BOS,COL,8,9,2024
2024-07-22,MIL,CHN,1,3,2024
2024-07-22,CIN,ATL,4,1,2024
2024-07-22,SLN,PIT,1,2,2024
2024-07-23,PHI,MIN,3,0,2024
2024-07-23,TBA,TOR,4,2,2024
2024-07-23,CHA,TEX,2,3,2024
2024-07-23,ANA,SEA,5,1,2024
2024-07-23,HOU,OAK,2,8,2024
2024-07-23,NYN,NYA,3,2,2024
2024-07-23,ARI,KCA,6,2,2024
2024-07-23,MIL,CHN,1,0,2024
2024-07-23,SDN,WAS,4,0,2024
2024-07-23,SLN,PIT,2,1,2024
2024-07-23,BAL,MIA,3,6,2024
2024-07-23,SFN,LAN,2,5,2024
2024-07-23,BOS,COL,6,0,2024
2024-07-23,DET,CLE,4,5,2024
2024-07-24,TBA,TOR,3,6,2024
2024-07-24,CHA,TEX,2,10,2024
2024-07-24,ANA,SEA,2,1,2024
2024-07-24,NYN,NYA,12,3,2024
2024-07-24,PHI,MIN,4,5,2024
2024-07-24,ARI,KCA,8,6,2024
2024-07-24,DET,CLE,1,2,2024
2024-07-24,HOU,OAK,8,1,2024
2024-07-24,SLN,PIT,0,5,2024
2024-07-24,BAL,MIA,3,6,2024
2024-07-24,SFN,LAN,8,3,2024
2024-07-24,BOS,COL,7,20,2024
2024-07-24,MIL,CHN,3,2,2024
2024-07-24,CIN,ATL,9,4,2024
2024-07-24,SDN,WAS,12,3,2024
2024-07-25,TBA,TOR,13,0,2024
2024-07-25,CHA,TEX,1,2,2024
2024-07-25,DET,CLE,3,0,2024
2024-07-25,OAK,ANA,6,5,2024
2024-07-25,SDN,WAS,3,0,2024
2024-07-25,BAL,MIA,7,6,2024
2024-07-25,SFN,LAN,4,6,2024
2024-07-25,ATL,NYN,2,3,2024
2024-07-26,SEA,CHA,10,0,2024
2024-07-26,TEX,TOR,5,6,2024
2024-07-26,CIN,TBA,3,2,2024
2024-07-26,CHN,KCA,0,6,2024
2024-07-26,LAN,HOU,0,5,2024
2024-07-26,MIN,DET,9,3,2024
2024-07-26,NYA,BOS,7,9,2024
2024-07-26,COL,SFN,4,11,2024
2024-07-26,OAK,ANA,5,4,2024
2024-07-26,WAS,SLN,10,8,2024
2024-07-26,CLE,PHI,3,1,2024
2024-07-26,ATL,NYN,4,8,2024
2024-07-26,MIA,MIL,6,2,2024
2024-07-26,PIT,ARI,3,4,2024
2024-07-26,SDN,BAL,6,4,2024
2024-07-27,TEX,TOR,3,7,2024
2024-07-27,CIN,TBA,0,4,2024
2024-07-27,CHN,KCA,9,4,2024
2024-07-27,LAN,HOU,6,7,2024
2024-07-27,MIN,DET,2,7,2024
2024-07-27,SEA,CHA,6,3,2024
2024-07-27,NYA,BOS,11,8,2024
2024-07-27,SDN,BAL,9,4,2024
2024-07-27,OAK,ANA,3,1,2024
2024-07-27,COL,SFN,0,5,2024
2024-07-27,COL,SFN,1,4,2024
2024-07-27,CLE,PHI,0,8,2024
2024-07-27,ATL,NYN,4,0,2024
2024-07-27,MIA,MIL,7,3,2024
2024-07-27,PIT,ARI,5,9,2024
2024-07-27,WAS,SLN,14,3,2024
2024-07-28,NYA,BOS,8,2,2024
2024-07-28,TEX,TOR,3,7,2024
2024-07-28,CIN,TBA,1,2,2024
2024-07-28,CHN,KCA,7,3,2024
2024-07-28,MIN,DET,5,0,2024
2024-07-28,SEA,CHA,6,3,2024
2024-07-28,SDN,BAL,6,8,2024
2024-07-28,LAN,HOU,6,2,2024
2024-07-28,WAS,SLN,3,4,2024
2024-07-28,COL,SFN,4,5,2024
2024-07-28,CLE,PHI,4,3,2024
2024-07-28,OAK,ANA,6,8,2024
2024-07-28,ATL,NYN,9,2,2024
2024-07-28,MIA,MIL,2,6,2024
2024-07-28,PIT,ARI,6,5,2024
2024-07-29,PIT,HOU,5,3,2024
2024-07-29,CLE,DET,8,4,2024
2024-07-29,KCA,CHA,8,5,2024
2024-07-29,SEA,BOS,7,14,2024
2024-07-29,TOR,BAL,8,4,2024
2024-07-29,TOR,BAL,5,11,2024
2024-07-29,TEX,SLN,6,3,2024
2024-07-29,NYA,PHI,14,4,2024
2024-07-29,MIN,NYN,2,15,2024
2024-07-29,ATL,MIL,3,8,2024
2024-07-29,CHN,CIN,1,7,2024
2024-07-29,WAS,ARI,8,9,2024
2024-07-30,MIA,TBA,3,9,2024
2024-07-30,PIT,HOU,6,2,2024
2024-07-30,CLE,DET,5,0,2024
2024-07-30,KCA,CHA,4,3,2024
2024-07-30,SEA,BOS,10,6,2024
2024-07-30,TOR,BAL,2,6,2024
2024-07-30,COL,ANA,7,10,2024
2024-07-30,CHN,CIN,3,6,2024
2024-07-30,OAK,SFN,5,2,2024
2024-07-30,LAN,SDN,5,6,2024
2024-07-30,NYA,PHI,7,6,2024
2024-07-30,MIN,NYN,0,2,2024
2024-07-30,ATL,MIL,5,1,2024
2024-07-30,WAS,ARI,0,17,2024
2024-07-30,TEX,SLN,1,8,2024
2024-07-31,COL,ANA,2,1,2024
2024-07-31,PIT,HOU,4,5,2024
2024-07-31,KCA,CHA,10,3,2024
2024-07-31,SEA,BOS,2,3,2024
2024-07-31,MIA,TBA,6,2,2024
2024-07-31,TOR,BAL,4,10,2024
2024-07-31,TEX,SLN,1,10,2024
2024-07-31,MIN,NYN,8,3,2024
2024-07-31,LAN,SDN,1,8,2024
2024-07-31,NYA,PHI,6,5,2024
2024-07-31,ATL,MIL,6,2,2024
2024-07-31,CHN,CIN,13,4,2024
2024-07-31,WAS,ARI,4,5,2024
2024-07-31,OAK,SFN,0,1,2024
2024-08-01,KCA,DET,7,1,2024
2024-08-01,BAL,CLE,3,10,2024
2024-08-01,COL,ANA,5,4,2024
2024-08-01,MIA,ATL,2,4,2024
2024-08-01,SLN,CHN,4,5,2024
2024-08-02,BOS,TEX,11,6,2024
2024-08-02,PHI,SEA,2,10,2024
2024-08-02,LAN,OAK,5,6,2024
2024-08-02,TOR,NYA,8,5,2024
2024-08-02,CHA,MIN,2,10,2024
2024-08-02,TBA,HOU,2,3,2024
2024-08-02,KCA,DET,9,2,2024
2024-08-02,MIL,WAS,8,3,2024
2024-08-02,NYN,ANA,5,1,2024
2024-08-02,COL,SDN,5,2,2024
2024-08-02,ARI,PIT,9,8,2024
2024-08-02,SFN,CIN,3,0,2024
2024-08-02,SLN,CHN,3,6,2024
2024-08-02,MIA,ATL,3,5,2024
2024-08-02,BAL,CLE,4,8,2024
2024-08-03,TBA,HOU,6,1,2024
2024-08-03,BOS,TEX,4,7,2024
2024-08-03,PHI,SEA,5,6,2024
2024-08-03,LAN,OAK,10,0,2024
2024-08-03,TOR,NYA,3,8,2024
2024-08-03,CHA,MIN,2,6,2024
2024-08-03,KCA,DET,5,6,2024
2024-08-03,SFN,CIN,4,6,2024
2024-08-03,NYN,ANA,4,5,2024
2024-08-03,MIA,ATL,4,3,2024
2024-08-03,SLN,CHN,5,4,2024
2024-08-03,BAL,CLE,7,4,2024
2024-08-03,COL,SDN,2,3,2024
2024-08-03,MIL,WAS,4,6,2024
2024-08-03,ARI,PIT,2,4,2024
2024-08-04,PHI,SEA,6,0,2024
2024-08-04,BOS,TEX,7,2,2024
2024-08-04,LAN,OAK,3,2,2024
2024-08-04,CHA,MIN,7,13,2024
2024-08-04,TBA,HOU,1,0,2024
2024-08-04,KCA,DET,3,2,2024
2024-08-04,BAL,CLE,9,5,2024
2024-08-04,TOR,NYA,3,4,2024
2024-08-04,MIL,WAS,3,4,2024
2024-08-04,COL,SDN,2,10,2024
2024-08-04,ARI,PIT,6,5,2024
2024-08-04,SFN,CIN,8,2,2024
2024-08-04,SLN,CHN,2,6,2024
2024-08-04,MIA,ATL,7,0,2024
2024-08-04,NYN,ANA,2,3,2024
2024-08-05,HOU,TEX,3,4,2024
2024-08-05,CHA,OAK,1,5,2024
2024-08-05,BOS,KCA,9,5,2024
2024-08-05,ARI,CLE,7,6,2024
2024-08-05,PHI,LAN,3,5,2024
2024-08-05,NYN,SLN,6,0,2024
2024-08-05,CIN,MIA,10,3,2024
2024-08-05,MIN,CHN,3,0,2024
2024-08-05,SFN,WAS,4,1,2024
2024-08-06,CHA,OAK,5,1,2024
2024-08-06,DET,SEA,4,2,2024
2024-08-06,PHI,LAN,6,2,2024
2024-08-06,BAL,TOR,2,5,2024
2024-08-06,BOS,KCA,6,5,2024
2024-08-06,HOU,TEX,4,2,2024
2024-08-06,SFN,WAS,5,11,2024
2024-08-06,MIN,CHN,3,7,2024
2024-08-06,SDN,PIT,6,0,2024
2024-08-06,CIN,MIA,8,2,2024
2024-08-06,NYN,COL,3,6,2024
2024-08-06,MIL,ATL,10,0,2024
2024-08-06,TBA,SLN,3,4,2024
2024-08-07,BAL,TOR,7,3,2024
2024-08-07,HOU,TEX,6,4,2024
2024-08-07,DET,SEA,6,2,2024
2024-08-07,CHA,OAK,2,3,2024
2024-08-07,ANA,NYA,8,2,2024
2024-08-07,ANA,NYA,2,5,2024
2024-08-07,BOS,KCA,4,8,2024
2024-08-07,ARI,CLE,5,3,2024
2024-08-07,SFN,WAS,7,4,2024
2024-08-07,TBA,SLN,2,5,2024
2024-08-07,SDN,PIT,9,8,2024
2024-08-07,CIN,MIA,4,6,2024
2024-08-07,PHI,LAN,9,4,2024
2024-08-07,NYN,COL,5,3,2024
2024-08-07,MIN,CHN,2,8,2024
2024-08-07,MIL,ATL,8,5,2024
2024-08-07,ARI,CLE,7,3,2024
2024-08-08,SFN,WAS,9,5,2024
2024-08-08,DET,SEA,3,4,2024
2024-08-08,ANA,NYA,9,4,2024
2024-08-08,BAL,TOR,6,7,2024
2024-08-08,TBA,SLN,6,4,2024
2024-08-08,CIN,MIA,10,4,2024
2024-08-08,NYN,COL,9,1,2024
2024-08-08,MIL,ATL,16,7,2024
2024-08-08,PHI,ARI,6,4,2024
2024-08-08,SDN,PIT,7,6,2024
2024-08-09,OAK,TOR,1,3,2024
2024-08-09,BAL,TBA,4,1,2024
2024-08-09,NYN,SEA,0,6,2024
2024-08-09,CLE,MIN,3,6,2024
2024-08-09,CLE,MIN,2,4,2024
2024-08-09,SLN,KCA,8,5,2024
2024-08-09,HOU,BOS,8,4,2024
2024-08-09,CHN,CHA,7,6,2024
2024-08-09,DET,SFN,2,3,2024
2024-08-09,CIN,MIL,3,8,2024
2024-08-09,SDN,MIA,6,2,2024
2024-08-09,PIT,LAN,5,9,2024
2024-08-09,ATL,COL,5,6,2024
2024-08-09,PHI,ARI,2,3,2024
2024-08-09,ANA,WAS,2,3,2024
2024-08-10,SLN,KCA,3,8,2024
2024-08-10,BAL,TBA,7,5,2024
2024-08-10,OAK,TOR,1,0,2024
2024-08-10,TEX,NYA,9,4,2024
2024-08-10,TEX,NYA,0,8,2024
2024-08-10,CLE,MIN,2,1,2024
2024-08-10,CHN,CHA,3,1,2024
2024-08-10,NYN,SEA,0,4,2024
2024-08-10,ANA,WAS,4,5,2024
2024-08-10,DET,SFN,1,3,2024
2024-08-10,CIN,MIL,0,1,2024
2024-08-10,SDN,MIA,9,8,2024
2024-08-10,PIT,LAN,1,4,2024
2024-08-10,ATL,COL,11,8,2024
2024-08-10,PHI,ARI,1,11,2024
2024-08-10,HOU,BOS,5,4,2024
2024-08-11,OAK,TOR,8,4,2024
2024-08-11,NYN,SEA,1,12,2024
2024-08-11,TEX,NYA,7,8,2024
2024-08-11,CLE,MIN,5,3,2024
2024-08-11,HOU,BOS,10,2,2024
2024-08-11,ANA,WAS,6,4,2024
2024-08-11,BAL,TBA,1,2,2024
2024-08-11,CIN,MIL,4,3,2024
2024-08-11,SDN,MIA,6,7,2024
2024-08-11,PIT,LAN,5,6,2024
2024-08-11,ATL,COL,8,9,2024
2024-08-11,PHI,ARI,5,12,2024
2024-08-11,DET,SFN,5,4,2024
2024-08-12,HOU,TBA,6,1,2024
2024-08-12,KCA,MIN,3,8,2024
2024-08-12,CHN,CLE,8,9,2024
2024-08-12,NYA,CHA,2,12,2024
2024-08-12,TEX,BOS,4,5,2024
2024-08-12,TOR,ANA,4,2,2024
2024-08-12,PIT,SDN,1,2,2024
2024-08-12,LAN,MIL,5,2,2024
2024-08-12,SLN,CIN,1,6,2024
2024-08-12,COL,ARI,4,5,2024
2024-08-12,ATL,SFN,1,0,2024
2024-08-13,WAS,BAL,9,3,2024
2024-08-13,HOU,TBA,3,2,2024
2024-08-13,KCA,MIN,3,13,2024
2024-08-13,SEA,DET,1,15,2024
2024-08-13,CHN,CLE,1,2,2024
2024-08-13,TEX,BOS,4,9,2024
2024-08-13,TOR,ANA,6,1,2024
2024-08-13,NYA,CHA,4,1,2024
2024-08-13,PIT,SDN,0,3,2024
2024-08-13,MIA,PHI,5,0,2024
2024-08-13,ATL,SFN,4,3,2024
2024-08-13,OAK,NYN,9,4,2024
2024-08-13,LAN,MIL,7,2,2024
2024-08-13,SLN,CIN,1,4,2024
2024-08-13,COL,ARI,3,4,2024
2024-08-14,HOU,TBA,2,1,2024
2024-08-14,KCA,MIN,4,1,2024
2024-08-14,SEA,DET,2,3,2024
2024-08-14,CHN,CLE,1,6,2024
2024-08-14,TEX,BOS,9,7,2024
2024-08-14,WAS,BAL,1,4,2024
2024-08-14,TOR,ANA,9,2,2024
2024-08-14,NYA,CHA,10,2,2024
2024-08-14,PIT,SDN,2,8,2024
2024-08-14,MIA,PHI,5,9,2024
2024-08-14,OAK,NYN,1,9,2024
2024-08-14,LAN,MIL,4,5,2024
2024-08-14,SLN,CIN,2,9,2024
2024-08-14,COL,ARI,4,11,2024
2024-08-14,ATL,SFN,13,2,2024
2024-08-15,MIN,TEX,3,2,2024
2024-08-15,SEA,DET,1,2,2024
2024-08-15,BOS,BAL,1,5,2024
2024-08-15,ATL,SFN,0,6,2024
2024-08-15,OAK,NYN,7,6,2024
2024-08-15,LAN,MIL,4,6,2024
2024-08-15,WAS,PHI,3,13,2024
2024-08-16,ATL,ANA,2,3,2024
2024-08-16,MIN,TEX,4,3,2024
2024-08-16,ARI,TBA,4,5,2024
2024-08-16,CHA,HOU,5,4,2024
2024-08-16,NYA,DET,3,0,2024
2024-08-16,BOS,BAL,12,10,2024
2024-08-16,LAN,SLN,7,6,2024
2024-08-16,CLE,MIL,3,5,2024
2024-08-16,WAS,PHI,2,3,2024
2024-08-16,MIA,NYN,3,7,2024
2024-08-16,SDN,COL,3,7,2024
2024-08-16,KCA,CIN,7,1,2024
2024-08-16,TOR,CHN,5,6,2024
2024-08-16,SEA,PIT,3,5,2024
2024-08-17,MIN,TEX,5,2,2024
2024-08-17,ARI,TBA,1,6,2024
2024-08-17,SFN,OAK,0,2,2024
2024-08-17,CHA,HOU,1,6,2024
2024-08-17,NYA,DET,0,4,2024
2024-08-17,BOS,BAL,5,1,2024
2024-08-17,ATL,ANA,11,3,2024
2024-08-17,LAN,SLN,2,5,2024
2024-08-17,WAS,PHI,1,5,2024
2024-08-17,MIA,NYN,0,4,2024
2024-08-17,CLE,MIL,1,2,2024
2024-08-17,SDN,COL,8,3,2024
2024-08-17,KCA,CIN,13,1,2024
2024-08-17,TOR,CHN,2,3,2024
2024-08-17,SEA,PIT,2,7,2024
2024-08-18,ATL,ANA,3,1,2024
2024-08-18,ARI,TBA,7,8,2024
2024-08-18,SFN,OAK,4,2,2024
2024-08-18,CHA,HOU,0,2,2024
2024-08-18,NYA,DET,2,3,2024
2024-08-18,BOS,BAL,2,4,2024
2024-08-18,LAN,SLN,2,1,2024
2024-08-18,MIN,TEX,5,6,2024
2024-08-18,WAS,PHI,6,4,2024
2024-08-18,TOR,CHN,1,0,2024
2024-08-18,KCA,CIN,8,1,2024
2024-08-18,SEA,PIT,10,3,2024
2024-08-18,CLE,MIL,0,2,2024
2024-08-18,MIA,NYN,3,2,2024
2024-08-18,SDN,COL,2,3,2024
2024-08-19,CIN,TOR,6,3,2024
2024-08-19,PIT,TEX,3,4,2024
2024-08-19,TBA,OAK,0,3,2024
2024-08-19,BOS,HOU,4,5,2024
2024-08-19,ANA,KCA,3,5,2024
2024-08-19,MIN,SDN,3,5,2024
2024-08-19,BAL,NYN,3,4,2024
2024-08-19,ARI,MIA,9,6,2024
2024-08-19,SEA,LAN,0,3,2024
2024-08-19,CHA,SFN,3,5,2024
2024-08-20,BOS,HOU,6,5,2024
2024-08-20,PIT,TEX,4,0,2024
2024-08-20,TBA,OAK,1,0,2024
2024-08-20,CLE,NYA,9,5,2024
2024-08-20,ANA,KCA,9,5,2024
2024-08-20,CIN,TOR,3,10,2024
2024-08-20,COL,WAS,3,1,2024
2024-08-20,BAL,NYN,9,5,2024
2024-08-20,CHA,SFN,1,4,2024
2024-08-20,MIN,SDN,5,7,2024
2024-08-20,ARI,MIA,3,1,2024
2024-08-20,DET,CHN,1,3,2024
2024-08-20,PHI,ATL,1,3,2024
2024-08-20,MIL,SLN,3,2,2024
2024-08-20,SEA,LAN,3,6,2024
2024-08-21,COL,WAS,1,6,2024
2024-08-21,CIN,TOR,11,7,2024
2024-08-21,PIT,TEX,0,1,2024
2024-08-21,TBA,OAK,4,2,2024
2024-08-21,CLE,NYA,1,8,2024
2024-08-21,ANA,KCA,0,3,2024
2024-08-21,BOS,HOU,4,1,2024
2024-08-21,MIL,SLN,6,10,2024
2024-08-21,MIN,SDN,11,4,2024
2024-08-21,BAL,NYN,3,4,2024
2024-08-21,ARI,MIA,10,8,2024
2024-08-21,SEA,LAN,4,8,2024
2024-08-21,DET,CHN,8,2,2024
2024-08-21,PHI,ATL,3,2,2024
2024-08-21,CHA,SFN,6,2,2024
2024-08-22,ANA,TOR,3,5,2024
2024-08-22,TBA,OAK,1,3,2024
2024-08-22,CLE,NYA,0,6,2024
2024-08-22,HOU,BAL,6,0,2024
2024-08-22,COL,WAS,3,8,2024
2024-08-22,MIL,SLN,0,3,2024
2024-08-22,NYN,SDN,8,3,2024
2024-08-22,CIN,PIT,0,7,2024
2024-08-22,DET,CHN,2,10,2024
2024-08-22,PHI,ATL,2,3,2024
2024-08-23,SFN,SEA,5,6,2024
2024-08-23,MIL,OAK,11,3,2024
2024-08-23,ANA,TOR,4,5,2024
2024-08-23,COL,NYA,0,3,2024
2024-08-23,SLN,MIN,6,1,2024
2024-08-23,PHI,KCA,4,7,2024
2024-08-23,TEX,CLE,5,3,2024
2024-08-23,CHN,MIA,6,3,2024
2024-08-23,ARI,BOS,12,2,2024
2024-08-23,HOU,BAL,5,7,2024
2024-08-23,NYN,SDN,0,7,2024
2024-08-23,CIN,PIT,5,6,2024
2024-08-23,TBA,LAN,3,7,2024
2024-08-23,WAS,ATL,2,3,2024
2024-08-23,DET,CHA,5,2,2024
2024-08-24,PHI,KCA,11,2,2024
2024-08-24,SFN,SEA,4,3,2024
2024-08-24,MIL,OAK,9,5,2024
2024-08-24,COL,NYA,9,2,2024
2024-08-24,ANA,TOR,1,3,2024
2024-08-24,SLN,MIN,0,6,2024
2024-08-24,TEX,CLE,5,13,2024
2024-08-24,CIN,PIT,10,2,2024
2024-08-24,ARI,BOS,4,1,2024
2024-08-24,WAS,ATL,2,4,2024
2024-08-24,TBA,LAN,9,8,2024
2024-08-24,DET,CHA,13,4,2024
2024-08-24,NYN,SDN,7,1,2024
2024-08-24,HOU,BAL,2,3,2024
2024-08-24,CHN,MIA,14,2,2024
2024-08-25,SFN,SEA,3,4,2024
2024-08-25,MIL,OAK,3,4,2024
2024-08-25,COL,NYA,3,10,2024
2024-08-25,SLN,MIN,3,2,2024
2024-08-25,PHI,KCA,11,3,2024
2024-08-25,TEX,CLE,2,4,2024
2024-08-25,DET,CHA,9,4,2024
2024-08-25,ANA,TOR,2,8,2024
2024-08-25,HOU,BAL,6,3,2024
2024-08-25,NYN,SDN,2,3,2024
2024-08-25,CIN,PIT,3,4,2024
2024-08-25,CHN,MIA,2,7,2024
2024-08-25,TBA,LAN,1,3,2024
2024-08-25,WAS,ATL,5,1,2024
2024-08-25,ARI,BOS,7,5,2024
2024-08-26,TBA,SEA,1,5,2024
2024-08-26,ATL,MIN,10,6,2024
2024-08-26,KCA,CLE,9,4,2024
2024-08-26,KCA,CLE,4,3,2024
2024-08-26,DET,CHA,6,3,2024
2024-08-26,TOR,BOS,7,3,2024
2024-08-26,SDN,SLN,7,4,2024
2024-08-26,CHN,PIT,18,8,2024
2024-08-26,HOU,PHI,2,3,2024
2024-08-26,MIA,COL,2,3,2024
2024-08-26,NYA,WAS,5,2,2024
2024-08-27,TOR,BOS,3,6,2024
2024-08-27,ATL,MIN,8,6,2024
2024-08-27,ANA,DET,2,6,2024
2024-08-27,TBA,SEA,3,2,2024
2024-08-27,KCA,CLE,6,1,2024
2024-08-27,TEX,CHA,3,1,2024
2024-08-27,NYA,WAS,2,4,2024
2024-08-27,MIA,COL,9,8,2024
2024-08-27,CHN,PIT,9,5,2024
2024-08-27,SDN,SLN,7,5,2024
2024-08-27,OAK,CIN,5,4,2024
2024-08-27,NYN,ARI,8,3,2024
2024-08-27,SFN,MIL,5,4,2024
2024-08-27,BAL,LAN,3,2,2024
2024-08-27,HOU,PHI,0,5,2024
2024-08-28,TBA,SEA,2,6,2024
2024-08-28,ATL,MIN,5,1,2024
2024-08-28,ANA,DET,2,3,2024
2024-08-28,KCA,CLE,5,7,2024
2024-08-28,TEX,CHA,4,3,2024
2024-08-28,TOR,BOS,0,3,2024
2024-08-28,SDN,SLN,3,4,2024
2024-08-28,NYA,WAS,2,5,2024
2024-08-28,SFN,MIL,3,5,2024
2024-08-28,BAL,LAN,4,6,2024
2024-08-28,MIA,COL,2,8,2024
2024-08-28,OAK,CIN,9,6,2024
2024-08-28,NYN,ARI,5,8,2024
2024-08-28,HOU,PHI,10,0,2024
2024-08-28,CHN,PIT,14,10,2024
2024-08-29,KCA,HOU,3,6,2024
2024-08-29,SDN,SLN,1,4,2024
2024-08-29,ANA,DET,3,0,2024
2024-08-29,TEX,CHA,2,1,2024
2024-08-29,TOR,BOS,2,0,2024
2024-08-29,ATL,PHI,4,5,2024
2024-08-29,BAL,LAN,3,6,2024
2024-08-29,MIA,COL,12,8,2024
2024-08-29,OAK,CIN,9,10,2024
2024-08-29,NYN,ARI,3,2,2024
2024-08-29,SFN,MIL,0,6,2024
2024-08-30,OAK,TEX,9,2,2024
2024-08-30,SDN,TBA,13,5,2024
2024-08-30,SLN,NYA,3,6,2024
2024-08-30,TOR,MIN,0,2,2024
2024-08-30,KCA,HOU,2,3,2024
2024-08-30,BOS,DET,7,5,2024
2024-08-30,PIT,CLE,8,10,2024
2024-08-30,NYN,CHA,5,1,2024
2024-08-30,CHN,WAS,7,6,2024
2024-08-30,MIA,SFN,1,3,2024
2024-08-30,ATL,PHI,7,2,2024
2024-08-30,BAL,COL,5,3,2024
2024-08-30,MIL,CIN,14,0,2024
2024-08-30,MIL,CIN,5,4,2024
2024-08-30,LAN,ARI,10,9,2024
2024-08-30,SEA,ANA,9,5,2024
2024-08-31,PIT,CLE,3,0,2024
2024-08-31,SDN,TBA,4,11,2024
2024-08-31,OAK,TEX,2,3,2024
2024-08-31,TOR,MIN,15,0,2024
2024-08-31,KCA,HOU,2,5,2024
2024-08-31,BOS,DET,1,2,2024
2024-08-31,NYN,CHA,5,3,2024
2024-08-31,SLN,NYA,6,5,2024
2024-08-31,CHN,WAS,5,3,2024
2024-08-31,MIA,SFN,4,3,2024
2024-08-31,ATL,PHI,0,3,2024
2024-08-31,BAL,COL,5,7,2024
2024-08-31,MIL,CIN,5,4,2024
2024-08-31,LAN,ARI,8,6,2024
2024-08-31,SEA,ANA,4,5,2024
2024-09-01,OAK,TEX,4,6,2024
2024-09-01,SDN,TBA,4,3,2024
2024-09-01,TOR,MIN,3,4,2024
2024-09-01,KCA,HOU,2,7,2024
2024-09-01,BOS,DET,1,4,2024
2024-09-01,PIT,CLE,1,6,2024
2024-09-01,NYN,CHA,2,0,2024
2024-09-01,SLN,NYA,14,7,2024
2024-09-01,CHN,WAS,14,1,2024
2024-09-01,MIA,SFN,7,5,2024
2024-09-01,ATL,PHI,2,3,2024
2024-09-01,BAL,COL,6,1,2024
2024-09-01,MIL,CIN,3,4,2024
2024-09-01,LAN,ARI,3,14,2024
2024-09-01,SEA,ANA,2,3,2024
2024-09-02,NYA,TEX,8,4,2024
2024-09-02,MIN,TBA,5,4,2024
2024-09-02,SEA,OAK,4,5,2024
2024-09-02,CLE,KCA,4,2,2024
2024-09-02,CHA,BAL,3,13,2024
2024-09-02,BOS,NYN,1,4,2024
2024-09-02,SLN,MIL,3,9,2024
2024-09-02,HOU,CIN,3,5,2024
2024-09-02,PIT,CHN,5,3,2024
2024-09-02,LAN,ARI,11,6,2024
2024-09-02,DET,SDN,0,3,2024
2024-09-03,CLE,KCA,7,1,2024
2024-09-03,PHI,TOR,10,9,2024
2024-09-03,NYA,TEX,4,7,2024
2024-09-03,MIN,TBA,1,2,2024
2024-09-03,SEA,OAK,2,3,2024
2024-09-03,CHA,BAL,0,9,2024
2024-09-03,COL,ATL,0,3,2024
2024-09-03,ARI,SFN,8,7,2024
2024-09-03,PIT,CHN,5,0,2024
2024-09-03,WAS,MIA,6,2,2024
2024-09-03,LAN,ANA,6,2,2024
2024-09-03,BOS,NYN,2,7,2024
2024-09-03,SLN,MIL,7,4,2024
2024-09-04,NYA,TEX,6,10,2024
2024-09-04,MIN,TBA,4,9,2024
2024-09-04,SEA,OAK,16,3,2024
2024-09-04,CLE,KCA,1,4,2024
2024-09-04,CHA,BAL,8,1,2024
2024-09-04,LAN,ANA,1,10,2024
2024-09-04,ARI,SFN,6,4,2024
2024-09-04,PHI,TOR,4,2,2024
2024-09-04,BOS,NYN,3,8,2024
2024-09-04,SLN,MIL,3,2,2024
2024-09-04,WAS,MIA,3,4,2024
2024-09-04,HOU,CIN,5,12,2024
2024-09-04,PIT,CHN,0,12,2024
2024-09-04,COL,ATL,2,5,2024
2024-09-04,DET,SDN,5,6,2024
2024-09-05,ANA,TEX,1,3,2024
2024-09-05,MIN,TBA,4,3,2024
2024-09-05,SEA,OAK,6,4,2024
2024-09-05,ARI,SFN,2,3,2024
2024-09-05,DET,SDN,4,3,2024
2024-09-05,PHI,MIA,5,2,2024
2024-09-05,HOU,CIN,0,1,2024
2024-09-05,COL,ATL,3,1,2024
2024-09-05,WAS,PIT,4,9,2024
2024-09-06,TBA,BAL,0,2,2024
2024-09-06,ANA,TEX,5,1,2024
2024-09-06,DET,OAK,6,7,2024
2024-09-06,MIN,KCA,0,5,2024
2024-09-06,ARI,HOU,0,8,2024
2024-09-06,CHA,BOS,1,3,2024
2024-09-06,SEA,SLN,6,1,2024
2024-09-06,CIN,NYN,4,6,2024
2024-09-06,COL,MIL,3,2,2024
2024-09-06,PHI,MIA,16,2,2024
2024-09-06,CLE,LAN,3,1,2024
2024-09-06,NYA,CHN,3,0,2024
2024-09-06,TOR,ATL,1,3,2024
2024-09-06,SFN,SDN,1,5,2024
2024-09-07,SFN,SDN,6,3,2024
2024-09-07,ANA,TEX,4,6,2024
2024-09-07,DET,OAK,2,1,2024
2024-09-07,MIN,KCA,2,4,2024
2024-09-07,ARI,HOU,5,11,2024
2024-09-07,CHA,BOS,5,7,2024
2024-09-07,TBA,BAL,7,1,2024
2024-09-07,SEA,SLN,0,2,2024
2024-09-07,CIN,NYN,0,4,2024
2024-09-07,WAS,PIT,5,3,2024
2024-09-07,COL,MIL,2,5,2024
2024-09-07,PHI,MIA,5,9,2024
2024-09-07,CLE,LAN,2,7,2024
2024-09-07,NYA,CHN,2,0,2024
2024-09-07,TOR,ATL,9,5,2024
2024-09-07,WAS,PIT,8,6,2024
2024-09-08,TBA,BAL,2,0,2024
2024-09-08,CHA,BOS,7,2,2024
2024-09-08,SEA,SLN,10,4,2024
2024-09-08,MIN,KCA,0,2,2024
2024-09-08,ANA,TEX,4,7,2024
2024-09-08,ARI,HOU,12,6,2024
2024-09-08,SFN,SDN,7,6,2024
2024-09-08,DET,OAK,9,1,2024
2024-09-08,CIN,NYN,3,1,2024
2024-09-08,TOR,ATL,3,4,2024
2024-09-08,NYA,CHN,1,2,2024
2024-09-08,WAS,PIT,3,7,2024
2024-09-08,PHI,MIA,1,10,2024
2024-09-08,CLE,LAN,0,4,2024
2024-09-08,COL,MIL,4,1,2024
2024-09-09,NYN,TOR,3,2,2024
2024-09-09,KCA,NYA,4,10,2024
2024-09-09,CLE,CHA,5,3,2024
2024-09-09,BAL,BOS,3,12,2024
2024-09-09,ANA,MIN,6,2,2024
2024-09-09,TBA,PHI,1,2,2024
2024-09-09,CHN,LAN,10,4,2024
2024-09-09,CIN,ATL,1,0,2024
2024-09-09,MIA,PIT,2,3,2024
2024-09-10,COL,DET,0,11,2024
2024-09-10,SDN,SEA,7,3,2024
2024-09-10,KCA,NYA,5,0,2024
2024-09-10,ANA,MIN,5,10,2024
2024-09-10,OAK,HOU,4,3,2024
2024-09-10,NYN,TOR,2,6,2024
2024-09-10,CLE,CHA,5,0,2024
2024-09-10,MIL,SFN,3,2,2024
2024-09-10,ATL,WAS,12,0,2024
2024-09-10,CIN,SLN,3,0,2024
2024-09-10,MIA,PIT,4,6,2024
2024-09-10,CHN,LAN,6,3,2024
2024-09-10,TEX,ARI,0,6,2024
2024-09-10,BAL,BOS,5,3,2024
2024-09-10,TBA,PHI,4,9,2024
2024-09-11,CLE,CHA,6,4,2024
2024-09-11,NYN,TOR,6,2,2024
2024-09-11,SDN,SEA,2,5,2024
2024-09-11,KCA,NYA,3,4,2024
2024-09-11,ANA,MIN,4,6,2024
2024-09-11,OAK,HOU,5,4,2024
2024-09-11,COL,DET,4,7,2024
2024-09-11,ATL,WAS,1,5,2024
2024-09-11,CIN,SLN,1,2,2024
2024-09-11,MIL,SFN,2,13,2024
2024-09-11,MIA,PIT,1,3,2024
2024-09-11,TBA,PHI,2,3,2024
2024-09-11,CHN,LAN,8,10,2024
2024-09-11,TEX,ARI,4,14,2024
2024-09-11,BAL,BOS,3,5,2024
2024-09-12,TEX,SEA,5,4,2024
2024-09-12,BOS,NYA,1,2,2024
2024-09-12,OAK,HOU,3,6,2024
2024-09-12,COL,DET,4,2,2024
2024-09-12,TBA,CLE,5,2,2024
2024-09-12,MIA,WAS,6,3,2024
2024-09-12,CIN,SLN,1,6,2024
2024-09-12,MIL,SFN,3,0,2024
2024-09-13,TEX,SEA,4,5,2024
2024-09-13,BOS,NYA,4,5,2024
2024-09-13,CIN,MIN,8,4,2024
2024-09-13,SLN,TOR,3,4,2024
2024-09-13,BAL,DET,0,1,2024
2024-09-13,TBA,CLE,3,1,2024
2024-09-13,OAK,CHA,2,0,2024
2024-09-13,NYN,PHI,11,3,2024
2024-09-13,MIA,WAS,1,4,2024
2024-09-13,SDN,SFN,5,0,2024
2024-09-13,KCA,PIT,8,3,2024
2024-09-13,CHN,COL,5,9,2024
2024-09-13,LAN,ATL,2,6,2024
2024-09-13,MIL,ARI,2,1,2024
2024-09-13,HOU,ANA,5,3,2024
2024-09-14,TBA,CLE,1,6,2024
2024-09-14,TEX,SEA,4,5,2024
2024-09-14,BOS,NYA,7,1,2024
2024-09-14,SLN,TOR,2,7,2024
2024-09-14,CIN,MIN,11,1,2024
2024-09-14,BAL,DET,4,2,2024
2024-09-14,OAK,CHA,6,7,2024
2024-09-14,CHN,COL,5,6,2024
2024-09-14,MIA,WAS,1,4,2024
2024-09-14,HOU,ANA,5,3,2024
2024-09-14,LAN,ATL,1,10,2024
2024-09-14,MIL,ARI,15,8,2024
2024-09-14,KCA,PIT,5,1,2024
2024-09-14,SDN,SFN,8,0,2024
2024-09-14,NYN,PHI,4,6,2024
2024-09-15,TEX,SEA,0,7,2024
2024-09-15,BOS,NYA,2,5,2024
2024-09-15,CIN,MIN,2,9,2024
2024-09-15,BAL,DET,2,4,2024
2024-09-15,TBA,CLE,0,2,2024
2024-09-15,OAK,CHA,3,4,2024
2024-09-15,HOU,ANA,6,4,2024
2024-09-15,SLN,TOR,2,3,2024
2024-09-15,SDN,SFN,4,3,2024
2024-09-15,KCA,PIT,3,4,2024
2024-09-15,NYN,PHI,1,2,2024
2024-09-15,CHN,COL,6,2,2024
2024-09-15,LAN,ATL,9,2,2024
2024-09-15,MIL,ARI,10,11,2024
2024-09-15,MIA,WAS,3,4,2024
2024-09-16,DET,KCA,7,6,2024
2024-09-16,MIN,CLE,3,4,2024
2024-09-16,CHA,ANA,8,4,2024
2024-09-16,PIT,SLN,0,4,2024
2024-09-16,HOU,SDN,1,3,2024
2024-09-16,WAS,NYN,1,2,2024
2024-09-16,ARI,COL,2,3,2024
2024-09-16,OAK,CHN,2,9,2024
2024-09-16,LAN,ATL,9,0,2024
2024-09-16,PHI,MIL,2,6,2024
2024-09-17,SFN,BAL,10,0,2024
2024-09-17,BOS,TBA,3,8,2024
2024-09-17,NYA,SEA,11,2,2024
2024-09-17,DET,KCA,3,1,2024
2024-09-17,TOR,TEX,8,13,2024
2024-09-17,MIN,CLE,4,1,2024
2024-09-17,CHA,ANA,0,5,2024
2024-09-17,LAN,MIA,9,11,2024
2024-09-17,HOU,SDN,4,3,2024
2024-09-17,WAS,NYN,1,10,2024
2024-09-17,PHI,MIL,5,1,2024
2024-09-17,ARI,COL,2,8,2024
2024-09-17,ATL,CIN,5,6,2024
2024-09-17,OAK,CHN,4,3,2024
2024-09-17,PIT,SLN,1,3,2024
2024-09-18,TOR,TEX,0,2,2024
2024-09-18,BOS,TBA,2,1,2024
2024-09-18,NYA,SEA,2,1,2024
2024-09-18,DET,KCA,4,2,2024
2024-09-18,MIN,CLE,4,5,2024
2024-09-18,SFN,BAL,5,3,2024
2024-09-18,CHA,ANA,3,4,2024
2024-09-18,HOU,SDN,0,4,2024
2024-09-18,WAS,NYN,0,10,2024
2024-09-18,PHI,MIL,1,2,2024
2024-09-18,LAN,MIA,8,4,2024
2024-09-18,ARI,COL,9,4,2024
2024-09-18,ATL,CIN,7,1,2024
2024-09-18,OAK,CHN,5,3,2024
2024-09-18,PIT,SLN,5,10,2024
2024-09-19,BOS,TBA,0,2,2024
2024-09-19,NYA,SEA,2,3,2024
2024-09-19,ANA,HOU,1,3,2024
2024-09-19,TOR,TEX,4,0,2024
2024-09-19,MIN,CLE,2,3,2024
2024-09-19,SFN,BAL,3,5,2024
2024-09-19,PHI,NYN,6,10,2024
2024-09-19,ARI,MIL,5,1,2024
2024-09-19,PIT,SLN,3,2,2024
2024-09-19,LAN,MIA,20,4,2024
2024-09-19,WAS,CHN,6,7,2024
2024-09-19,ATL,CIN,15,3,2024
2024-09-20,TOR,TBA,0,1,2024
2024-09-20,NYA,OAK,4,2,2024
2024-09-20,SFN,KCA,2,1,2024
2024-09-20,ANA,HOU,7,9,2024
2024-09-20,DET,BAL,1,7,2024
2024-09-20,CLE,SLN,5,1,2024
2024-09-20,MIN,BOS,4,2,2024
2024-09-20,PHI,NYN,12,2,2024
2024-09-20,ARI,MIL,7,4,2024
2024-09-20,ATL,MIA,3,4,2024
2024-09-20,COL,LAN,4,6,2024
2024-09-20,PIT,CIN,3,8,2024
2024-09-20,WAS,CHN,1,3,2024
2024-09-20,SEA,TEX,8,2,2024
2024-09-20,CHA,SDN,2,3,2024
2024-09-21,ANA,HOU,4,10,2024
2024-09-21,NYA,OAK,10,0,2024
2024-09-21,DET,BAL,6,4,2024
2024-09-21,SEA,TEX,8,4,2024
2024-09-21,TOR,TBA,2,3,2024
2024-09-21,CLE,SLN,5,6,2024
2024-09-21,SFN,KCA,9,0,2024
2024-09-21,PHI,NYN,3,6,2024
2024-09-21,ARI,MIL,5,0,2024
2024-09-21,ATL,MIA,6,2,2024
2024-09-21,COL,LAN,6,3,2024
2024-09-21,PIT,CIN,1,7,2024
2024-09-21,WAS,CHN,5,1,2024
2024-09-21,CHA,SDN,2,6,2024
2024-09-22,SEA,TEX,5,6,2024
2024-09-22,TOR,TBA,3,4,2024
2024-09-22,NYA,OAK,7,4,2024
2024-09-22,SFN,KCA,2,0,2024
2024-09-22,ANA,HOU,9,8,2024
2024-09-22,MIN,BOS,3,9,2024
2024-09-22,DET,BAL,4,3,2024
2024-09-22,MIN,BOS,1,8,2024
2024-09-22,CHA,SDN,2,4,2024
2024-09-22,PHI,NYN,1,2,2024
2024-09-22,ARI,MIL,9,10,2024
2024-09-22,ATL,MIA,5,4,2024
2024-09-22,COL,LAN,5,6,2024
2024-09-22,PIT,CIN,2,0,2024
2024-09-22,WAS,CHN,0,5,2024
2024-09-22,CLE,SLN,1,2,2024
2024-09-23,BOS,TOR,4,1,2024
2024-09-23,SEA,HOU,6,1,2024
2024-09-23,CHN,PHI,2,6,2024
2024-09-23,SFN,ARI,6,3,2024
2024-09-24,CIN,CLE,1,6,2024
2024-09-24,TEX,OAK,4,5,2024
2024-09-24,BAL,NYA,5,3,2024
2024-09-24,MIA,MIN,4,1,2024
2024-09-24,SEA,HOU,3,4,2024
2024-09-24,TBA,DET,1,2,2024
2024-09-24,BOS,TOR,6,5,2024
2024-09-24,KCA,WAS,1,0,2024
2024-09-24,MIL,PIT,7,2,2024
2024-09-24,SFN,ARI,11,0,2024
2024-09-24,NYN,ATL,1,5,2024
2024-09-24,ANA,CHA,2,3,2024
2024-09-24,SDN,LAN,4,2,2024
2024-09-24,CHN,PHI,10,4,2024
2024-09-24,SLN,COL,7,3,2024
2024-09-25,TEX,OAK,5,1,2024
2024-09-25,BAL,NYA,9,7,2024
2024-09-25,MIA,MIN,3,8,2024
2024-09-25,SEA,HOU,8,1,2024
2024-09-25,TBA,DET,1,7,2024
2024-09-25,CIN,CLE,2,5,2024
2024-09-25,BOS,TOR,1,6,2024
2024-09-25,KCA,WAS,3,0,2024
2024-09-25,MIL,PIT,1,2,2024
2024-09-25,CHN,PHI,6,9,2024
2024-09-25,SDN,LAN,3,4,2024
2024-09-25,SLN,COL,5,2,2024
2024-09-25,SFN,ARI,2,8,2024
2024-09-25,ANA,CHA,3,4,2024
2024-09-26,TEX,OAK,2,3,2024
2024-09-26,BAL,NYA,1,10,2024
2024-09-26,MIA,MIN,8,6,2024
2024-09-26,TBA,DET,3,4,2024
2024-09-26,ANA,CHA,0,7,2024
2024-09-26,MIL,PIT,5,2,2024
2024-09-26,SDN,LAN,2,7,2024
2024-09-26,SLN,COL,8,10,2024
2024-09-26,KCA,WAS,7,4,2024
2024-09-27,HOU,CLE,5,2,2024
2024-09-27,MIA,TOR,15,5,2024
2024-09-27,OAK,SEA,0,2,2024
2024-09-27,PIT,NYA,4,2,2024
2024-09-27,BAL,MIN,7,2,2024
2024-09-27,CHA,DET,1,4,2024
2024-09-27,TBA,BOS,2,1,2024
2024-09-27,NYN,MIL,4,8,2024
2024-09-27,PHI,WAS,1,9,2024
2024-09-27,SLN,SFN,6,3,2024
2024-09-27,LAN,COL,11,4,2024
2024-09-27,CIN,CHN,0,1,2024
2024-09-27,KCA,ATL,0,3,2024
2024-09-27,SDN,ARI,5,3,2024
2024-09-27,TEX,ANA,5,2,2024
2024-09-28,MIA,TOR,8,1,2024
2024-09-28,OAK,SEA,6,7,2024
2024-09-28,PIT,NYA,9,4,2024
2024-09-28,BAL,MIN,9,2,2024
2024-09-28,CHA,DET,4,0,2024
2024-09-28,HOU,CLE,4,3,2024
2024-09-28,TBA,BOS,7,2,2024
2024-09-28,PHI,WAS,3,6,2024
2024-09-28,SLN,SFN,5,6,2024
2024-09-28,NYN,MIL,0,6,2024
2024-09-28,LAN,COL,13,2,2024
2024-09-28,CIN,CHN,0,3,2024
2024-09-28,KCA,ATL,1,2,2024
2024-09-28,SDN,ARI,5,0,2024
2024-09-28,TEX,ANA,9,8,2024
2024-09-29,TBA,BOS,1,3,2024
2024-09-29,OAK,SEA,4,6,2024
2024-09-29,PIT,NYA,4,6,2024
2024-09-29,BAL,MIN,6,2,2024
2024-09-29,MIA,TOR,3,1,2024
2024-09-29,PHI,WAS,6,3,2024
2024-09-29,CHA,DET,9,5,2024
2024-09-29,TEX,ANA,8,0,2024
2024-09-29,NYN,MIL,5,0,2024
2024-09-29,LAN,COL,2,1,2024
2024-09-29,CIN,CHN,3,0,2024
2024-09-29,KCA,ATL,4,2,2024
2024-09-29,SDN,ARI,2,11,2024
2024-09-29,SLN,SFN,6,1,2024
2024-09-30,NYN,ATL,0,3,2024
2024-09-30,NYN,ATL,8,7,2024
2025-03-18,LAN,CHN,4,1,2025
2025-03-19,LAN,CHN,6,3,2025
2025-03-27,NYN,HOU,1,3,2025
2025-03-27,BAL,TOR,12,2,2025
2025-03-27,BOS,TEX,5,2,2025
2025-03-27,ATH,SEA,2,4,2025
2025-03-27,MIL,NYA,2,4,2025
2025-03-27,CLE,KCA,7,4,2025
2025-03-27,ANA,CHA,1,8,2025
2025-03-27,PIT,MIA,4,5,2025
2025-03-27,MIN,SLN,3,5,2025
2025-03-27,ATL,SDN,4,7,2025
2025-03-27,DET,LAN,4,5,2025
2025-03-27,SFN,CIN,6,4,2025
2025-03-27,CHN,ARI,10,6,2025
2025-03-27,PHI,WAS,7,3,2025
2025-03-28,ATH,SEA,7,0,2025
2025-03-28,BOS,TEX,1,4,2025
2025-03-28,COL,TBA,2,3,2025
2025-03-28,NYN,HOU,3,1,2025
2025-03-28,BAL,TOR,2,8,2025
2025-03-28,PIT,MIA,4,3,2025
2025-03-28,DET,LAN,5,8,2025
2025-03-28,CHN,ARI,1,8,2025
2025-03-28,ATL,SDN,3,4,2025
2025-03-29,BOS,TEX,3,4,2025
2025-03-29,COL,TBA,2,1,2025
2025-03-29,ATH,SEA,4,2,2025
2025-03-29,MIL,NYA,9,20,2025
2025-03-29,CLE,KCA,3,4,2025
2025-03-29,NYN,HOU,1,2,2025
2025-03-29,ANA,CHA,1,0,2025
2025-03-29,BAL,TOR,9,5,2025
2025-03-29,MIN,SLN,1,5,2025
2025-03-29,ATL,SDN,0,1,2025
2025-03-29,PIT,MIA,4,5,2025
2025-03-29,DET,LAN,3,7,2025
2025-03-29,SFN,CIN,2,3,2025
2025-03-29,CHN,ARI,4,3,2025
2025-03-29,PHI,WAS,11,6,2025
2025-03-30,BAL,TOR,1,3,2025
2025-03-30,BOS,TEX,2,3,2025
2025-03-30,COL,TBA,4,6,2025
2025-03-30,ATH,SEA,1,2,2025
2025-03-30,MIL,NYA,3,12,2025
2025-03-30,CLE,KCA,6,2,2025
2025-03-30,PHI,WAS,1,5,2025
2025-03-30,MIN,SLN,2,9,2025
2025-03-30,ATL,SDN,0,5,2025
2025-03-30,PIT,MIA,2,3,2025
2025-03-30,SFN,CIN,6,3,2025
2025-03-30,CHN,ARI,6,10,2025
2025-03-30,ANA,CHA,3,2,2025
2025-03-31,WAS,TOR,2,5,2025
2025-03-31,PIT,TBA,1,6,2025
2025-03-31,DET,SEA,9,6,2025
2025-03-31,SFN,HOU,7,2,2025
2025-03-31,MIN,CHA,0,9,2025
2025-03-31,BOS,BAL,5,8,2025
2025-03-31,CHN,ATH,18,3,2025
2025-03-31,CLE,SDN,2,7,2025
2025-03-31,COL,PHI,1,6,2025
2025-03-31,KCA,MIL,11,1,2025
2025-03-31,NYN,MIA,10,4,2025
2025-03-31,ATL,LAN,1,6,2025
2025-03-31,TEX,CIN,3,14,2025
2025-03-31,ANA,SLN,5,4,2025
2025-04-01,WAS,TOR,3,5,2025
2025-04-01,DET,SEA,4,1,2025
2025-04-01,ARI,NYA,7,5,2025
2025-04-01,SFN,HOU,3,1,2025
2025-04-01,MIN,CHA,8,3,2025
2025-04-01,CHN,ATH,7,4,2025
2025-04-01,PIT,TBA,0,7,2025
2025-04-01,CLE,SDN,0,7,2025
2025-04-01,KCA,MIL,0,5,2025
2025-04-01,NYN,MIA,2,4,2025
2025-04-01,ATL,LAN,1,3,2025
2025-04-01,TEX,CIN,1,0,2025
2025-04-01,ANA,SLN,9,7,2025
2025-04-02,WAS,TOR,2,4,2025
2025-04-02,PIT,TBA,4,2,2025
2025-04-02,DET,SEA,2,3,2025
2025-04-02,ARI,NYA,4,3,2025
2025-04-02,SFN,HOU,6,3,2025
2025-04-02,MIN,CHA,6,1,2025
2025-04-02,BOS,BAL,3,0,2025
2025-04-02,CLE,SDN,2,5,2025
2025-04-02,ANA,SLN,5,12,2025
2025-04-02,COL,PHI,1,5,2025
2025-04-02,KCA,MIL,2,3,2025
2025-04-02,NYN,MIA,6,5,2025
2025-04-02,ATL,LAN,5,6,2025
2025-04-02,TEX,CIN,1,0,2025
2025-04-02,CHN,ATH,10,2,2025
2025-04-03,ARI,NYA,7,9,2025
2025-04-03,HOU,MIN,5,2,2025
2025-04-03,BOS,BAL,8,4,2025
2025-04-03,COL,PHI,1,3,2025
2025-04-03,CIN,MIL,0,1,2025
2025-04-04,TBA,TEX,2,5,2025
2025-04-04,BAL,KCA,2,8,2025
2025-04-04,CHA,DET,4,7,2025
2025-04-04,SLN,BOS,9,13,2025
2025-04-04,ARI,WAS,6,4,2025
2025-04-04,SEA,SFN,9,10,2025
2025-04-04,CLE,ANA,8,6,2025
2025-04-04,LAN,PHI,2,3,2025
2025-04-04,TOR,NYN,0,5,2025
2025-04-04,CIN,MIL,2,3,2025
2025-04-04,ATH,COL,6,3,2025
2025-04-04,SDN,CHN,1,3,2025
2025-04-04,MIA,ATL,0,10,2025
2025-04-04,NYA,PIT,9,4,2025
2025-04-05,ARI,WAS,3,4,2025
2025-04-05,TBA,TEX,4,6,2025
2025-04-05,HOU,MIN,1,6,2025
2025-04-05,BAL,KCA,8,1,2025
2025-04-05,CHA,DET,2,7,2025
2025-04-05,CLE,ANA,4,10,2025
2025-04-05,SEA,SFN,1,4,2025
2025-04-05,ATH,COL,7,4,2025
2025-04-05,LAN,PHI,3,1,2025
2025-04-05,TOR,NYN,2,3,2025
2025-04-05,CIN,MIL,11,7,2025
2025-04-05,SDN,CHN,1,7,2025
2025-04-05,MIA,ATL,4,0,2025
2025-04-05,NYA,PIT,10,4,2025
2025-04-06,SLN,BOS,4,5,2025
2025-04-06,TBA,TEX,3,4,2025
2025-04-06,HOU,MIN,9,7,2025
2025-04-06,BAL,KCA,1,4,2025
2025-04-06,CHA,DET,3,4,2025
2025-04-06,SLN,BOS,7,18,2025
2025-04-06,CLE,ANA,2,6,2025
2025-04-06,SDN,CHN,8,7,2025
2025-04-06,SEA,SFN,4,5,2025
2025-04-06,NYA,PIT,4,5,2025
2025-04-06,LAN,PHI,7,8,2025
2025-04-06,TOR,NYN,1,2,2025
2025-04-06,CIN,MIL,2,8,2025
2025-04-06,ATH,COL,5,12,2025
2025-04-06,ARI,WAS,4,5,2025
2025-04-07,HOU,SEA,3,4,2025
2025-04-07,MIN,KCA,2,4,2025
2025-04-07,NYA,DET,2,6,2025
2025-04-07,TOR,BOS,6,2,2025
2025-04-07,SDN,ATH,5,4,2025
2025-04-07,LAN,WAS,4,6,2025
2025-04-07,CIN,SFN,2,0,2025
2025-04-07,SLN,PIT,4,8,2025
2025-04-07,MIA,NYN,0,2,2025
2025-04-07,TEX,CHN,0,7,2025
2025-04-07,BAL,ARI,5,1,2025
2025-04-08,HOU,SEA,2,1,2025
2025-04-08,ANA,TBA,4,3,2025
2025-04-08,NYA,DET,0,5,2025
2025-04-08,CHA,CLE,0,1,2025
2025-04-08,TOR,BOS,6,1,2025
2025-04-08,SDN,ATH,4,10,2025
2025-04-08,LAN,WAS,2,8,2025
2025-04-08,MIN,KCA,1,2,2025
2025-04-08,SLN,PIT,5,3,2025
2025-04-08,MIA,NYN,5,10,2025
2025-04-08,MIL,COL,7,1,2025
2025-04-08,TEX,CHN,6,10,2025
2025-04-08,PHI,ATL,5,7,2025
2025-04-08,BAL,ARI,3,4,2025
2025-04-08,CIN,SFN,1,0,2025
2025-04-09,ANA,TBA,4,5,2025
2025-04-09,HOU,SEA,6,7,2025
2025-04-09,MIN,KCA,4,0,2025
2025-04-09,NYA,DET,4,3,2025
2025-04-09,TOR,BOS,2,1,2025
2025-04-09,SDN,ATH,2,1,2025
2025-04-09,LAN,WAS,6,5,2025
2025-04-09,CHA,CLE,2,3,2025
2025-04-09,SLN,PIT,1,2,2025
2025-04-09,MIA,NYN,5,0,2025
2025-04-09,MIL,COL,17,2,2025
2025-04-09,TEX,CHN,6,2,2025
2025-04-09,PHI,ATL,4,3,2025
2025-04-09,BAL,ARI,0,9,2025
2025-04-09,CIN,SFN,6,8,2025
2025-04-10,ANA,TBA,11,1,2025
2025-04-10,MIN,KCA,2,3,2025
2025-04-10,CHA,CLE,1,6,2025
2025-04-10,TOR,BOS,3,4,2025
2025-04-10,PHI,ATL,2,4,2025
2025-04-10,MIL,COL,2,7,2025
2025-04-11,KCA,CLE,0,7,2025
2025-04-11,TEX,SEA,3,5,2025
2025-04-11,SFN,NYA,9,1,2025
2025-04-11,DET,MIN,7,6,2025
2025-04-11,ANA,HOU,3,14,2025
2025-04-11,ATL,TBA,3,6,2025
2025-04-11,BOS,CHA,1,11,2025
2025-04-11,COL,SDN,0,8,2025
2025-04-11,PHI,SLN,0,2,2025
2025-04-11,MIL,ARI,7,0,2025
2025-04-11,PIT,CIN,3,5,2025
2025-04-11,NYN,ATH,7,6,2025
2025-04-11,WAS,MIA,7,4,2025
2025-04-11,CHN,LAN,0,3,2025
2025-04-12,ATL,TBA,5,4,2025
2025-04-12,TEX,SEA,2,9,2025
2025-04-12,SFN,NYA,4,8,2025
2025-04-12,DET,MIN,4,0,2025
2025-04-12,ANA,HOU,4,1,2025
2025-04-12,BOS,CHA,2,3,2025
2025-04-12,TOR,BAL,4,5,2025
2025-04-12,KCA,CLE,3,6,2025
2025-04-12,PHI,SLN,4,1,2025
2025-04-12,COL,SDN,0,2,2025
2025-04-12,WAS,MIA,6,7,2025
2025-04-12,CHN,LAN,16,0,2025
2025-04-12,PIT,CIN,2,5,2025
2025-04-12,MIL,ARI,4,5,2025
2025-04-12,NYN,ATH,1,3,2025
2025-04-13,BOS,CHA,3,1,2025
2025-04-13,TEX,SEA,1,3,2025
2025-04-13,SFN,NYA,5,4,2025
2025-04-13,DET,MIN,1,5,2025
2025-04-13,ANA,HOU,3,7,2025
2025-04-13,KCA,CLE,4,2,2025
2025-04-13,TOR,BAL,7,6,2025
2025-04-13,ATL,TBA,3,8,2025
2025-04-13,PHI,SLN,0,7,2025
2025-04-13,COL,SDN,0,6,2025
2025-04-13,WAS,MIA,4,11,2025
2025-04-13,CHN,LAN,4,2,2025
2025-04-13,PIT,CIN,0,4,2025
2025-04-13,MIL,ARI,2,5,2025
2025-04-13,NYN,ATH,8,0,2025
2025-04-14,ATL,TOR,8,4,2025
2025-04-14,BOS,TBA,1,16,2025
2025-04-14,KCA,NYA,1,4,2025
2025-04-14,NYN,MIN,5,1,2025
2025-04-14,HOU,SLN,3,8,2025
2025-04-14,CHN,SDN,4,10,2025
2025-04-14,WAS,PIT,3,10,2025
2025-04-14,SFN,PHI,10,4,2025
2025-04-14,DET,MIL,9,1,2025
2025-04-14,COL,LAN,3,5,2025
2025-04-15,ANA,TEX,0,4,2025
2025-04-15,BOS,TBA,7,4,2025
2025-04-15,ATL,TOR,3,6,2025
2025-04-15,KCA,NYA,2,4,2025
2025-04-15,NYN,MIN,3,6,2025
2025-04-15,ATH,CHA,12,3,2025
2025-04-15,CLE,BAL,6,3,2025
2025-04-15,ARI,MIA,10,4,2025
2025-04-15,CHN,SDN,2,1,2025
2025-04-15,WAS,PIT,3,0,2025
2025-04-15,SFN,PHI,4,6,2025
2025-04-15,DET,MIL,0,5,2025
2025-04-15,COL,LAN,2,6,2025
2025-04-15,SEA,CIN,4,8,2025
2025-04-15,HOU,SLN,2,0,2025
2025-04-16,CLE,BAL,1,9,2025
2025-04-16,ATL,TOR,1,3,2025
2025-04-16,BOS,TBA,1,0,2025
2025-04-16,KCA,NYA,3,4,2025
2025-04-16,NYN,MIN,3,4,2025
2025-04-16,ATH,CHA,3,1,2025
2025-04-16,HOU,SLN,1,4,2025
2025-04-16,ANA,TEX,1,3,2025
2025-04-16,WAS,PIT,1,6,2025
2025-04-16,SEA,CIN,5,3,2025
2025-04-16,COL,LAN,7,8,2025
2025-04-16,CHN,SDN,2,4,2025
2025-04-16,DET,MIL,1,5,2025
2025-04-16,ARI,MIA,6,2,2025
2025-04-16,SFN,PHI,11,4,2025
2025-04-17,ANA,TEX,3,5,2025
2025-04-17,NYA,TBA,6,3,2025
2025-04-17,KCA,DET,1,6,2025
2025-04-17,CLE,BAL,2,6,2025
2025-04-17,ATH,CHA,8,0,2025
2025-04-17,SFN,PHI,4,6,2025
2025-04-17,SLN,NYN,1,4,2025
2025-04-17,ARI,MIA,6,4,2025
2025-04-17,SEA,CIN,11,7,2025
2025-04-17,WAS,PIT,0,1,2025
2025-04-18,CHA,BOS,3,10,2025
2025-04-18,LAN,TEX,3,0,2025
2025-04-18,NYA,TBA,1,0,2025
2025-04-18,SDN,HOU,4,6,2025
2025-04-18,SEA,TOR,1,3,2025
2025-04-18,KCA,DET,3,7,2025
2025-04-18,CIN,BAL,8,3,2025
2025-04-18,SLN,NYN,4,5,2025
2025-04-18,CLE,PIT,10,7,2025
2025-04-18,MIA,PHI,2,7,2025
2025-04-18,ATH,MIL,3,5,2025
2025-04-18,MIN,ATL,4,6,2025
2025-04-18,SFN,ANA,0,2,2025
2025-04-18,ARI,CHN,11,13,2025
2025-04-19,CIN,BAL,5,9,2025
2025-04-19,SEA,TOR,8,4,2025
2025-04-19,LAN,TEX,3,4,2025
2025-04-19,NYA,TBA,8,10,2025
2025-04-19,SDN,HOU,2,3,2025
2025-04-19,KCA,DET,1,3,2025
2025-04-19,CHA,BOS,3,4,2025
2025-04-19,SFN,ANA,3,2,2025
2025-04-19,MIA,PHI,10,11,2025
2025-04-19,SLN,NYN,0,3,2025
2025-04-19,ATH,MIL,3,1,2025
2025-04-19,WAS,COL,12,11,2025
2025-04-19,ARI,CHN,2,6,2025
2025-04-19,MIN,ATL,3,4,2025
2025-04-19,CLE,PIT,3,0,2025
2025-04-20,SEA,TOR,8,3,2025
2025-04-20,LAN,TEX,1,0,2025
2025-04-20,NYA,TBA,4,0,2025
2025-04-20,SDN,HOU,3,2,2025
2025-04-20,CHA,BOS,8,4,2025
2025-04-20,CIN,BAL,24,2,2025
2025-04-20,SFN,ANA,4,5,2025
2025-04-20,KCA,DET,4,3,2025
2025-04-20,MIA,PHI,7,5,2025
2025-04-20,SLN,NYN,4,7,2025
2025-04-20,ATH,MIL,1,14,2025
2025-04-20,WAS,COL,1,3,2025
2025-04-20,WAS,COL,3,2,2025
2025-04-20,ARI,CHN,3,2,2025
2025-04-20,MIN,ATL,2,6,2025
2025-04-20,CLE,PIT,5,4,2025
2025-04-21,TOR,HOU,0,7,2025
2025-04-21,SDN,DET,4,6,2025
2025-04-21,NYA,CLE,4,6,2025
2025-04-21,CHA,BOS,2,4,2025
2025-04-21,MIL,SFN,2,5,2025
2025-04-21,CIN,MIA,3,6,2025
2025-04-21,SLN,ATL,6,7,2025
2025-04-21,PHI,NYN,4,5,2025
2025-04-22,SEA,BOS,3,8,2025
2025-04-22,CHA,MIN,2,4,2025
2025-04-22,COL,KCA,3,4,2025
2025-04-22,TOR,HOU,1,5,2025
2025-04-22,SDN,DET,2,0,2025
2025-04-22,NYA,CLE,2,3,2025
2025-04-22,TEX,ATH,8,5,2025
2025-04-22,SLN,ATL,10,4,2025
2025-04-22,BAL,WAS,0,7,2025
2025-04-22,MIL,SFN,11,3,2025
2025-04-22,PHI,NYN,1,5,2025
2025-04-22,CIN,MIA,3,4,2025
2025-04-22,LAN,CHN,10,11,2025
2025-04-22,PIT,ANA,9,3,2025
2025-04-22,TBA,ARI,1,5,2025
2025-04-23,CHA,MIN,3,6,2025
2025-04-23,TOR,HOU,1,3,2025
2025-04-23,SDN,DET,0,6,2025
2025-04-23,SEA,BOS,8,5,2025
2025-04-23,TEX,ATH,2,5,2025
2025-04-23,PIT,ANA,3,0,2025
2025-04-23,NYA,CLE,5,1,2025
2025-04-23,MIL,SFN,2,4,2025
2025-04-23,PHI,NYN,3,4,2025
2025-04-23,CIN,MIA,5,2,2025
2025-04-23,LAN,CHN,6,7,2025
2025-04-23,SLN,ATL,1,4,2025
2025-04-23,TBA,ARI,7,6,2025
2025-04-23,BAL,WAS,3,4,2025
2025-04-24,CHA,MIN,3,0,2025
2025-04-24,COL,KCA,2,6,2025
2025-04-24,COL,KCA,4,7,2025
2025-04-24,SEA,BOS,4,3,2025
2025-04-24,PIT,ANA,3,4,2025
2025-04-24,BAL,WAS,2,1,2025
2025-04-24,MIL,SFN,5,6,2025
2025-04-24,TBA,ARI,7,4,2025
2025-04-24,TEX,ATH,3,4,2025
2025-04-25,CHA,ATH,5,6,2025
2025-04-25,TOR,NYA,4,2,2025
2025-04-25,ANA,MIN,4,11,2025
2025-04-25,HOU,KCA,0,2,2025
2025-04-25,MIA,SEA,8,4,2025
2025-04-25,NYN,WAS,4,5,2025
2025-04-25,PIT,LAN,3,0,2025
2025-04-25,TEX,SFN,2,0,2025
2025-04-25,TBA,SDN,1,0,2025
2025-04-25,CIN,COL,8,7,2025
2025-04-25,PHI,CHN,0,4,2025
2025-04-25,ATL,ARI,8,2,2025
2025-04-25,MIL,SLN,2,3,2025
2025-04-26,MIA,SEA,0,14,2025
2025-04-26,ANA,MIN,1,5,2025
2025-04-26,HOU,KCA,0,2,2025
2025-04-26,BAL,DET,2,6,2025
2025-04-26,BAL,DET,3,4,2025
2025-04-26,BOS,CLE,7,3,2025
2025-04-26,BOS,CLE,4,5,2025
2025-04-26,CHA,ATH,10,3,2025
2025-04-26,MIL,SLN,5,6,2025
2025-04-26,TEX,SFN,2,3,2025
2025-04-26,TBA,SDN,4,1,2025
2025-04-26,PIT,LAN,4,8,2025
2025-04-26,CIN,COL,6,4,2025
2025-04-26,PHI,CHN,10,4,2025
2025-04-26,ATL,ARI,8,7,2025
2025-04-26,NYN,WAS,2,0,2025
2025-04-27,MIA,SEA,6,7,2025
2025-04-27,TOR,NYA,1,5,2025
2025-04-27,TOR,NYA,2,11,2025
2025-04-27,ANA,MIN,0,5,2025
2025-04-27,HOU,KCA,7,3,2025
2025-04-27,BAL,DET,0,7,2025
2025-04-27,BOS,CLE,13,3,2025
2025-04-27,CHA,ATH,2,3,2025
2025-04-27,MIL,SLN,7,1,2025
2025-04-27,TEX,SFN,2,3,2025
2025-04-27,TBA,SDN,4,2,2025
2025-04-27,PIT,LAN,2,9,2025
2025-04-27,CIN,COL,8,1,2025
2025-04-27,PHI,CHN,3,1,2025
2025-04-27,ATL,ARI,4,6,2025
2025-04-27,NYN,WAS,7,8,2025
2025-04-28,ATH,TEX,2,1,2025
2025-04-28,DET,HOU,5,8,2025
2025-04-28,MIN,CLE,11,1,2025
2025-04-28,NYA,BAL,3,4,2025
2025-04-28,NYN,WAS,19,5,2025
2025-04-28,MIA,LAN,6,7,2025
2025-04-28,ATL,COL,6,3,2025
2025-04-28,SLN,CIN,1,3,2025
2025-04-29,BOS,TOR,10,2,2025
2025-04-29,ATH,TEX,2,15,2025
2025-04-29,KCA,TBA,3,1,2025
2025-04-29,ANA,SEA,3,5,2025
2025-04-29,DET,HOU,4,6,2025
2025-04-29,MIN,CLE,1,2,2025
2025-04-29,MIL,CHA,7,2,2025
2025-04-29,WAS,PHI,6,7,2025
2025-04-29,SFN,SDN,4,7,2025
2025-04-29,CHN,PIT,9,0,2025
2025-04-29,ARI,NYN,3,8,2025
2025-04-29,MIA,LAN,2,15,2025
2025-04-29,ATL,COL,8,2,2025
2025-04-29,NYA,BAL,15,3,2025
2025-04-30,MIL,CHA,6,4,2025
2025-04-30,ATH,TEX,7,1,2025
2025-04-30,KCA,TBA,3,0,2025
2025-04-30,BOS,TOR,6,7,2025
2025-04-30,ANA,SEA,3,9,2025
2025-04-30,DET,HOU,7,4,2025
2025-04-30,MIN,CLE,2,4,2025
2025-04-30,NYA,BAL,4,5,2025
2025-04-30,ATL,COL,1,2,2025
2025-04-30,CHN,PIT,3,4,2025
2025-04-30,WAS,PHI,2,7,2025
2025-04-30,ARI,NYN,4,3,2025
2025-04-30,MIA,LAN,7,12,2025
2025-04-30,SLN,CIN,9,1,2025
2025-04-30,SLN,CIN,6,0,2025
2025-04-30,SFN,SDN,3,5,2025
2025-05-01,BOS,TOR,2,4,2025
2025-05-01,ATH,TEX,3,0,2025
2025-05-01,KCA,TBA,8,2,2025
2025-05-01,MIN,CLE,3,4,2025
2025-05-01,MIL,CHA,0,8,2025
2025-05-01,DET,ANA,10,4,2025
2025-05-01,CHN,PIT,8,3,2025
2025-05-01,WAS,PHI,4,2,2025
2025-05-01,ARI,NYN,4,2,2025
2025-05-01,SLN,CIN,1,9,2025
2025-05-01,COL,SFN,4,3,2025
2025-05-02,KCA,BAL,0,3,2025
2025-05-02,CLE,TOR,3,5,2025
2025-05-02,SEA,TEX,13,1,2025
2025-05-02,TBA,NYA,0,3,2025
2025-05-02,HOU,CHA,3,7,2025
2025-05-02,MIN,BOS,1,6,2025
2025-05-02,NYN,SLN,9,3,2025
2025-05-02,DET,ANA,9,1,2025
2025-05-02,COL,SFN,0,4,2025
2025-05-02,SDN,PIT,9,4,2025
2025-05-02,ARI,PHI,2,3,2025
2025-05-02,CHN,MIL,10,0,2025
2025-05-02,ATH,MIA,6,1,2025
2025-05-02,WAS,CIN,1,6,2025
2025-05-02,LAN,ATL,2,1,2025
2025-05-03,CLE,TOR,5,3,2025
2025-05-03,SEA,TEX,2,1,2025
2025-05-03,TBA,NYA,3,2,2025
2025-05-03,HOU,CHA,8,3,2025
2025-05-03,MIN,BOS,4,3,2025
2025-05-03,KCA,BAL,4,0,2025
2025-05-03,DET,ANA,2,5,2025
2025-05-03,COL,SFN,3,6,2025
2025-05-03,SDN,PIT,2,1,2025
2025-05-03,CHN,MIL,6,2,2025
2025-05-03,ATH,MIA,6,9,2025
2025-05-03,WAS,CIN,11,6,2025
2025-05-03,LAN,ATL,10,3,2025
2025-05-03,ARI,PHI,2,7,2025
2025-05-04,HOU,CHA,4,5,2025
2025-05-04,MIN,BOS,5,4,2025
2025-05-04,TBA,NYA,7,5,2025
2025-05-04,CLE,TOR,5,4,2025
2025-05-04,DET,ANA,13,1,2025
2025-05-04,SEA,TEX,1,8,2025
2025-05-04,NYN,SLN,4,5,2025
2025-05-04,KCA,BAL,11,6,2025
2025-05-04,COL,SFN,3,9,2025
2025-05-04,SDN,PIT,4,0,2025
2025-05-04,NYN,SLN,5,6,2025
2025-05-04,ARI,PHI,11,9,2025
2025-05-04,CHN,MIL,0,4,2025
2025-05-04,ATH,MIA,3,2,2025
2025-05-04,WAS,CIN,4,1,2025
2025-05-04,LAN,ATL,3,4,2025
2025-05-05,SDN,NYA,4,3,2025
2025-05-05,CHA,KCA,0,3,2025
2025-05-05,SEA,ATH,6,7,2025
2025-05-05,PIT,SLN,3,6,2025
2025-05-05,LAN,MIA,7,4,2025
2025-05-05,SFN,CHN,2,9,2025
2025-05-05,CIN,ATL,0,4,2025
2025-05-05,NYN,ARI,5,4,2025
2025-05-05,HOU,MIL,1,5,2025
2025-05-06,SEA,ATH,5,3,2025
2025-05-06,PHI,TBA,8,4,2025
2025-05-06,SDN,NYA,3,12,2025
2025-05-06,BAL,MIN,1,9,2025
2025-05-06,CHA,KCA,3,4,2025
2025-05-06,TEX,BOS,6,1,2025
2025-05-06,TOR,ANA,3,8,2025
2025-05-06,NYN,ARI,1,5,2025
2025-05-06,CLE,WAS,9,10,2025
2025-05-06,PIT,SLN,1,2,2025
2025-05-06,HOU,MIL,3,4,2025
2025-05-06,LAN,MIA,4,5,2025
2025-05-06,SFN,CHN,14,5,2025
2025-05-06,CIN,ATL,1,2,2025
2025-05-06,CLE,WAS,9,1,2025
2025-05-07,TEX,BOS,4,6,2025
2025-05-07,SEA,ATH,6,5,2025
2025-05-07,CHA,KCA,1,2,2025
2025-05-07,PIT,SLN,0,5,2025
2025-05-07,SDN,NYA,3,4,2025
2025-05-07,PHI,TBA,7,0,2025
2025-05-07,BAL,MIN,2,5,2025
2025-05-07,TOR,ANA,4,5,2025
2025-05-07,LAN,MIA,10,1,2025
2025-05-07,HOU,MIL,9,1,2025
2025-05-07,CLE,WAS,8,6,2025
2025-05-07,DET,COL,8,6,2025
2025-05-07,SFN,CHN,3,1,2025
2025-05-07,CIN,ATL,4,3,2025
2025-05-07,NYN,ARI,7,1,2025
2025-05-08,PHI,TBA,7,6,2025
2025-05-08,BAL,MIN,2,5,2025
2025-05-08,CHA,KCA,0,10,2025
2025-05-08,TEX,BOS,0,5,2025
2025-05-08,TOR,ANA,8,5,2025
2025-05-08,DET,COL,11,1,2025
2025-05-08,DET,COL,10,2,2025
2025-05-08,CIN,ATL,4,5,2025
2025-05-08,LAN,ARI,3,5,2025
2025-05-09,MIL,TBA,3,4,2025
2025-05-09,TOR,SEA,6,3,2025
2025-05-09,SFN,MIN,1,3,2025
2025-05-09,BOS,KCA,1,2,2025
2025-05-09,CIN,HOU,0,3,2025
2025-05-09,TEX,DET,1,2,2025
2025-05-09,PHI,CLE,0,6,2025
2025-05-09,ATL,PIT,2,3,2025
2025-05-09,NYA,ATH,10,2,2025
2025-05-09,BAL,ANA,4,1,2025
2025-05-09,SLN,WAS,10,0,2025
2025-05-09,CHN,NYN,2,7,2025
2025-05-09,SDN,COL,13,9,2025
2025-05-09,LAN,ARI,14,11,2025
2025-05-09,MIA,CHA,2,6,2025
2025-05-10,TEX,DET,10,3,2025
2025-05-10,MIL,TBA,2,3,2025
2025-05-10,TOR,SEA,6,3,2025
2025-05-10,SFN,MIN,1,2,2025
2025-05-10,BOS,KCA,10,1,2025
2025-05-10,CIN,HOU,13,9,2025
2025-05-10,PHI,CLE,7,1,2025
2025-05-10,LAN,ARI,0,3,2025
2025-05-10,NYA,ATH,7,11,2025
2025-05-10,BAL,ANA,2,5,2025
2025-05-10,SLN,WAS,4,2,2025
2025-05-10,ATL,PIT,3,2,2025
2025-05-10,CHN,NYN,6,5,2025
2025-05-10,SDN,COL,21,0,2025
2025-05-10,MIA,CHA,3,1,2025
2025-05-11,TOR,SEA,9,1,2025
2025-05-11,SFN,MIN,6,7,2025
2025-05-11,BOS,KCA,3,1,2025
2025-05-11,CIN,HOU,0,6,2025
2025-05-11,TEX,DET,6,1,2025
2025-05-11,PHI,CLE,3,0,2025
2025-05-11,MIA,CHA,2,4,2025
2025-05-11,SLN,WAS,6,1,2025
2025-05-11,BAL,ANA,7,3,2025
2025-05-11,ATL,PIT,3,4,2025
2025-05-11,CHN,NYN,2,6,2025
2025-05-11,SDN,COL,3,9,2025
2025-05-11,LAN,ARI,8,1,2025
2025-05-11,MIL,TBA,4,2,2025
2025-05-11,NYA,ATH,12,2,2025
2025-05-12,KCA,HOU,7,5,2025
2025-05-12,BOS,DET,2,14,2025
2025-05-12,COL,TEX,1,2,2025
2025-05-12,NYA,SEA,11,5,2025
2025-05-12,MIL,CLE,0,5,2025
2025-05-12,ARI,SFN,2,1,2025
2025-05-12,ANA,SDN,9,5,2025
2025-05-12,SLN,PHI,3,2,2025
2025-05-12,PIT,NYN,3,4,2025
2025-05-12,MIA,CHN,2,5,2025
2025-05-12,WAS,ATL,3,4,2025
2025-05-13,TBA,TOR,11,9,2025
2025-05-13,COL,TEX,1,4,2025
2025-05-13,NYA,SEA,1,2,2025
2025-05-13,KCA,HOU,1,2,2025
2025-05-13,BOS,DET,9,10,2025
2025-05-13,ARI,SFN,6,10,2025
2025-05-13,MIL,CLE,0,2,2025
2025-05-13,PIT,NYN,1,2,2025
2025-05-13,ATH,LAN,11,1,2025
2025-05-13,CHA,CIN,5,1,2025
2025-05-13,MIA,CHN,4,5,2025
2025-05-13,WAS,ATL,2,5,2025
2025-05-13,ANA,SDN,4,6,2025
2025-05-14,MIN,BAL,6,3,2025
2025-05-14,TBA,TOR,1,3,2025
2025-05-14,COL,TEX,3,8,2025
2025-05-14,NYA,SEA,3,2,2025
2025-05-14,BOS,DET,5,6,2025
2025-05-14,MIL,CLE,9,5,2025
2025-05-14,MIN,BAL,8,6,2025
2025-05-14,ARI,SFN,8,7,2025
2025-05-14,KCA,HOU,3,4,2025
2025-05-14,SLN,PHI,14,7,2025
2025-05-14,SLN,PHI,1,2,2025
2025-05-14,PIT,NYN,4,0,2025
2025-05-14,ATH,LAN,3,9,2025
2025-05-14,ANA,SDN,1,5,2025
2025-05-14,CHA,CIN,4,2,2025
2025-05-14,MIA,CHN,3,1,2025
2025-05-14,WAS,ATL,5,4,2025
2025-05-15,TBA,TOR,8,3,2025
2025-05-15,HOU,TEX,0,1,2025
2025-05-15,MIN,BAL,4,0,2025
2025-05-15,ATH,LAN,2,19,2025
2025-05-15,CHA,CIN,1,7,2025
2025-05-15,WAS,ATL,2,5,2025
2025-05-16,HOU,TEX,6,3,2025
2025-05-16,NYN,NYA,2,6,2025
2025-05-16,SLN,KCA,10,3,2025
2025-05-16,DET,TOR,5,4,2025
2025-05-16,ATL,BOS,4,2,2025
2025-05-16,WAS,BAL,4,3,2025
2025-05-16,ATH,SFN,1,9,2025
2025-05-16,ANA,LAN,6,2,2025
2025-05-16,PIT,PHI,4,8,2025
2025-05-16,MIN,MIL,3,0,2025
2025-05-16,TBA,MIA,4,9,2025
2025-05-16,CLE,CIN,4,5,2025
2025-05-16,CHA,CHN,3,13,2025
2025-05-16,COL,ARI,0,8,2025
2025-05-16,SEA,SDN,5,1,2025
2025-05-17,ATH,SFN,0,1,2025
2025-05-17,DET,TOR,1,2,2025
2025-05-17,HOU,TEX,1,5,2025
2025-05-17,NYN,NYA,3,2,2025
2025-05-17,ATL,BOS,6,7,2025
2025-05-17,WAS,BAL,10,6,2025
2025-05-17,SEA,SDN,4,1,2025
2025-05-17,SLN,KCA,1,0,2025
2025-05-17,MIN,MIL,7,0,2025
2025-05-17,TBA,MIA,4,0,2025
2025-05-17,ANA,LAN,11,9,2025
2025-05-17,PIT,PHI,2,5,2025
2025-05-17,CLE,CIN,1,4,2025
2025-05-17,CHA,CHN,3,7,2025
2025-05-17,COL,ARI,14,12,2025
2025-05-18,DET,TOR,3,2,2025
2025-05-18,NYN,NYA,2,8,2025
2025-05-18,SLN,KCA,1,2,2025
2025-05-18,ATL,BOS,10,4,2025
2025-05-18,WAS,BAL,10,4,2025
2025-05-18,ATH,SFN,2,3,2025
2025-05-18,SEA,SDN,6,1,2025
2025-05-18,HOU,TEX,4,3,2025
2025-05-18,MIN,MIL,2,5,2025
2025-05-18,TBA,MIA,1,5,2025
2025-05-18,ANA,LAN,6,4,2025
2025-05-18,CLE,CIN,1,3,2025
2025-05-18,CHA,CHN,2,6,2025
2025-05-18,COL,ARI,0,1,2025
2025-05-18,PIT,PHI,0,1,2025
2025-05-19,HOU,TBA,4,3,2025
2025-05-19,CLE,MIN,5,6,2025
2025-05-19,SEA,CHA,5,1,2025
2025-05-19,NYN,BOS,1,3,2025
2025-05-19,ANA,ATH,4,3,2025
2025-05-19,DET,SLN,4,11,2025
2025-05-19,KCA,SFN,3,1,2025
2025-05-19,BAL,MIL,4,5,2025
2025-05-19,CHN,MIA,7,8,2025
2025-05-19,ARI,LAN,9,5,2025
2025-05-19,PHI,COL,9,3,2025
2025-05-19,CIN,PIT,7,1,2025
2025-05-20,ANA,ATH,7,5,2025
2025-05-20,HOU,TBA,2,3,2025
2025-05-20,SDN,TOR,0,3,2025
2025-05-20,TEX,NYA,2,5,2025
2025-05-20,SEA,CHA,0,1,2025
2025-05-20,NYN,BOS,0,2,2025
2025-05-20,ATL,WAS,3,5,2025
2025-05-20,ARI,LAN,3,4,2025
2025-05-20,KCA,SFN,2,3,2025
2025-05-20,CIN,PIT,0,1,2025
2025-05-20,BAL,MIL,2,5,2025
2025-05-20,CHN,MIA,14,1,2025
2025-05-20,PHI,COL,7,4,2025
2025-05-20,DET,SLN,5,4,2025
2025-05-21,SDN,TOR,0,14,2025
2025-05-21,HOU,TBA,4,8,2025
2025-05-21,TEX,NYA,3,4,2025
2025-05-21,CLE,MIN,5,1,2025
2025-05-21,SEA,CHA,6,5,2025
2025-05-21,ANA,ATH,10,5,2025
2025-05-21,NYN,BOS,5,1,2025
2025-05-21,KCA,SFN,8,4,2025
2025-05-21,CIN,PIT,1,3,2025
2025-05-21,BAL,MIL,8,4,2025
2025-05-21,CHN,MIA,2,1,2025
2025-05-21,ARI,LAN,1,3,2025
2025-05-21,PHI,COL,9,5,2025
2025-05-21,DET,SLN,5,1,2025
2025-05-22,SDN,TOR,6,7,2025
2025-05-22,TEX,NYA,0,1,2025
2025-05-22,SEA,HOU,2,9,2025
2025-05-22,CLE,DET,7,0,2025
2025-05-22,MIL,PIT,8,5,2025
2025-05-22,ATL,WAS,7,8,2025
2025-05-22,PHI,COL,2,0,2025
2025-05-22,ANA,ATH,10,5,2025
2025-05-23,TOR,TBA,1,3,2025
2025-05-23,CLE,DET,3,1,2025
2025-05-23,BAL,BOS,5,19,2025
2025-05-23,KCA,MIN,1,3,2025
2025-05-23,SEA,HOU,5,3,2025
2025-05-23,MIA,ANA,4,7,2025
2025-05-23,TEX,CHA,1,4,2025
2025-05-23,ARI,SLN,3,4,2025
2025-05-23,SFN,WAS,4,0,2025
2025-05-23,SDN,ATL,2,1,2025
2025-05-23,CHN,CIN,13,6,2025
2025-05-23,PHI,ATH,4,3,2025
2025-05-23,LAN,NYN,7,5,2025
2025-05-23,MIL,PIT,5,6,2025
2025-05-23,NYA,COL,2,3,2025
2025-05-24,TOR,TBA,1,3,2025
2025-05-24,KCA,MIN,4,5,2025
2025-05-24,SEA,HOU,1,2,2025
2025-05-24,CLE,DET,7,5,2025
2025-05-24,TEX,CHA,5,10,2025
2025-05-24,BAL,BOS,2,1,2025
2025-05-24,PHI,ATH,9,6,2025
2025-05-24,BAL,BOS,5,6,2025
2025-05-24,SFN,WAS,0,3,2025
2025-05-24,ARI,SLN,5,6,2025
2025-05-24,MIL,PIT,1,2,2025
2025-05-24,LAN,NYN,2,5,2025
2025-05-24,NYA,COL,13,1,2025
2025-05-24,CHN,CIN,4,6,2025
2025-05-24,SDN,ATL,1,7,2025
2025-05-24,MIA,ANA,6,2,2025
2025-05-25,PHI,ATH,4,5,2025
2025-05-25,KCA,MIN,2,1,2025
2025-05-25,SEA,HOU,3,5,2025
2025-05-25,CLE,DET,0,5,2025
2025-05-25,TEX,CHA,5,4,2025
2025-05-25,BAL,BOS,5,1,2025
2025-05-25,MIA,ANA,3,0,2025
2025-05-25,TOR,TBA,0,13,2025
2025-05-25,ARI,SLN,3,4,2025
2025-05-25,MIL,PIT,6,5,2025
2025-05-25,LAN,NYN,1,3,2025
2025-05-25,NYA,COL,5,4,2025
2025-05-25,CHN,CIN,11,8,2025
2025-05-25,SDN,ATL,5,3,2025
2025-05-25,SFN,WAS,3,2,2025
2025-05-26,TOR,TEX,2,1,2025
2025-05-26,MIN,TBA,2,7,2025
2025-05-26,CIN,KCA,7,4,2025
2025-05-26,SFN,DET,1,3,2025
2025-05-26,LAN,CLE,7,2,2025
2025-05-26,SLN,BAL,2,5,2025
2025-05-26,NYA,ANA,5,1,2025
2025-05-26,MIA,SDN,3,4,2025
2025-05-26,CHA,NYN,1,2,2025
2025-05-26,BOS,MIL,2,3,2025
2025-05-26,COL,CHN,1,3,2025
2025-05-26,PIT,ARI,0,5,2025
2025-05-27,TOR,TEX,0,2,2025
2025-05-27,MIN,TBA,4,2,2025
2025-05-27,WAS,SEA,1,9,2025
2025-05-27,CIN,KCA,7,2,2025
2025-05-27,ATH,HOU,1,11,2025
2025-05-27,SFN,DET,1,3,2025
2025-05-27,LAN,CLE,9,5,2025
2025-05-27,PIT,ARI,9,6,2025
2025-05-27,NYA,ANA,3,2,2025
2025-05-27,MIA,SDN,6,8,2025
2025-05-27,ATL,PHI,0,2,2025
2025-05-27,CHA,NYN,4,6,2025
2025-05-27,BOS,MIL,1,5,2025
2025-05-27,COL,CHN,3,4,2025
2025-05-27,SLN,BAL,7,4,2025
2025-05-28,ATH,HOU,3,5,2025
2025-05-28,TOR,TEX,2,0,2025
2025-05-28,MIN,TBA,0,5,2025
2025-05-28,WAS,SEA,9,0,2025
2025-05-28,CIN,KCA,2,3,2025
2025-05-28,LAN,CLE,4,7,2025
2025-05-28,SFN,DET,3,4,2025
2025-05-28,NYA,ANA,1,0,2025
2025-05-28,SLN,BAL,6,4,2025
2025-05-28,MIA,SDN,10,8,2025
2025-05-28,CHA,NYN,9,4,2025
2025-05-28,BOS,MIL,5,6,2025
2025-05-28,COL,CHN,1,2,2025
2025-05-28,PIT,ARI,10,1,2025
2025-05-29,ATH,TOR,0,12,2025
2025-05-29,WAS,SEA,9,3,2025
2025-05-29,TBA,HOU,13,3,2025
2025-05-29,ATL,PHI,9,3,2025
2025-05-29,ATL,PHI,4,5,2025
2025-05-30,SLN,TEX,1,11,2025
2025-05-30,MIN,SEA,12,6,2025
2025-05-30,DET,KCA,7,5,2025
2025-05-30,TBA,HOU,1,2,2025
2025-05-30,ATH,TOR,7,11,2025
2025-05-30,ANA,CLE,4,1,2025
2025-05-30,CHA,BAL,1,2,2025
2025-05-30,SFN,MIA,2,0,2025
2025-05-30,MIL,PHI,6,2,2025
2025-05-30,COL,NYN,2,4,2025
2025-05-30,NYA,LAN,5,8,2025
2025-05-30,CIN,CHN,6,2,2025
2025-05-30,BOS,ATL,5,1,2025
2025-05-30,WAS,ARI,9,7,2025
2025-05-30,PIT,SDN,2,3,2025
2025-05-31,ATH,TOR,7,8,2025
2025-05-31,SLN,TEX,2,0,2025
2025-05-31,MIN,SEA,4,5,2025
2025-05-31,DET,KCA,0,1,2025
2025-05-31,TBA,HOU,16,3,2025
2025-05-31,ANA,CLE,5,7,2025
2025-05-31,PIT,SDN,5,0,2025
2025-05-31,CHA,BAL,2,4,2025
2025-05-31,COL,NYN,2,8,2025
2025-05-31,SFN,MIA,0,1,2025
2025-05-31,NYA,LAN,2,18,2025
2025-05-31,CIN,CHN,0,2,2025
2025-05-31,BOS,ATL,0,5,2025
2025-05-31,WAS,ARI,11,7,2025
2025-05-31,MIL,PHI,17,7,2025
2025-06-01,ATH,TOR,4,8,2025
2025-06-01,SLN,TEX,1,8,2025
2025-06-01,MIN,SEA,1,2,2025
2025-06-01,DET,KCA,1,0,2025
2025-06-01,ANA,CLE,2,4,2025
2025-06-01,CHA,BAL,2,3,2025
2025-06-01,PIT,SDN,4,6,2025
2025-06-01,TBA,HOU,0,1,2025
2025-06-01,COL,NYN,3,5,2025
2025-06-01,SFN,MIA,4,2,2025
2025-06-01,NYA,LAN,7,3,2025
2025-06-01,CIN,CHN,3,7,2025
2025-06-01,BOS,ATL,3,1,2025
2025-06-01,WAS,ARI,1,3,2025
2025-06-01,MIL,PHI,5,2,2025
2025-06-02,DET,CHA,13,1,2025
2025-06-02,ANA,BOS,7,6,2025
2025-06-02,MIN,ATH,10,4,2025
2025-06-02,SDN,SFN,1,0,2025
2025-06-02,NYN,LAN,4,3,2025
2025-06-02,MIL,CIN,3,2,2025
2025-06-02,COL,MIA,6,4,2025
2025-06-03,ANA,BOS,4,3,2025
2025-06-03,PHI,TOR,8,3,2025
2025-06-03,TEX,TBA,1,5,2025
2025-06-03,BAL,SEA,5,1,2025
2025-06-03,CLE,NYA,2,3,2025
2025-06-03,DET,CHA,1,8,2025
2025-06-03,MIN,ATH,10,3,2025
2025-06-03,COL,MIA,3,2,2025
2025-06-03,KCA,SLN,10,7,2025
2025-06-03,SDN,SFN,3,2,2025
2025-06-03,HOU,PIT,3,0,2025
2025-06-03,CHN,WAS,8,3,2025
2025-06-03,NYN,LAN,5,6,2025
2025-06-03,MIL,CIN,2,4,2025
2025-06-03,ARI,ATL,8,3,2025
2025-06-04,TEX,TBA,4,5,2025
2025-06-04,BAL,SEA,3,2,2025
2025-06-04,CLE,NYA,4,0,2025
2025-06-04,DET,CHA,5,4,2025
2025-06-04,ANA,BOS,9,11,2025
2025-06-04,MIN,ATH,6,1,2025
2025-06-04,PHI,TOR,1,2,2025
2025-06-04,SDN,SFN,5,6,2025
2025-06-04,HOU,PIT,0,3,2025
2025-06-04,COL,MIA,3,2,2025
2025-06-04,NYN,LAN,6,1,2025
2025-06-04,MIL,CIN,9,1,2025
2025-06-04,ARI,ATL,2,1,2025
2025-06-04,CHN,WAS,0,2,2025
2025-06-05,PHI,TOR,1,9,2025
2025-06-05,TEX,TBA,3,4,2025
2025-06-05,BAL,SEA,4,3,2025
2025-06-05,CLE,NYA,0,4,2025
2025-06-05,DET,CHA,2,3,2025
2025-06-05,MIN,ATH,3,14,2025
2025-06-05,CHN,WAS,7,1,2025
2025-06-05,KCA,SLN,5,6,2025
2025-06-05,SDN,SFN,2,3,2025
2025-06-05,HOU,PIT,8,2,2025
2025-06-05,NYN,LAN,5,6,2025
2025-06-05,ARI,ATL,11,10,2025
2025-06-05,KCA,SLN,7,5,2025
2025-06-06,KCA,CHA,2,7,2025
2025-06-06,MIA,TBA,3,4,2025
2025-06-06,BOS,NYA,6,9,2025
2025-06-06,TOR,MIN,6,4,2025
2025-06-06,CHN,DET,1,3,2025
2025-06-06,HOU,CLE,4,2,2025
2025-06-06,BAL,ATH,4,5,2025
2025-06-06,NYN,COL,4,2,2025
2025-06-06,TEX,WAS,0,2,2025
2025-06-06,LAN,SLN,0,5,2025
2025-06-06,ATL,SFN,4,5,2025
2025-06-06,PHI,PIT,4,5,2025
2025-06-06,SDN,MIL,2,0,2025
2025-06-06,ARI,CIN,3,4,2025
2025-06-06,SEA,ANA,4,5,2025
2025-06-07,MIA,TBA,11,10,2025
2025-06-07,BOS,NYA,10,7,2025
2025-06-07,TOR,MIN,5,4,2025
2025-06-07,CHN,DET,6,1,2025
2025-06-07,HOU,CLE,5,3,2025
2025-06-07,KCA,CHA,1,4,2025
2025-06-07,BAL,ATH,7,4,2025
2025-06-07,SEA,ANA,6,8,2025
2025-06-07,LAN,SLN,1,2,2025
2025-06-07,ATL,SFN,2,3,2025
2025-06-07,PHI,PIT,1,2,2025
2025-06-07,SDN,MIL,3,4,2025
2025-06-07,NYN,COL,8,1,2025
2025-06-07,ARI,CIN,1,13,2025
2025-06-07,TEX,WAS,5,0,2025
2025-06-08,KCA,CHA,7,5,2025
2025-06-08,BOS,NYA,11,7,2025
2025-06-08,MIA,TBA,2,3,2025
2025-06-08,TOR,MIN,3,6,2025
2025-06-08,CHN,DET,0,4,2025
2025-06-08,HOU,CLE,2,4,2025
2025-06-08,BAL,ATH,1,5,2025
2025-06-08,NYN,COL,13,5,2025
2025-06-08,TEX,WAS,4,2,2025
2025-06-08,LAN,SLN,7,3,2025
2025-06-08,ATL,SFN,3,4,2025
2025-06-08,PHI,PIT,1,2,2025
2025-06-08,SDN,MIL,1,0,2025
2025-06-08,ARI,CIN,2,4,2025
2025-06-08,SEA,ANA,3,2,2025
2025-06-09,CIN,CLE,7,4,2025
2025-06-09,TBA,BOS,10,8,2025
2025-06-09,ATH,ANA,4,7,2025
2025-06-09,TOR,SLN,5,4,2025
2025-06-09,LAN,SDN,8,7,2025
2025-06-09,MIA,PIT,3,10,2025
2025-06-09,CHN,PHI,3,4,2025
2025-06-09,ATL,MIL,7,1,2025
2025-06-09,SEA,ARI,4,8,2025
2025-06-10,TEX,MIN,16,4,2025
2025-06-10,CHA,HOU,4,2,2025
2025-06-10,CIN,CLE,1,0,2025
2025-06-10,TBA,BOS,1,3,2025
2025-06-10,DET,BAL,5,3,2025
2025-06-10,ATH,ANA,1,2,2025
2025-06-10,TOR,SLN,10,9,2025
2025-06-10,NYA,KCA,10,2,2025
2025-06-10,MIA,PIT,3,2,2025
2025-06-10,CHN,PHI,8,4,2025
2025-06-10,WAS,NYN,4,5,2025
2025-06-10,ATL,MIL,1,4,2025
2025-06-10,SFN,COL,6,5,2025
2025-06-10,SEA,ARI,3,10,2025
2025-06-10,LAN,SDN,1,11,2025
2025-06-11,TEX,MIN,2,6,2025
2025-06-11,NYA,KCA,6,3,2025
2025-06-11,CHA,HOU,2,10,2025
2025-06-11,CIN,CLE,2,11,2025
2025-06-11,DET,BAL,1,10,2025
2025-06-11,ATH,ANA,5,6,2025
2025-06-11,TOR,SLN,5,2,2025
2025-06-11,TBA,BOS,3,4,2025
2025-06-11,MIA,PIT,2,5,2025
2025-06-11,CHN,PHI,2,7,2025
2025-06-11,WAS,NYN,0,5,2025
2025-06-11,ATL,MIL,6,2,2025
2025-06-11,SFN,COL,10,7,2025
2025-06-11,SEA,ARI,2,5,2025
2025-06-11,LAN,SDN,5,2,2025
2025-06-12,TEX,MIN,16,3,2025
2025-06-12,NYA,KCA,1,0,2025
2025-06-12,CHA,HOU,3,4,2025
2025-06-12,DET,BAL,4,1,2025
2025-06-12,WAS,NYN,3,4,2025
2025-06-12,SFN,COL,7,8,2025
2025-06-12,PIT,CHN,2,3,2025
2025-06-12,SLN,MIL,0,6,2025
2025-06-13,NYA,BOS,1,2,2025
2025-06-13,CLE,SEA,2,7,2025
2025-06-13,ATH,KCA,6,4,2025
2025-06-13,MIN,HOU,3,10,2025
2025-06-13,CHA,TEX,1,3,2025
2025-06-13,MIA,WAS,11,9,2025
2025-06-13,CIN,DET,5,11,2025
2025-06-13,TBA,NYN,7,5,2025
2025-06-13,TOR,PHI,0,8,2025
2025-06-13,SDN,ARI,1,5,2025
2025-06-13,COL,ATL,4,12,2025
2025-06-13,ANA,BAL,0,2,2025
2025-06-13,SFN,LAN,6,2,2025
2025-06-13,SLN,MIL,2,3,2025
2025-06-13,PIT,CHN,2,1,2025
2025-06-14,CHA,TEX,4,5,2025
2025-06-14,CLE,SEA,3,4,2025
2025-06-14,ATH,KCA,4,0,2025
2025-06-14,MIN,HOU,2,3,2025
2025-06-14,CIN,DET,11,1,2025
2025-06-14,ANA,BAL,5,6,2025
2025-06-14,MIA,WAS,4,3,2025
2025-06-14,NYA,BOS,3,4,2025
2025-06-14,TBA,NYN,8,4,2025
2025-06-14,SLN,MIL,8,5,2025
2025-06-14,SFN,LAN,5,11,2025
2025-06-14,PIT,CHN,1,2,2025
2025-06-14,COL,ATL,1,4,2025
2025-06-14,SDN,ARI,7,8,2025
2025-06-14,TOR,PHI,2,3,2025
2025-06-15,ANA,BAL,2,11,2025
2025-06-15,CHA,TEX,1,2,2025
2025-06-15,CLE,SEA,0,6,2025
2025-06-15,ATH,KCA,3,2,2025
2025-06-15,CIN,DET,8,4,2025
2025-06-15,NYA,BOS,0,2,2025
2025-06-15,MIA,WAS,3,1,2025
2025-06-15,MIN,HOU,1,2,2025
2025-06-15,TBA,NYN,9,0,2025
2025-06-15,SLN,MIL,2,3,2025
2025-06-15,SFN,LAN,4,5,2025
2025-06-15,TOR,PHI,4,11,2025
2025-06-15,PIT,CHN,2,3,2025
2025-06-15,COL,ATL,10,1,2025
2025-06-15,SDN,ARI,8,2,2025
2025-06-16,BAL,TBA,1,7,2025
2025-06-16,BOS,SEA,2,0,2025
2025-06-16,ANA,NYA,1,0,2025
2025-06-16,HOU,ATH,1,3,2025
2025-06-16,COL,WAS,6,4,2025
2025-06-16,PHI,MIA,5,2,2025
2025-06-16,SDN,LAN,3,6,2025
2025-06-17,KCA,TEX,6,1,2025
2025-06-17,BAL,TBA,5,1,2025
2025-06-17,ARI,TOR,4,5,2025
2025-06-17,BOS,SEA,0,8,2025
2025-06-17,ANA,NYA,4,0,2025
2025-06-17,PIT,DET,3,7,2025
2025-06-17,SLN,CHA,12,2,2025
2025-06-17,MIN,CIN,5,6,2025
2025-06-17,COL,WAS,10,6,2025
2025-06-17,CLE,SFN,3,2,2025
2025-06-17,PHI,MIA,3,8,2025
2025-06-17,SDN,LAN,6,8,2025
2025-06-17,MIL,CHN,3,5,2025
2025-06-17,NYN,ATL,4,5,2025
2025-06-17,HOU,ATH,13,3,2025
2025-06-18,ANA,NYA,3,2,2025
2025-06-18,ARI,TOR,1,8,2025
2025-06-18,BAL,TBA,8,12,2025
2025-06-18,BOS,SEA,3,1,2025
2025-06-18,HOU,ATH,11,4,2025
2025-06-18,KCA,TEX,6,3,2025
2025-06-18,CLE,SFN,4,2,2025
2025-06-18,PHI,MIA,4,2,2025
2025-06-18,SDN,LAN,3,4,2025
2025-06-18,MIN,CIN,2,4,2025
2025-06-18,COL,WAS,3,1,2025
2025-06-18,NYN,ATL,0,5,2025
2025-06-19,ARI,TOR,9,5,2025
2025-06-19,KCA,TEX,4,1,2025
2025-06-19,BAL,TBA,4,1,2025
2025-06-19,ANA,NYA,3,7,2025
2025-06-19,PIT,DET,8,4,2025
2025-06-19,PIT,DET,2,9,2025
2025-06-19,SLN,CHA,8,6,2025
2025-06-19,SLN,CHA,5,4,2025
2025-06-19,COL,WAS,3,4,2025
2025-06-19,CLE,SFN,1,2,2025
2025-06-19,PHI,MIA,2,1,2025
2025-06-19,SDN,LAN,5,3,2025
2025-06-19,MIN,CIN,12,5,2025
2025-06-19,MIL,CHN,8,7,2025
2025-06-19,NYN,ATL,1,7,2025
2025-06-19,HOU,ATH,4,6,2025
2025-06-20,CIN,SLN,1,6,2025
2025-06-20,CHA,TOR,7,1,2025
2025-06-20,BAL,NYA,5,3,2025
2025-06-20,MIL,MIN,17,6,2025
2025-06-20,CLE,ATH,1,5,2025
2025-06-20,HOU,ANA,3,2,2025
2025-06-20,BOS,SFN,7,5,2025
2025-06-20,DET,TBA,8,14,2025
2025-06-20,TEX,PIT,6,2,2025
2025-06-20,NYN,PHI,2,10,2025
2025-06-20,ATL,MIA,2,6,2025
2025-06-20,WAS,LAN,5,6,2025
2025-06-20,ARI,COL,14,8,2025
2025-06-20,SEA,CHN,9,4,2025
2025-06-20,KCA,SDN,6,5,2025
2025-06-21,CHA,TOR,1,7,2025
2025-06-21,BAL,NYA,0,9,2025
2025-06-21,MIL,MIN,9,0,2025
2025-06-21,CLE,ATH,4,2,2025
2025-06-21,HOU,ANA,1,9,2025
2025-06-21,CIN,SLN,5,6,2025
2025-06-21,BOS,SFN,2,3,2025
2025-06-21,DET,TBA,3,8,2025
2025-06-21,TEX,PIT,3,2,2025
2025-06-21,NYN,PHI,11,4,2025
2025-06-21,ATL,MIA,7,0,2025
2025-06-21,WAS,LAN,7,3,2025
2025-06-21,ARI,COL,5,3,2025
2025-06-21,SEA,CHN,7,10,2025
2025-06-21,KCA,SDN,1,5,2025
2025-06-22,CHA,TOR,4,2,2025
2025-06-22,DET,TBA,9,3,2025
2025-06-22,BAL,NYA,2,4,2025
2025-06-22,MIL,MIN,9,8,2025
2025-06-22,CLE,ATH,3,0,2025
2025-06-22,HOU,ANA,8,7,2025
2025-06-22,CIN,SLN,4,1,2025
2025-06-22,TEX,PIT,3,8,2025
2025-06-22,KCA,SDN,2,3,2025
2025-06-22,NYN,PHI,1,7,2025
2025-06-22,ATL,MIA,3,5,2025
2025-06-22,WAS,LAN,7,13,2025
2025-06-22,ARI,COL,2,4,2025
2025-06-22,SEA,CHN,14,6,2025
2025-06-22,BOS,SFN,5,9,2025
2025-06-23,BOS,ANA,5,9,2025
2025-06-23,SEA,MIN,11,2,2025
2025-06-23,TEX,BAL,0,6,2025
2025-06-23,CHN,SLN,2,8,2025
2025-06-23,ARI,CHA,10,0,2025
2025-06-23,ATL,NYN,3,2,2025
2025-06-23,PIT,MIL,5,4,2025
2025-06-23,WAS,SDN,10,6,2025
2025-06-23,NYA,CIN,1,6,2025
2025-06-24,SEA,MIN,6,5,2025
2025-06-24,TBA,KCA,5,1,2025
2025-06-24,PHI,HOU,0,1,2025
2025-06-24,ATH,DET,4,11,2025
2025-06-24,TOR,CLE,10,6,2025
2025-06-24,ARI,CHA,4,1,2025
2025-06-24,TEX,BAL,6,5,2025
2025-06-24,NYA,CIN,4,5,2025
2025-06-24,CHN,SLN,7,8,2025
2025-06-24,MIA,SFN,4,2,2025
2025-06-24,WAS,SDN,3,4,2025
2025-06-24,ATL,NYN,7,4,2025
2025-06-24,PIT,MIL,3,9,2025
2025-06-24,LAN,COL,9,7,2025
2025-06-24,BOS,ANA,2,3,2025
2025-06-25,SEA,MIN,0,2,2025
2025-06-25,TBA,KCA,3,0,2025
2025-06-25,PHI,HOU,0,2,2025
2025-06-25,ATH,DET,3,0,2025
2025-06-25,TOR,CLE,4,5,2025
2025-06-25,ARI,CHA,3,7,2025
2025-06-25,TEX,BAL,7,0,2025
2025-06-25,MIA,SFN,8,5,2025
2025-06-25,CHN,SLN,8,0,2025
2025-06-25,WAS,SDN,0,1,2025
2025-06-25,ATL,NYN,3,7,2025
2025-06-25,PIT,MIL,2,4,2025
2025-06-25,LAN,COL,8,1,2025
2025-06-25,NYA,CIN,7,1,2025
2025-06-25,BOS,ANA,2,5,2025
2025-06-26,PHI,HOU,1,2,2025
2025-06-26,SEA,MIN,1,10,2025
2025-06-26,TBA,KCA,4,0,2025
2025-06-26,ATH,DET,0,8,2025
2025-06-26,TOR,CLE,6,0,2025
2025-06-26,CHN,SLN,3,0,2025
2025-06-26,MIA,SFN,12,5,2025
2025-06-26,ATL,NYN,0,4,2025
2025-06-26,LAN,COL,3,1,2025
2025-06-27,SEA,TEX,7,6,2025
2025-06-27,ATH,NYA,0,3,2025
2025-06-27,LAN,KCA,5,4,2025
2025-06-27,CHN,HOU,4,7,2025
2025-06-27,MIN,DET,4,1,2025
2025-06-27,SLN,CLE,5,0,2025
2025-06-27,TOR,BOS,9,0,2025
2025-06-27,SFN,CHA,3,1,2025
2025-06-27,WAS,ANA,15,9,2025
2025-06-27,NYN,PIT,1,9,2025
2025-06-27,COL,MIL,6,10,2025
2025-06-27,SDN,CIN,1,8,2025
2025-06-27,PHI,ATL,13,0,2025
2025-06-27,MIA,ARI,9,8,2025
2025-06-27,TBA,BAL,8,22,2025
2025-06-28,SFN,CHA,0,1,2025
2025-06-28,SEA,TEX,2,3,2025
2025-06-28,LAN,KCA,5,9,2025
2025-06-28,CHN,HOU,12,3,2025
2025-06-28,MIN,DET,5,10,2025
2025-06-28,SLN,CLE,9,6,2025
2025-06-28,TOR,BOS,1,15,2025
2025-06-28,ATH,NYA,7,0,2025
2025-06-28,WAS,ANA,2,8,2025
2025-06-28,NYN,PIT,2,9,2025
2025-06-28,COL,MIL,0,5,2025
2025-06-28,SDN,CIN,6,4,2025
2025-06-28,PHI,ATL,1,6,2025
2025-06-28,TBA,BAL,11,3,2025
2025-06-28,MIA,ARI,8,7,2025
2025-06-29,SEA,TEX,6,4,2025
2025-06-29,ATH,NYA,5,12,2025
2025-06-29,LAN,KCA,5,1,2025
2025-06-29,CHN,HOU,0,2,2025
2025-06-29,MIN,DET,0,3,2025
2025-06-29,SLN,CLE,7,0,2025
2025-06-29,SFN,CHA,2,5,2025
2025-06-29,NYN,PIT,1,12,2025
2025-06-29,TBA,BAL,1,5,2025
2025-06-29,WAS,ANA,7,4,2025
2025-06-29,TOR,BOS,5,3,2025
2025-06-29,COL,MIL,4,3,2025
2025-06-29,SDN,CIN,2,3,2025
2025-06-29,PHI,ATL,2,1,2025
2025-06-29,MIA,ARI,6,4,2025
2025-06-30,NYA,TOR,4,5,2025
2025-06-30,BAL,TEX,10,6,2025
2025-06-30,ATH,TBA,6,4,2025
2025-06-30,KCA,SEA,2,6,2025
2025-06-30,SLN,PIT,0,7,2025
2025-06-30,SDN,PHI,0,4,2025
2025-06-30,SFN,ARI,2,4,2025
2025-06-30,CIN,BOS,6,13,2025
2025-07-01,CIN,BOS,3,5,2025
2025-07-01,NYA,TOR,5,12,2025
2025-07-01,BAL,TEX,2,10,2025
2025-07-01,ATH,TBA,4,3,2025
2025-07-01,SLN,PIT,0,1,2025
2025-07-01,KCA,SEA,6,3,2025
2025-07-01,CHA,LAN,1,6,2025
2025-07-01,HOU,COL,6,5,2025
2025-07-01,CLE,CHN,2,5,2025
2025-07-01,ANA,ATL,4,0,2025
2025-07-01,SFN,ARI,2,8,2025
2025-07-01,MIN,MIA,0,2,2025
2025-07-02,NYA,TOR,9,11,2025
2025-07-02,BAL,TEX,0,6,2025
2025-07-02,ATH,TBA,5,6,2025
2025-07-02,CIN,BOS,8,4,2025
2025-07-02,DET,WAS,4,9,2025
2025-07-02,DET,WAS,11,2,2025
2025-07-02,SLN,PIT,0,5,2025
2025-07-02,SDN,PHI,1,5,2025
2025-07-02,KCA,SEA,2,3,2025
2025-07-02,MIL,NYN,3,7,2025
2025-07-02,SDN,PHI,6,4,2025
2025-07-02,SFN,ARI,6,5,2025
2025-07-02,ANA,ATL,3,8,2025
2025-07-02,CLE,CHN,4,5,2025
2025-07-02,HOU,COL,5,3,2025
2025-07-02,CHA,LAN,4,5,2025
2025-07-02,MIN,MIA,2,1,2025
2025-07-02,MIL,NYN,7,2,2025
2025-07-03,NYA,TOR,5,8,2025
2025-07-03,KCA,SEA,3,2,2025
2025-07-03,DET,WAS,7,11,2025
2025-07-03,MIN,MIA,1,4,2025
2025-07-03,MIL,NYN,2,3,2025
2025-07-03,CLE,CHN,0,1,2025
2025-07-03,ANA,ATL,5,1,2025
2025-07-03,SFN,ARI,7,2,2025
2025-07-03,CHA,LAN,2,6,2025
2025-07-03,HOU,COL,6,7,2025
2025-07-04,ANA,TOR,3,4,2025
2025-07-04,TEX,SDN,2,3,2025
2025-07-04,PIT,SEA,0,6,2025
2025-07-04,TBA,MIN,3,4,2025
2025-07-04,DET,CLE,2,1,2025
2025-07-04,SFN,ATH,2,11,2025
2025-07-04,BOS,WAS,11,2,2025
2025-07-04,CIN,PHI,9,6,2025
2025-07-04,MIL,MIA,6,5,2025
2025-07-04,KCA,ARI,9,3,2025
2025-07-04,BAL,ATL,3,2,2025
2025-07-04,NYA,NYN,5,6,2025
2025-07-04,CHA,COL,3,2,2025
2025-07-04,SLN,CHN,3,11,2025
2025-07-04,HOU,LAN,18,1,2025
2025-07-05,SFN,ATH,7,2,2025
2025-07-05,ANA,TOR,3,4,2025
2025-07-05,PIT,SEA,0,1,2025
2025-07-05,TBA,MIN,5,6,2025
2025-07-05,DET,CLE,1,0,2025
2025-07-05,BOS,WAS,10,3,2025
2025-07-05,TEX,SDN,7,4,2025
2025-07-05,CIN,PHI,1,5,2025
2025-07-05,MIL,MIA,2,4,2025
2025-07-05,HOU,LAN,6,4,2025
2025-07-05,CHA,COL,10,3,2025
2025-07-05,SLN,CHN,8,6,2025
2025-07-05,BAL,ATL,9,6,2025
2025-07-05,KCA,ARI,1,7,2025
2025-07-05,NYA,NYN,6,12,2025
2025-07-06,BOS,WAS,6,4,2025
2025-07-06,SFN,ATH,6,2,2025
2025-07-06,ANA,TOR,2,3,2025
2025-07-06,PIT,SEA,0,1,2025
2025-07-06,TEX,SDN,1,4,2025
2025-07-06,DET,CLE,7,2,2025
2025-07-06,CIN,PHI,1,3,2025
2025-07-06,TBA,MIN,7,5,2025
2025-07-06,MIL,MIA,3,1,2025
2025-07-06,HOU,LAN,5,1,2025
2025-07-06,CHA,COL,4,6,2025
2025-07-06,SLN,CHN,0,11,2025
2025-07-06,NYA,NYN,6,4,2025
2025-07-06,BAL,ATL,2,1,2025
2025-07-06,KCA,ARI,4,0,2025
2025-07-07,CLE,HOU,7,5,2025
2025-07-07,TBA,DET,1,5,2025
2025-07-07,TOR,CHA,8,4,2025
2025-07-07,COL,BOS,3,9,2025
2025-07-07,PIT,KCA,3,9,2025
2025-07-07,PHI,SFN,1,3,2025
2025-07-07,ARI,SDN,6,3,2025
2025-07-07,LAN,MIL,1,9,2025
2025-07-07,MIA,CIN,5,1,2025
2025-07-07,TEX,ANA,5,6,2025
2025-07-08,CHN,MIN,1,8,2025
2025-07-08,PIT,KCA,3,4,2025
2025-07-08,CLE,HOU,10,6,2025
2025-07-08,TBA,DET,2,4,2025
2025-07-08,TOR,CHA,6,1,2025
2025-07-08,COL,BOS,2,10,2025
2025-07-08,NYN,BAL,7,6,2025
2025-07-08,TEX,ANA,13,1,2025
2025-07-08,WAS,SLN,2,4,2025
2025-07-08,PHI,SFN,3,4,2025
2025-07-08,ARI,SDN,0,1,2025
2025-07-08,LAN,MIL,1,3,2025
2025-07-08,MIA,CIN,12,2,2025
2025-07-08,SEA,NYA,3,10,2025
2025-07-08,ATL,ATH,1,10,2025
2025-07-09,PIT,KCA,3,4,2025
2025-07-09,CLE,HOU,4,2,2025
2025-07-09,SEA,NYA,6,9,2025
2025-07-09,TBA,DET,7,3,2025
2025-07-09,CHN,MIN,2,4,2025
2025-07-09,TOR,CHA,1,2,2025
2025-07-09,COL,BOS,2,10,2025
2025-07-09,TEX,ANA,8,11,2025
2025-07-09,WAS,SLN,8,2,2025
2025-07-09,PHI,SFN,13,0,2025
2025-07-09,ARI,SDN,8,2,2025
2025-07-09,LAN,MIL,2,3,2025
2025-07-09,MIA,CIN,2,7,2025
2025-07-09,ATL,ATH,9,2,2025
2025-07-10,ATL,ATH,4,5,2025
2025-07-10,SEA,NYA,5,6,2025
2025-07-10,CHN,MIN,8,1,2025
2025-07-10,TBA,BOS,3,4,2025
2025-07-10,NYN,BAL,3,7,2025
2025-07-10,WAS,SLN,1,8,2025
2025-07-10,TEX,ANA,11,4,2025
2025-07-10,ARI,SDN,3,4,2025
2025-07-10,MIA,CIN,0,6,2025
2025-07-10,NYN,BAL,1,3,2025
2025-07-11,CLE,CHA,4,5,2025
2025-07-11,SEA,DET,12,3,2025
2025-07-11,CHN,NYA,0,11,2025
2025-07-11,NYN,KCA,8,3,2025
2025-07-11,CLE,CHA,4,2,2025
2025-07-11,TEX,HOU,7,3,2025
2025-07-11,TBA,BOS,4,5,2025
2025-07-11,PIT,MIN,1,2,2025
2025-07-11,TOR,ATH,7,6,2025
2025-07-11,ARI,ANA,5,6,2025
2025-07-11,ATL,SLN,6,5,2025
2025-07-11,LAN,SFN,7,8,2025
2025-07-11,PHI,SDN,2,4,2025
2025-07-11,WAS,MIL,3,8,2025
2025-07-11,COL,CIN,3,2,2025
2025-07-11,MIA,BAL,2,5,2025
2025-07-12,CHN,NYA,5,2,2025
2025-07-12,PIT,MIN,4,12,2025
2025-07-12,NYN,KCA,3,1,2025
2025-07-12,TEX,HOU,4,5,2025
2025-07-12,CLE,CHA,6,2,2025
2025-07-12,TBA,BOS,0,1,2025
2025-07-12,MIA,BAL,6,0,2025
2025-07-12,SEA,DET,15,7,2025
2025-07-12,ARI,ANA,5,10,2025
2025-07-12,ATL,SLN,7,6,2025
2025-07-12,LAN,SFN,2,1,2025
2025-07-12,PHI,SDN,4,5,2025
2025-07-12,WAS,MIL,5,6,2025
2025-07-12,COL,CIN,3,4,2025
2025-07-12,TOR,ATH,3,4,2025
2025-07-13,NYN,KCA,2,3,2025
2025-07-13,TEX,HOU,5,1,2025
2025-07-13,SEA,DET,8,4,2025
2025-07-13,CLE,CHA,6,5,2025
2025-07-13,TBA,BOS,1,4,2025
2025-07-13,MIA,BAL,11,1,2025
2025-07-13,LAN,SFN,5,2,2025
2025-07-13,ARI,ANA,5,1,2025
2025-07-13,ATL,SLN,4,5,2025
2025-07-13,PHI,SDN,2,1,2025
2025-07-13,WAS,MIL,1,8,2025
2025-07-13,COL,CIN,2,4,2025
2025-07-13,PIT,MIN,2,1,2025
2025-07-13,TOR,ATH,3,6,2025
2025-07-13,CHN,NYA,4,1,2025
2025-07-18,HOU,SEA,1,6,2025
2025-07-18,BAL,TBA,1,11,2025
2025-07-18,ATH,CLE,6,8,2025
2025-07-18,SFN,TOR,0,4,2025
2025-07-18,CHA,PIT,10,1,2025
2025-07-18,DET,TEX,0,2,2025
2025-07-18,ANA,PHI,6,5,2025
2025-07-18,SDN,WAS,7,2,2025
2025-07-18,KCA,MIA,7,8,2025
2025-07-18,CIN,NYN,8,4,2025
2025-07-18,MIL,LAN,2,0,2025
2025-07-18,MIN,COL,4,6,2025
2025-07-18,BOS,CHN,1,4,2025
2025-07-18,NYA,ATL,3,7,2025
2025-07-18,SLN,ARI,3,7,2025
2025-07-19,SFN,TOR,3,6,2025
2025-07-19,DET,TEX,1,4,2025
2025-07-19,BAL,TBA,3,4,2025
2025-07-19,HOU,SEA,6,7,2025
2025-07-19,ATH,CLE,8,2,2025
2025-07-19,SDN,WAS,2,4,2025
2025-07-19,CHA,PIT,10,4,2025
2025-07-19,ANA,PHI,5,9,2025
2025-07-19,CIN,NYN,5,2,2025
2025-07-19,KCA,MIA,1,3,2025
2025-07-19,MIL,LAN,8,7,2025
2025-07-19,MIN,COL,6,10,2025
2025-07-19,BOS,CHN,0,6,2025
2025-07-19,NYA,ATL,12,9,2025
2025-07-19,SLN,ARI,1,10,2025
2025-07-20,DET,TEX,2,1,2025
2025-07-20,BAL,TBA,5,3,2025
2025-07-20,HOU,SEA,11,3,2025
2025-07-20,ATH,CLE,2,8,2025
2025-07-20,SDN,WAS,8,1,2025
2025-07-20,CHA,PIT,7,2,2025
2025-07-20,ANA,PHI,8,2,2025
2025-07-20,SFN,TOR,6,8,2025
2025-07-20,KCA,MIA,7,4,2025
2025-07-20,MIL,LAN,6,5,2025
2025-07-20,MIN,COL,7,1,2025
2025-07-20,BOS,CHN,6,1,2025
2025-07-20,NYA,ATL,4,2,2025
2025-07-20,SLN,ARI,3,5,2025
2025-07-20,CIN,NYN,2,3,2025
2025-07-21,ATH,TEX,2,7,2025
2025-07-21,CHA,TBA,8,3,2025
2025-07-21,MIL,SEA,6,0,2025
2025-07-21,BAL,CLE,5,10,2025
2025-07-21,CIN,WAS,8,10,2025
2025-07-21,DET,PIT,0,3,2025
2025-07-21,BOS,PHI,2,3,2025
2025-07-21,NYA,TOR,1,4,2025
2025-07-21,SDN,MIA,2,1,2025
2025-07-21,MIN,LAN,2,5,2025
2025-07-21,SLN,COL,6,2,2025
2025-07-21,KCA,CHN,12,4,2025
2025-07-21,SFN,ATL,5,9,2025
2025-07-21,HOU,ARI,6,3,2025
2025-07-21,ANA,NYN,5,7,2025
2025-07-22,NYA,TOR,5,4,2025
2025-07-22,ATH,TEX,2,6,2025
2025-07-22,CHA,TBA,3,4,2025
2025-07-22,MIL,SEA,0,1,2025
2025-07-22,BAL,CLE,3,6,2025
2025-07-22,CIN,WAS,1,6,2025
2025-07-22,DET,PIT,5,8,2025
2025-07-22,BOS,PHI,1,4,2025
2025-07-22,SDN,MIA,3,4,2025
2025-07-22,MIN,LAN,10,7,2025
2025-07-22,SLN,COL,4,8,2025
2025-07-22,KCA,CHN,0,6,2025
2025-07-22,SFN,ATL,9,0,2025
2025-07-22,HOU,ARI,3,1,2025
2025-07-22,ANA,NYN,2,3,2025
2025-07-23,CIN,WAS,5,0,2025
2025-07-23,ATH,TEX,1,2,2025
2025-07-23,CHA,TBA,11,9,2025
2025-07-23,NYA,TOR,4,8,2025
2025-07-23,MIL,SEA,10,2,2025
2025-07-23,BAL,CLE,2,3,2025
2025-07-23,DET,PIT,1,6,2025
2025-07-23,KCA,CHN,8,4,2025
2025-07-23,ANA,NYN,3,6,2025
2025-07-23,SDN,MIA,2,3,2025
2025-07-23,MIN,LAN,3,4,2025
2025-07-23,SLN,COL,0,6,2025
2025-07-23,SFN,ATL,9,3,2025
2025-07-23,HOU,ARI,4,3,2025
2025-07-23,BOS,PHI,9,8,2025
2025-07-24,ATH,HOU,5,2,2025
2025-07-24,TOR,DET,11,4,2025
2025-07-24,BAL,CLE,4,3,2025
2025-07-24,SEA,ANA,4,2,2025
2025-07-24,SDN,SLN,7,9,2025
2025-07-25,ATL,TEX,3,8,2025
2025-07-25,PHI,NYA,12,5,2025
2025-07-25,WAS,MIN,0,1,2025
2025-07-25,ATH,HOU,15,3,2025
2025-07-25,TOR,DET,6,2,2025
2025-07-25,CHN,CHA,5,12,2025
2025-07-25,LAN,BOS,5,2,2025
2025-07-25,SDN,SLN,0,3,2025
2025-07-25,SEA,ANA,2,3,2025
2025-07-25,NYN,SFN,8,1,2025
2025-07-25,ARI,PIT,1,0,2025
2025-07-25,MIA,MIL,5,1,2025
2025-07-25,TBA,CIN,2,7,2025
2025-07-25,COL,BAL,6,5,2025
2025-07-26,TOR,DET,6,1,2025
2025-07-26,PHI,NYA,9,4,2025
2025-07-26,WAS,MIN,9,3,2025
2025-07-26,CLE,KCA,6,4,2025
2025-07-26,CLE,KCA,3,5,2025
2025-07-26,ATH,HOU,5,1,2025
2025-07-26,ATL,TEX,5,6,2025
2025-07-26,CHN,CHA,6,1,2025
2025-07-26,SEA,ANA,7,2,2025
2025-07-26,COL,BAL,0,18,2025
2025-07-26,SDN,SLN,3,1,2025
2025-07-26,NYN,SFN,2,1,2025
2025-07-26,ARI,PIT,0,2,2025
2025-07-26,MIA,MIL,7,4,2025
2025-07-26,TBA,CIN,2,6,2025
2025-07-26,LAN,BOS,2,4,2025
2025-07-27,ATL,TEX,1,8,2025
2025-07-27,PHI,NYA,3,4,2025
2025-07-27,WAS,MIN,7,2,2025
2025-07-27,CLE,KCA,1,4,2025
2025-07-27,ATH,HOU,7,1,2025
2025-07-27,TOR,DET,4,10,2025
2025-07-27,CHN,CHA,5,4,2025
2025-07-27,LAN,BOS,3,4,2025
2025-07-27,SEA,ANA,1,4,2025
2025-07-27,SDN,SLN,9,2,2025
2025-07-27,NYN,SFN,5,3,2025
2025-07-27,ARI,PIT,0,6,2025
2025-07-27,MIA,MIL,2,3,2025
2025-07-27,TBA,CIN,1,2,2025
2025-07-27,COL,BAL,1,5,2025
2025-07-28,PHI,CHA,2,6,2025
2025-07-28,BOS,MIN,4,5,2025
2025-07-28,ATL,KCA,10,7,2025
2025-07-28,WAS,HOU,2,1,2025
2025-07-28,ARI,DET,1,5,2025
2025-07-28,COL,CLE,8,6,2025
2025-07-28,TBA,NYA,4,2,2025
2025-07-28,TOR,BAL,4,11,2025
2025-07-28,TEX,ANA,4,6,2025
2025-07-28,MIA,SLN,1,7,2025
2025-07-28,PIT,SFN,6,5,2025
2025-07-28,NYN,SDN,6,7,2025
2025-07-28,CHN,MIL,4,8,2025
2025-07-28,LAN,CIN,5,2,2025
2025-07-28,SEA,ATH,3,1,2025
2025-07-29,TBA,NYA,5,7,2025
2025-07-29,BOS,MIN,8,5,2025
2025-07-29,ATL,KCA,6,9,2025
2025-07-29,WAS,HOU,4,7,2025
2025-07-29,ARI,DET,2,12,2025
2025-07-29,COL,CLE,4,10,2025
2025-07-29,PHI,CHA,6,3,2025
2025-07-29,TOR,BAL,2,3,2025
2025-07-29,TOR,BAL,4,16,2025
2025-07-29,SEA,ATH,1,6,2025
2025-07-29,TEX,ANA,5,8,2025
2025-07-29,MIA,SLN,5,0,2025
2025-07-29,PIT,SFN,3,1,2025
2025-07-29,NYN,SDN,1,7,2025
2025-07-29,CHN,MIL,3,9,2025
2025-07-29,LAN,CIN,5,4,2025
2025-07-30,TBA,NYA,4,5,2025
2025-07-30,BOS,MIN,13,1,2025
2025-07-30,ATL,KCA,0,1,2025
2025-07-30,WAS,HOU,1,9,2025
2025-07-30,ARI,DET,2,7,2025
2025-07-30,COL,CLE,0,5,2025
2025-07-30,TOR,BAL,9,8,2025
2025-07-30,PHI,CHA,3,9,2025
2025-07-30,TEX,ANA,6,3,2025
2025-07-30,MIA,SLN,2,0,2025
2025-07-30,PIT,SFN,2,1,2025
2025-07-30,NYN,SDN,0,5,2025
2025-07-30,CHN,MIL,10,3,2025
2025-07-30,LAN,CIN,2,5,2025
2025-07-30,SEA,ATH,4,5,2025
2025-07-31,TBA,NYA,4,7,2025
2025-07-31,ATL,CIN,12,11,2025
2025-07-31,TEX,SEA,0,6,2025
2025-08-01,HOU,BOS,1,2,2025
2025-08-01,MIN,CLE,2,3,2025
2025-08-01,DET,PHI,4,5,2025
2025-08-01,LAN,TBA,5,0,2025
2025-08-01,KCA,TOR,9,3,2025
2025-08-01,ARI,ATH,1,5,2025
2025-08-01,TEX,SEA,3,4,2025
2025-08-01,CHA,ANA,6,3,2025
2025-08-01,NYA,MIA,12,13,2025
2025-08-01,SLN,SDN,1,4,2025
2025-08-01,SFN,NYN,4,3,2025
2025-08-01,PIT,COL,16,17,2025
2025-08-01,ATL,CIN,2,3,2025
2025-08-01,BAL,CHN,0,1,2025
2025-08-01,MIL,WAS,16,9,2025
2025-08-02,ARI,ATH,7,2,2025
2025-08-02,HOU,BOS,3,7,2025
2025-08-02,CHA,ANA,1,0,2025
2025-08-02,TEX,SEA,6,4,2025
2025-08-02,KCA,TOR,2,4,2025
2025-08-02,MIN,CLE,4,5,2025
2025-08-02,MIL,WAS,8,2,2025
2025-08-02,LAN,TBA,0,4,2025
2025-08-02,DET,PHI,7,5,2025
2025-08-02,SFN,NYN,6,12,2025
2025-08-02,NYA,MIA,0,2,2025
2025-08-02,PIT,COL,5,8,2025
2025-08-02,ATL,CIN,4,2,2025
2025-08-02,BAL,CHN,4,3,2025
2025-08-02,SLN,SDN,8,5,2025
2025-08-03,LAN,TBA,3,0,2025
2025-08-03,TEX,SEA,4,5,2025
2025-08-03,MIN,CLE,5,4,2025
2025-08-03,HOU,BOS,1,6,2025
2025-08-03,ARI,ATH,6,4,2025
2025-08-03,CHA,ANA,5,8,2025
2025-08-03,KCA,TOR,7,4,2025
2025-08-03,SLN,SDN,3,7,2025
2025-08-03,DET,PHI,0,2,2025
2025-08-03,SFN,NYN,12,4,2025
2025-08-03,NYA,MIA,3,7,2025
2025-08-03,PIT,COL,9,5,2025
2025-08-03,BAL,CHN,3,5,2025
2025-08-03,MIL,WAS,14,3,2025
2025-08-04,NYA,TEX,5,8,2025
2025-08-04,MIN,DET,3,6,2025
2025-08-04,KCA,BOS,5,8,2025
2025-08-04,TBA,ANA,1,5,2025
2025-08-04,SFN,PIT,4,5,2025
2025-08-04,BAL,PHI,3,13,2025
2025-08-04,CLE,NYN,7,6,2025
2025-08-04,SLN,LAN,3,2,2025
2025-08-04,TOR,COL,15,1,2025
2025-08-04,CIN,CHN,3,2,2025
2025-08-04,MIL,ATL,3,1,2025
2025-08-04,SDN,ARI,2,6,2025
2025-08-04,HOU,MIA,8,2,2025
2025-08-05,ATH,WAS,16,7,2025
2025-08-05,CHA,SEA,3,8,2025
2025-08-05,MIN,DET,6,3,2025
2025-08-05,KCA,BOS,2,6,2025
2025-08-05,NYA,TEX,0,2,2025
2025-08-05,TBA,ANA,7,3,2025
2025-08-05,SFN,PIT,8,1,2025
2025-08-05,TOR,COL,10,4,2025
2025-08-05,CLE,NYN,3,2,2025
2025-08-05,HOU,MIA,7,3,2025
2025-08-05,SLN,LAN,6,12,2025
2025-08-05,CIN,CHN,5,1,2025
2025-08-05,MIL,ATL,7,2,2025
2025-08-05,SDN,ARI,10,5,2025
2025-08-05,BAL,PHI,0,5,2025
2025-08-06,NYA,TEX,3,2,2025
2025-08-06,CHA,SEA,6,8,2025
2025-08-06,MIN,DET,9,4,2025
2025-08-06,KCA,BOS,7,3,2025
2025-08-06,TBA,ANA,5,4,2025
2025-08-06,SFN,PIT,4,2,2025
2025-08-06,BAL,PHI,5,1,2025
2025-08-06,ATH,WAS,1,2,2025
2025-08-06,HOU,MIA,4,6,2025
2025-08-06,SLN,LAN,5,3,2025
2025-08-06,TOR,COL,20,1,2025
2025-08-06,CIN,CHN,1,6,2025
2025-08-06,MIL,ATL,5,4,2025
2025-08-06,SDN,ARI,3,2,2025
2025-08-06,CLE,NYN,4,1,2025
2025-08-07,CHA,SEA,3,4,2025
2025-08-07,ATH,WAS,6,0,2025
2025-08-07,CIN,PIT,0,7,2025
2025-08-07,MIA,ATL,6,8,2025
2025-08-08,PHI,TEX,9,1,2025
2025-08-08,TBA,SEA,2,3,2025
2025-08-08,HOU,NYA,5,3,2025
2025-08-08,KCA,MIN,4,9,2025
2025-08-08,ANA,DET,5,6,2025
2025-08-08,CLE,CHA,9,5,2025
2025-08-08,ATH,BAL,2,3,2025
2025-08-08,BOS,SDN,10,2,2025
2025-08-08,WAS,SFN,0,5,2025
2025-08-08,CIN,PIT,2,3,2025
2025-08-08,NYN,MIL,2,3,2025
2025-08-08,TOR,LAN,1,5,2025
2025-08-08,MIA,ATL,5,1,2025
2025-08-08,COL,ARI,1,6,2025
2025-08-08,CHN,SLN,0,5,2025
2025-08-09,PHI,TEX,3,2,2025
2025-08-09,TBA,SEA,4,7,2025
2025-08-09,HOU,NYA,4,5,2025
2025-08-09,KCA,MIN,2,0,2025
2025-08-09,ANA,DET,7,4,2025
2025-08-09,CLE,CHA,3,1,2025
2025-08-09,ATH,BAL,11,3,2025
2025-08-09,CHN,SLN,9,1,2025
2025-08-09,WAS,SFN,4,2,2025
2025-08-09,BOS,SDN,4,5,2025
2025-08-09,CIN,PIT,2,1,2025
2025-08-09,NYN,MIL,4,7,2025
2025-08-09,TOR,LAN,1,9,2025
2025-08-09,MIA,ATL,6,8,2025
2025-08-09,MIA,ATL,1,7,2025
2025-08-09,COL,ARI,5,6,2025
2025-08-10,PHI,TEX,4,2,2025
2025-08-10,TBA,SEA,3,6,2025
2025-08-10,KCA,MIN,3,5,2025
2025-08-10,ANA,DET,5,9,2025
2025-08-10,CLE,CHA,4,6,2025
2025-08-10,ATH,BAL,3,2,2025
2025-08-10,CHN,SLN,2,3,2025
2025-08-10,HOU,NYA,7,1,2025
2025-08-10,BOS,SDN,2,6,2025
2025-08-10,CIN,PIT,14,8,2025
2025-08-10,NYN,MIL,6,7,2025
2025-08-10,TOR,LAN,5,4,2025
2025-08-10,WAS,SFN,8,0,2025
2025-08-10,MIA,ATL,1,7,2025
2025-08-10,COL,ARI,6,13,2025
2025-08-11,ARI,TEX,6,7,2025
2025-08-11,MIN,NYA,2,6,2025
2025-08-11,WAS,KCA,4,7,2025
2025-08-11,BOS,HOU,6,7,2025
2025-08-11,DET,CHA,2,1,2025
2025-08-11,TBA,ATH,7,4,2025
2025-08-11,LAN,ANA,4,7,2025
2025-08-11,COL,SLN,2,3,2025
2025-08-11,SDN,SFN,4,1,2025
2025-08-11,PIT,MIL,1,7,2025
2025-08-11,PHI,CIN,4,1,2025
2025-08-12,ARI,TEX,3,2,2025
2025-08-12,CHN,TOR,1,5,2025
2025-08-12,MIN,NYA,1,9,2025
2025-08-12,WAS,KCA,5,8,2025
2025-08-12,BOS,HOU,14,1,2025
2025-08-12,MIA,CLE,3,4,2025
2025-08-12,DET,CHA,6,9,2025
2025-08-12,PIT,MIL,0,14,2025
2025-08-12,TBA,ATH,0,6,2025
2025-08-12,LAN,ANA,6,7,2025
2025-08-12,COL,SLN,3,0,2025
2025-08-12,SDN,SFN,5,1,2025
2025-08-12,ATL,NYN,5,13,2025
2025-08-12,PHI,CIN,1,6,2025
2025-08-12,SEA,BAL,1,0,2025
2025-08-13,MIA,CLE,13,4,2025
2025-08-13,ARI,TEX,6,4,2025
2025-08-13,MIN,NYA,4,1,2025
2025-08-13,WAS,KCA,8,7,2025
2025-08-13,CHN,TOR,4,1,2025
2025-08-13,BOS,HOU,1,4,2025
2025-08-13,DET,CHA,1,0,2025
2025-08-13,SDN,SFN,11,1,2025
2025-08-13,TBA,ATH,8,2,2025
2025-08-13,LAN,ANA,5,6,2025
2025-08-13,COL,SLN,6,5,2025
2025-08-13,ATL,NYN,11,6,2025
2025-08-13,PIT,MIL,5,12,2025
2025-08-13,PHI,CIN,0,8,2025
2025-08-13,SEA,BAL,3,4,2025
2025-08-14,CHN,TOR,1,2,2025
2025-08-14,DET,MIN,4,3,2025
2025-08-14,MIA,CLE,4,9,2025
2025-08-14,SEA,BAL,3,5,2025
2025-08-14,PHI,WAS,2,3,2025
2025-08-14,ATL,NYN,4,3,2025
2025-08-14,ARI,COL,8,2,2025
2025-08-15,TEX,TOR,5,6,2025
2025-08-15,DET,MIN,7,0,2025
2025-08-15,CHA,KCA,1,3,2025
2025-08-15,BAL,HOU,7,0,2025
2025-08-15,ATL,CLE,2,0,2025
2025-08-15,MIA,BOS,1,2,2025
2025-08-15,ANA,ATH,3,10,2025
2025-08-15,SDN,LAN,2,3,2025
2025-08-15,NYA,SLN,4,3,2025
2025-08-15,TBA,SFN,7,6,2025
2025-08-15,SEA,NYN,11,9,2025
2025-08-15,ARI,COL,3,4,2025
2025-08-15,MIL,CIN,10,8,2025
2025-08-15,PIT,CHN,3,2,2025
2025-08-15,PHI,WAS,6,2,2025
2025-08-16,MIA,BOS,5,7,2025
2025-08-16,DET,MIN,8,5,2025
2025-08-16,CHA,KCA,2,6,2025
2025-08-16,TEX,TOR,2,14,2025
2025-08-16,BAL,HOU,4,5,2025
2025-08-16,ATL,CLE,10,1,2025
2025-08-16,ANA,ATH,2,7,2025
2025-08-16,ARI,COL,7,10,2025
2025-08-16,NYA,SLN,12,8,2025
2025-08-16,TBA,SFN,2,1,2025
2025-08-16,SEA,NYN,1,3,2025
2025-08-16,SDN,LAN,0,6,2025
2025-08-16,MIL,CIN,6,5,2025
2025-08-16,PIT,CHN,1,3,2025
2025-08-16,PHI,WAS,0,2,2025
2025-08-17,TEX,TOR,10,4,2025
2025-08-17,DET,MIN,1,8,2025
2025-08-17,CHA,KCA,2,6,2025
2025-08-17,BAL,HOU,12,0,2025
2025-08-17,ATL,CLE,5,4,2025
2025-08-17,MIA,BOS,5,3,2025
2025-08-17,ANA,ATH,11,5,2025
2025-08-17,NYA,SLN,8,4,2025
2025-08-17,TBA,SFN,1,7,2025
2025-08-17,SEA,NYN,3,7,2025
2025-08-17,SDN,LAN,4,5,2025
2025-08-17,ARI,COL,5,6,2025
2025-08-17,MIL,CIN,2,3,2025
2025-08-17,PIT,CHN,3,4,2025
2025-08-17,PHI,WAS,11,9,2025
2025-08-18,TEX,KCA,3,4,2025
2025-08-18,HOU,DET,0,10,2025
2025-08-18,BAL,BOS,6,3,2025
2025-08-18,CIN,ANA,4,1,2025
2025-08-18,SFN,SDN,4,3,2025
2025-08-18,TOR,PIT,2,5,2025
2025-08-18,SLN,MIA,8,3,2025
2025-08-18,LAN,COL,3,4,2025
2025-08-18,MIL,CHN,7,0,2025
2025-08-18,CHA,ATL,13,9,2025
2025-08-18,CLE,ARI,3,1,2025
2025-08-18,SEA,PHI,7,12,2025
2025-08-19,NYA,TBA,13,3,2025
2025-08-19,ATH,MIN,6,3,2025
2025-08-19,TEX,KCA,2,5,2025
2025-08-19,HOU,DET,0,1,2025
2025-08-19,BAL,BOS,4,3,2025
2025-08-19,CIN,ANA,6,4,2025
2025-08-19,NYN,WAS,8,1,2025
2025-08-19,SFN,SDN,1,5,2025
2025-08-19,TOR,PIT,7,3,2025
2025-08-19,SEA,PHI,4,6,2025
2025-08-19,SLN,MIA,7,4,2025
2025-08-19,LAN,COL,11,4,2025
2025-08-19,MIL,CHN,1,4,2025
2025-08-19,MIL,CHN,4,6,2025
2025-08-19,CHA,ATL,10,11,2025
2025-08-19,CLE,ARI,5,6,2025
2025-08-20,NYA,TBA,6,4,2025
2025-08-20,ATH,MIN,4,2,2025
2025-08-20,TEX,KCA,6,3,2025
2025-08-20,CIN,ANA,1,2,2025
2025-08-20,NYN,WAS,4,5,2025
2025-08-20,SFN,SDN,1,8,2025
2025-08-20,HOU,DET,2,7,2025
2025-08-20,SEA,PHI,2,11,2025
2025-08-20,SLN,MIA,2,6,2025
2025-08-20,LAN,COL,3,8,2025
2025-08-20,TOR,PIT,1,2,2025
2025-08-20,MIL,CHN,3,4,2025
2025-08-20,CHA,ATL,0,1,2025
2025-08-20,CLE,ARI,2,3,2025
2025-08-21,SLN,TBA,7,4,2025
2025-08-21,BOS,NYA,6,3,2025
2025-08-21,ATH,MIN,8,3,2025
2025-08-21,TEX,KCA,4,6,2025
2025-08-21,HOU,BAL,7,2,2025
2025-08-21,NYN,WAS,3,9,2025
2025-08-21,SFN,SDN,4,8,2025
2025-08-21,LAN,COL,9,5,2025
2025-08-21,MIL,CHN,4,1,2025
2025-08-22,SLN,TBA,6,10,2025
2025-08-22,ATH,SEA,2,3,2025
2025-08-22,CLE,TEX,3,4,2025
2025-08-22,BOS,NYA,1,0,2025
2025-08-22,KCA,DET,5,7,2025
2025-08-22,MIN,CHA,9,7,2025
2025-08-22,HOU,BAL,10,7,2025
2025-08-22,TOR,MIA,5,2,2025
2025-08-22,LAN,SDN,1,2,2025
2025-08-22,COL,PIT,0,9,2025
2025-08-22,WAS,PHI,5,4,2025
2025-08-22,SFN,MIL,4,5,2025
2025-08-22,NYN,ATL,12,7,2025
2025-08-22,CIN,ARI,5,6,2025
2025-08-22,CHN,ANA,3,2,2025
2025-08-23,HOU,BAL,9,8,2025
2025-08-23,ATH,SEA,2,1,2025
2025-08-23,BOS,NYA,12,1,2025
2025-08-23,KCA,DET,2,4,2025
2025-08-23,MIN,CHA,3,7,2025
2025-08-23,CHN,ANA,12,1,2025
2025-08-23,CLE,TEX,0,10,2025
2025-08-23,COL,PIT,1,5,2025
2025-08-23,WAS,PHI,4,6,2025
2025-08-23,SFN,MIL,7,1,2025
2025-08-23,TOR,MIA,7,6,2025
2025-08-23,NYN,ATL,9,2,2025
2025-08-23,CIN,ARI,1,10,2025
2025-08-23,LAN,SDN,1,5,2025
2025-08-24,CLE,TEX,0,5,2025
2025-08-24,ATH,SEA,4,11,2025
2025-08-24,BOS,NYA,2,7,2025
2025-08-24,KCA,DET,10,8,2025
2025-08-24,MIN,CHA,0,8,2025
2025-08-24,HOU,BAL,2,3,2025
2025-08-24,CHN,ANA,4,3,2025
2025-08-24,SLN,TBA,2,7,2025
2025-08-24,COL,PIT,0,4,2025
2025-08-24,WAS,PHI,2,3,2025
2025-08-24,SFN,MIL,4,3,2025
2025-08-24,TOR,MIA,3,5,2025
2025-08-24,NYN,ATL,3,4,2025
2025-08-24,CIN,ARI,6,1,2025
2025-08-24,LAN,SDN,8,2,2025
2025-08-25,MIN,TOR,4,10,2025
2025-08-25,ANA,TEX,4,0,2025
2025-08-25,SDN,SEA,6,9,2025
2025-08-25,WAS,NYA,5,10,2025
2025-08-25,TBA,CLE,9,0,2025
2025-08-25,KCA,CHA,0,7,2025
2025-08-25,BOS,BAL,4,3,2025
2025-08-25,PIT,SLN,6,7,2025
2025-08-25,PHI,NYN,3,13,2025
2025-08-25,ARI,MIL,5,7,2025
2025-08-25,ATL,MIA,1,2,2025
2025-08-25,CIN,LAN,0,7,2025
2025-08-25,DET,ATH,3,8,2025
2025-08-26,TBA,CLE,0,3,2025
2025-08-26,ANA,TEX,3,7,2025
2025-08-26,SDN,SEA,7,6,2025
2025-08-26,WAS,NYA,1,5,2025
2025-08-26,COL,HOU,6,1,2025
2025-08-26,MIN,TOR,7,5,2025
2025-08-26,KCA,CHA,5,4,2025
2025-08-26,CHN,SFN,2,5,2025
2025-08-26,DET,ATH,6,7,2025
2025-08-26,PIT,SLN,8,3,2025
2025-08-26,PHI,NYN,5,6,2025
2025-08-26,ARI,MIL,8,9,2025
2025-08-26,ATL,MIA,11,2,2025
2025-08-26,CIN,LAN,3,6,2025
2025-08-26,BOS,BAL,5,0,2025
2025-08-27,MIN,TOR,8,9,2025
2025-08-27,ANA,TEX,3,20,2025
2025-08-27,SDN,SEA,3,4,2025
2025-08-27,COL,HOU,0,4,2025
2025-08-27,TBA,CLE,3,4,2025
2025-08-27,KCA,CHA,12,1,2025
2025-08-27,BOS,BAL,3,2,2025
2025-08-27,WAS,NYA,2,11,2025
2025-08-27,PIT,SLN,2,1,2025
2025-08-27,CHN,SFN,3,12,2025
2025-08-27,PHI,NYN,0,6,2025
2025-08-27,ARI,MIL,3,2,2025
2025-08-27,ATL,MIA,12,1,2025
2025-08-27,CIN,LAN,1,5,2025
2025-08-27,DET,ATH,0,7,2025
2025-08-28,COL,HOU,3,4,2025
2025-08-28,NYA,CHA,10,4,2025
2025-08-28,BOS,BAL,3,2,2025
2025-08-28,PIT,SLN,1,4,2025
2025-08-28,CHN,SFN,3,4,2025
2025-08-28,MIA,NYN,7,4,2025
2025-08-28,ARI,MIL,6,4,2025
2025-08-28,ATL,PHI,4,19,2025
2025-08-29,NYA,CHA,10,2,2025
2025-08-29,MIL,TOR,7,2,2025
2025-08-29,SDN,MIN,4,7,2025
2025-08-29,DET,KCA,5,3,2025
2025-08-29,ANA,HOU,0,2,2025
2025-08-29,SEA,CLE,4,5,2025
2025-08-29,PIT,BOS,4,2,2025
2025-08-29,CHN,COL,11,7,2025
2025-08-29,TBA,WAS,4,1,2025
2025-08-29,BAL,SFN,8,15,2025
2025-08-29,ATL,PHI,1,2,2025
2025-08-29,MIA,NYN,9,19,2025
2025-08-29,ARI,LAN,3,0,2025
2025-08-29,TEX,ATH,5,2,2025
2025-08-29,SLN,CIN,7,5,2025
2025-08-30,MIL,TOR,4,1,2025
2025-08-30,SDN,MIN,12,3,2025
2025-08-30,DET,KCA,1,3,2025
2025-08-30,ANA,HOU,4,1,2025
2025-08-30,SEA,CLE,3,4,2025
2025-08-30,NYA,CHA,5,3,2025
2025-08-30,PIT,BOS,10,3,2025
2025-08-30,TEX,ATH,9,3,2025
2025-08-30,TBA,WAS,4,1,2025
2025-08-30,BAL,SFN,11,1,2025
2025-08-30,ATL,PHI,2,3,2025
2025-08-30,MIA,NYN,11,8,2025
2025-08-30,ARI,LAN,6,1,2025
2025-08-30,CHN,COL,4,3,2025
2025-08-30,SLN,CIN,4,2,2025
2025-08-31,MIL,TOR,4,8,2025
2025-08-31,DET,KCA,5,0,2025
2025-08-31,ANA,HOU,3,0,2025
2025-08-31,SEA,CLE,4,2,2025
2025-08-31,NYA,CHA,2,3,2025
2025-08-31,PIT,BOS,2,5,2025
2025-08-31,TEX,ATH,9,6,2025
2025-08-31,SDN,MIN,2,7,2025
2025-08-31,BAL,SFN,2,13,2025
2025-08-31,ATL,PHI,3,1,2025
2025-08-31,MIA,NYN,5,1,2025
2025-08-31,ARI,LAN,4,5,2025
2025-08-31,CHN,COL,5,6,2025
2025-08-31,TBA,WAS,7,4,2025
2025-08-31,SLN,CIN,4,7,2025
2025-09-01,SEA,TBA,2,10,2025
2025-09-01,CHA,MIN,6,5,2025
2025-09-01,ANA,HOU,3,8,2025
2025-09-01,NYN,DET,10,8,2025
2025-09-01,CLE,BOS,4,6,2025
2025-09-01,MIA,WAS,0,2,2025
2025-09-01,ATH,SLN,11,3,2025
2025-09-01,BAL,SDN,4,3,2025
2025-09-01,PHI,MIL,10,8,2025
2025-09-01,SFN,COL,8,2,2025
2025-09-01,TOR,CIN,4,5,2025
2025-09-01,ATL,CHN,6,7,2025
2025-09-01,TEX,ARI,7,5,2025
2025-09-02,SEA,TBA,5,6,2025
2025-09-02,CHA,MIN,12,3,2025
2025-09-02,ANA,KCA,5,1,2025
2025-09-02,NYA,HOU,7,1,2025
2025-09-02,NYN,DET,12,5,2025
2025-09-02,CLE,BOS,7,11,2025
2025-09-02,MIA,WAS,2,5,2025
2025-09-02,TEX,ARI,3,5,2025
2025-09-02,BAL,SDN,6,2,2025
2025-09-02,LAN,PIT,7,9,2025
2025-09-02,SFN,COL,7,4,2025
2025-09-02,TOR,CIN,12,9,2025
2025-09-02,ATL,CHN,3,4,2025
2025-09-02,ATH,SLN,1,2,2025
2025-09-03,CLE,BOS,8,1,2025
2025-09-03,CHA,MIN,4,3,2025
2025-09-03,ANA,KCA,4,3,2025
2025-09-03,NYA,HOU,7,8,2025
2025-09-03,SEA,TBA,4,9,2025
2025-09-03,NYN,DET,2,6,2025
2025-09-03,MIA,WAS,5,10,2025
2025-09-03,SFN,COL,10,8,2025
2025-09-03,BAL,SDN,7,5,2025
2025-09-03,LAN,PIT,0,3,2025
2025-09-03,PHI,MIL,3,6,2025
2025-09-03,TOR,CIN,13,9,2025
2025-09-03,ATL,CHN,5,1,2025
2025-09-03,TEX,ARI,0,2,2025
2025-09-03,ATH,SLN,1,5,2025
2025-09-04,CLE,TBA,2,4,2025
2025-09-04,CHA,MIN,11,8,2025
2025-09-04,ANA,KCA,3,4,2025
2025-09-04,NYA,HOU,8,4,2025
2025-09-04,LAN,PIT,3,5,2025
2025-09-04,PHI,MIL,2,0,2025
2025-09-05,HOU,TEX,3,4,2025
2025-09-05,CLE,TBA,7,1,2025
2025-09-05,TOR,NYA,7,1,2025
2025-09-05,MIN,KCA,1,2,2025
2025-09-05,CHA,DET,7,5,2025
2025-09-05,LAN,BAL,1,2,2025
2025-09-05,ATH,ANA,10,4,2025
2025-09-05,SDN,COL,0,3,2025
2025-09-05,MIL,PIT,5,2,2025
2025-09-05,PHI,MIA,9,3,2025
2025-09-05,NYN,CIN,5,4,2025
2025-09-05,WAS,CHN,5,11,2025
2025-09-05,SEA,ATL,1,4,2025
2025-09-05,BOS,ARI,5,10,2025
2025-09-05,SFN,SLN,8,2,2025
2025-09-06,LAN,BAL,3,4,2025
2025-09-06,CLE,TBA,3,2,2025
2025-09-06,TOR,NYA,1,3,2025
2025-09-06,MIN,KCA,2,11,2025
2025-09-06,HOU,TEX,11,0,2025
2025-09-06,CHA,DET,0,6,2025
2025-09-06,ATH,ANA,17,4,2025
2025-09-06,NYN,CIN,3,6,2025
2025-09-06,MIL,PIT,4,1,2025
2025-09-06,PHI,MIA,4,2,2025
2025-09-06,SDN,COL,10,8,2025
2025-09-06,WAS,CHN,2,1,2025
2025-09-06,SEA,ATL,10,2,2025
2025-09-06,BOS,ARI,1,5,2025
2025-09-06,SFN,SLN,2,3,2025
2025-09-07,HOU,TEX,2,4,2025
2025-09-07,CLE,TBA,2,1,2025
2025-09-07,TOR,NYA,3,4,2025
2025-09-07,MIN,KCA,5,1,2025
2025-09-07,CHA,DET,6,4,2025
2025-09-07,LAN,BAL,5,2,2025
2025-09-07,ATH,ANA,3,4,2025
2025-09-07,MIL,PIT,10,2,2025
2025-09-07,PHI,MIA,4,5,2025
2025-09-07,SDN,COL,8,1,2025
2025-09-07,NYN,CIN,2,3,2025
2025-09-07,WAS,CHN,6,3,2025
2025-09-07,SEA,ATL,18,2,2025
2025-09-07,BOS,ARI,7,4,2025
2025-09-07,SFN,SLN,3,4,2025
2025-09-08,BOS,ATH,7,0,2025
2025-09-08,SLN,SEA,2,4,2025
2025-09-08,MIL,TEX,0,5,2025
2025-09-08,KCA,CLE,2,10,2025
2025-09-08,MIN,ANA,12,3,2025
2025-09-08,COL,LAN,1,3,2025
2025-09-08,CIN,SDN,3,4,2025
2025-09-08,NYN,PHI,0,1,2025
2025-09-08,WAS,MIA,15,7,2025
2025-09-08,CHN,ATL,1,4,2025
2025-09-08,ARI,SFN,5,11,2025
2025-09-09,HOU,TOR,3,4,2025
2025-09-09,MIL,TEX,4,5,2025
2025-09-09,SLN,SEA,3,5,2025
2025-09-09,DET,NYA,12,2,2025
2025-09-09,KCA,CLE,0,2,2025
2025-09-09,TBA,CHA,5,4,2025
2025-09-09,BOS,ATH,6,0,2025
2025-09-09,PIT,BAL,2,3,2025
2025-09-09,ARI,SFN,3,5,2025
2025-09-09,CIN,SDN,4,2,2025
2025-09-09,NYN,PHI,3,9,2025
2025-09-09,WAS,MIA,7,5,2025
2025-09-09,COL,LAN,2,7,2025
2025-09-09,CHN,ATL,6,1,2025
2025-09-09,MIN,ANA,2,12,2025
2025-09-10,PIT,BAL,1,2,2025
2025-09-10,HOU,TOR,3,2,2025
2025-09-10,MIL,TEX,3,6,2025
2025-09-10,DET,NYA,11,1,2025
2025-09-10,KCA,CLE,4,3,2025
2025-09-10,TBA,CHA,5,6,2025
2025-09-10,BOS,ATH,4,5,2025
2025-09-10,SLN,SEA,2,4,2025
2025-09-10,ARI,SFN,5,3,2025
2025-09-10,CIN,SDN,2,1,2025
2025-09-10,NYN,PHI,3,11,2025
2025-09-10,WAS,MIA,3,8,2025
2025-09-10,MIN,ANA,3,4,2025
2025-09-10,COL,LAN,0,9,2025
2025-09-10,CHN,ATL,3,2,2025
2025-09-11,HOU,TOR,0,6,2025
2025-09-11,ANA,SEA,6,7,2025
2025-09-11,DET,NYA,3,9,2025
2025-09-11,KCA,CLE,2,3,2025
2025-09-11,TBA,CHA,1,5,2025
2025-09-11,PIT,BAL,2,3,2025
2025-09-11,COL,SDN,0,2,2025
2025-09-11,NYN,PHI,4,6,2025
2025-09-11,WAS,MIA,0,5,2025
2025-09-12,ANA,SEA,1,2,2025
2025-09-12,ARI,MIN,8,9,2025
2025-09-12,BAL,TOR,1,6,2025
2025-09-12,CHA,CLE,0,4,2025
2025-09-12,NYA,BOS,4,1,2025
2025-09-12,CIN,ATH,0,3,2025
2025-09-12,PIT,WAS,5,6,2025
2025-09-12,DET,MIA,2,8,2025
2025-09-12,COL,SDN,4,2,2025
2025-09-12,KCA,PHI,2,8,2025
2025-09-12,TEX,NYN,8,3,2025
2025-09-12,SLN,MIL,2,8,2025
2025-09-12,TBA,CHN,4,6,2025
2025-09-12,HOU,ATL,11,3,2025
2025-09-12,LAN,SFN,1,5,2025
2025-09-13,CIN,ATH,5,11,2025
2025-09-13,BAL,TOR,4,5,2025
2025-09-13,ANA,SEA,3,5,2025
2025-09-13,ARI,MIN,5,2,2025
2025-09-13,CHA,CLE,1,3,2025
2025-09-13,NYA,BOS,5,3,2025
2025-09-13,PIT,WAS,5,1,2025
2025-09-13,LAN,SFN,13,7,2025
2025-09-13,COL,SDN,3,11,2025
2025-09-13,KCA,PHI,6,8,2025
2025-09-13,TEX,NYN,3,2,2025
2025-09-13,SLN,MIL,8,9,2025
2025-09-13,DET,MIA,4,6,2025
2025-09-13,TBA,CHN,5,4,2025
2025-09-13,HOU,ATL,6,2,2025
2025-09-14,BAL,TOR,2,11,2025
2025-09-14,ANA,SEA,2,11,2025
2025-09-14,CHA,CLE,2,3,2025
2025-09-14,NYA,BOS,4,6,2025
2025-09-14,CIN,ATH,4,7,2025
2025-09-14,PIT,WAS,3,4,2025
2025-09-14,LAN,SFN,10,2,2025
2025-09-14,ARI,MIN,6,4,2025
2025-09-14,KCA,PHI,10,3,2025
2025-09-14,TEX,NYN,2,5,2025
2025-09-14,SLN,MIL,3,2,2025
2025-09-14,DET,MIA,2,0,2025
2025-09-14,TBA,CHN,3,4,2025
2025-09-14,HOU,ATL,3,8,2025
2025-09-14,COL,SDN,6,9,2025
2025-09-15,TOR,TBA,2,1,2025
2025-09-15,NYA,MIN,0,7,2025
2025-09-15,TEX,HOU,3,6,2025
2025-09-15,BAL,CHA,4,1,2025
2025-09-15,ATL,WAS,11,3,2025
2025-09-15,CHN,PIT,4,0,2025
2025-09-15,PHI,LAN,6,5,2025
2025-09-15,SFN,ARI,1,8,2025
2025-09-15,CIN,SLN,11,6,2025
2025-09-16,ATH,BOS,2,1,2025
2025-09-16,TOR,TBA,6,5,2025
2025-09-16,NYA,MIN,10,9,2025
2025-09-16,SEA,KCA,12,5,2025
2025-09-16,TEX,HOU,5,6,2025
2025-09-16,CLE,DET,7,5,2025
2025-09-16,BAL,CHA,8,7,2025
2025-09-16,ATL,WAS,5,0,2025
2025-09-16,MIA,COL,6,5,2025
2025-09-16,CIN,SLN,0,3,2025
2025-09-16,CHN,PIT,4,1,2025
2025-09-16,SDN,NYN,3,8,2025
2025-09-16,ANA,MIL,2,9,2025
2025-09-16,PHI,LAN,9,6,2025
2025-09-16,SFN,ARI,5,6,2025
2025-09-16,ATL,WAS,6,3,2025
2025-09-17,TOR,TBA,1,2,2025
2025-09-17,NYA,MIN,10,5,2025
2025-09-17,SEA,KCA,5,7,2025
2025-09-17,TEX,HOU,2,5,2025
2025-09-17,CLE,DET,4,0,2025
2025-09-17,BAL,CHA,3,1,2025
2025-09-17,ATH,BOS,4,5,2025
2025-09-17,CHN,PIT,8,4,2025
2025-09-17,CIN,SLN,6,2,2025
2025-09-17,SDN,NYN,7,4,2025
2025-09-17,ANA,MIL,2,9,2025
2025-09-17,PHI,LAN,0,5,2025
2025-09-17,MIA,COL,8,4,2025
2025-09-17,SFN,ARI,5,1,2025
2025-09-17,ATL,WAS,9,4,2025
2025-09-18,ATH,BOS,5,3,2025
2025-09-18,TOR,TBA,0,4,2025
2025-09-18,CLE,DET,3,1,2025
2025-09-18,NYA,BAL,7,0,2025
2025-09-18,SEA,KCA,2,0,2025
2025-09-18,ANA,MIL,2,5,2025
2025-09-18,SFN,LAN,1,2,2025
2025-09-18,MIA,COL,9,7,2025
2025-09-18,CHN,CIN,0,1,2025
2025-09-18,SDN,NYN,1,6,2025
2025-09-19,MIA,TEX,6,4,2025
2025-09-19,BOS,TBA,11,7,2025
2025-09-19,CLE,MIN,6,2,2025
2025-09-19,TOR,KCA,1,20,2025
2025-09-19,SEA,HOU,4,0,2025
2025-09-19,ATL,DET,10,1,2025
2025-09-19,NYA,BAL,2,4,2025
2025-09-19,SDN,CHA,3,4,2025
2025-09-19,ATH,PIT,4,3,2025
2025-09-19,WAS,NYN,6,12,2025
2025-09-19,SFN,LAN,3,6,2025
2025-09-19,ANA,COL,6,7,2025
2025-09-19,CHN,CIN,4,7,2025
2025-09-19,PHI,ARI,8,2,2025
2025-09-19,MIL,SLN,1,7,2025
2025-09-20,ATL,DET,6,5,2025
2025-09-20,MIA,TEX,4,3,2025
2025-09-20,BOS,TBA,6,3,2025
2025-09-20,CLE,MIN,8,0,2025
2025-09-20,CLE,MIN,6,0,2025
2025-09-20,TOR,KCA,1,2,2025
2025-09-20,SEA,HOU,6,4,2025
2025-09-20,SDN,CHA,7,3,2025
2025-09-20,CHN,CIN,3,6,2025
2025-09-20,MIL,SLN,3,2,2025
2025-09-20,ATH,PIT,0,2,2025
2025-09-20,WAS,NYN,5,3,2025
2025-09-20,SFN,LAN,5,7,2025
2025-09-20,ANA,COL,3,0,2025
2025-09-20,PHI,ARI,3,4,2025
2025-09-20,NYA,BAL,6,1,2025
2025-09-21,ATL,DET,6,2,2025
2025-09-21,MIA,TEX,4,2,2025
2025-09-21,BOS,TBA,3,7,2025
2025-09-21,CLE,MIN,2,6,2025
2025-09-21,TOR,KCA,8,5,2025
2025-09-21,SEA,HOU,7,3,2025
2025-09-21,SDN,CHA,3,2,2025
2025-09-21,CHN,CIN,0,1,2025
2025-09-21,MIL,SLN,1,5,2025
2025-09-21,ATH,PIT,0,11,2025
2025-09-21,WAS,NYN,3,2,2025
2025-09-21,SFN,LAN,3,1,2025
2025-09-21,ANA,COL,1,3,2025
2025-09-21,PHI,ARI,2,9,2025
2025-09-21,NYA,BAL,7,1,2025
2025-09-22,SLN,SFN,6,5,2025
2025-09-22,MIL,SDN,4,5,2025
2025-09-22,WAS,ATL,5,11,2025
2025-09-23,BOS,TOR,4,1,2025
2025-09-23,MIN,TEX,4,1,2025
2025-09-23,COL,SEA,3,4,2025
2025-09-23,CHA,NYA,2,3,2025
2025-09-23,DET,CLE,2,5,2025
2025-09-23,TBA,BAL,0,6,2025
2025-09-23,HOU,ATH,1,5,2025
2025-09-23,MIL,SDN,0,7,2025
2025-09-23,SLN,SFN,9,8,2025
2025-09-23,MIA,PHI,6,5,2025
2025-09-23,PIT,CIN,4,2,2025
2025-09-23,NYN,CHN,9,7,2025
2025-09-23,WAS,ATL,2,3,2025
2025-09-23,LAN,ARI,4,5,2025
2025-09-23,KCA,ANA,8,4,2025
2025-09-24,TBA,BAL,6,2,2025
2025-09-24,MIN,TEX,2,4,2025
2025-09-24,BOS,TOR,7,1,2025
2025-09-24,COL,SEA,2,9,2025
2025-09-24,CHA,NYA,1,8,2025
2025-09-24,DET,CLE,1,5,2025
2025-09-24,HOU,ATH,0,6,2025
2025-09-24,WAS,ATL,4,3,2025
2025-09-24,SLN,SFN,3,4,2025
2025-09-24,MIL,SDN,3,1,2025
2025-09-24,MIA,PHI,1,11,2025
2025-09-24,PIT,CIN,4,3,2025
2025-09-24,NYN,CHN,3,10,2025
2025-09-24,LAN,ARI,5,4,2025
2025-09-24,KCA,ANA,2,3,2025
2025-09-25,BOS,TOR,1,6,2025
2025-09-25,MIN,TEX,4,0,2025
2025-09-25,COL,SEA,2,6,2025
2025-09-25,CHA,NYA,3,5,2025
2025-09-25,DET,CLE,4,2,2025
2025-09-25,TBA,BAL,5,6,2025
2025-09-25,HOU,ATH,11,5,2025
2025-09-25,KCA,ANA,9,4,2025
2025-09-25,MIA,PHI,0,1,2025
2025-09-25,PIT,CIN,1,2,2025
2025-09-25,NYN,CHN,8,5,2025
2025-09-25,LAN,ARI,8,0,2025
2025-09-26,LAN,SEA,3,2,2025
2025-09-26,TBA,TOR,2,4,2025
2025-09-26,TEX,CLE,7,3,2025
2025-09-26,DET,BOS,3,4,2025
2025-09-26,KCA,ATH,3,4,2025
2025-09-26,HOU,ANA,3,4,2025
2025-09-26,CHA,WAS,10,9,2025
2025-09-26,BAL,NYA,4,8,2025
2025-09-26,ARI,SDN,4,7,2025
2025-09-26,MIN,PHI,1,3,2025
2025-09-26,CIN,MIL,3,1,2025
2025-09-26,NYN,MIA,2,6,2025
2025-09-26,SLN,CHN,1,12,2025
2025-09-26,PIT,ATL,9,3,2025
2025-09-26,COL,SFN,3,6,2025
2025-09-27,TBA,TOR,1,5,2025
2025-09-27,LAN,SEA,5,3,2025
2025-09-27,BAL,NYA,1,6,2025
2025-09-27,DET,BOS,2,1,2025
2025-09-27,KCA,ATH,4,2,2025
2025-09-27,HOU,ANA,6,1,2025
2025-09-27,CHA,WAS,5,6,2025
2025-09-27,TEX,CLE,2,3,2025
2025-09-27,ARI,SDN,1,5,2025
2025-09-27,MIN,PHI,5,0,2025
2025-09-27,CIN,MIL,7,4,2025
2025-09-27,NYN,MIA,5,0,2025
2025-09-27,SLN,CHN,3,7,2025
2025-09-27,PIT,ATL,3,1,2025
2025-09-27,COL,SFN,3,4,2025
2025-09-28,BAL,NYA,2,3,2025
2025-09-28,TEX,CLE,8,9,2025
2025-09-28,DET,BOS,3,4,2025
2025-09-28,KCA,ATH,9,2,2025
2025-09-28,HOU,ANA,6,2,2025
2025-09-28,CHA,WAS,8,0,2025
2025-09-28,CIN,MIL,2,4,2025
2025-09-28,ARI,SDN,4,12,2025
2025-09-28,MIN,PHI,1,2,2025
2025-09-28,NYN,MIA,0,4,2025
2025-09-28,SLN,CHN,0,2,2025
2025-09-28,PIT,ATL,1,4,2025
2025-09-28,LAN,SEA,6,1,2025
2025-09-28,COL,SFN,0,4,2025
2025-09-28,TBA,TOR,4,13,2025
